playerId,sweaterNumber,name,position,pim,goalsAgainst,toi,team,opponent,gameDate,gameTime,gameId,start,shutout,win,saves,shots,evSaves,evShots,ppSaves,ppShots,gamesPlayed,fantasyPoints,decisionType
8477992,31,J. Johansson,G,0,3,3600,TBL,NSH,2023-10-10,Tuesday 05:30 PM,2023020001,1,0,4,28,31,21,23,6,7,1,3.6000000000000005,W
8477465,35,T. Jarry,G,0,3,3450,PIT,CHI,2023-10-10,Tuesday 08:00 PM,2023020002,1,0,0,32,35,26,29,5,5,1,0.40000000000000036,L
8478499,33,A. Hill,G,0,1,3600,VGK,SEA,2023-10-10,Tuesday 10:30 PM,2023020003,1,0,4,32,33,22,23,10,10,1,8.4,W
8475883,31,F. Andersen,G,0,3,3600,CAR,OTT,2023-10-11,Wednesday 07:00 PM,2023020004,1,0,4,27,30,17,19,6,6,1,3.4000000000000004,W
8478492,35,I. Samsonov,G,0,5,3726,TOR,MTL,2023-10-11,Wednesday 07:00 PM,2023020005,1,0,4,19,24,16,20,3,4,1,-2.1999999999999997,W
8476999,35,L. Ullmark,G,0,1,3593,BOS,CHI,2023-10-11,Wednesday 07:30 PM,2023020006,1,0,4,20,21,17,18,0,0,1,6.0,W
8474593,25,J. Markstrom,G,0,3,3584,CGY,WPG,2023-10-11,Wednesday 10:00 PM,2023020007,1,0,4,34,37,20,23,14,14,1,4.800000000000001,W
8475660,39,C. Talbot,G,0,4,3579,LAK,COL,2023-10-11,Wednesday 10:00 PM,2023020008,1,0,0,32,36,25,28,6,7,1,-1.5999999999999996,L
8479193,29,C. DeSmith,G,0,0,706,VAN,EDM,2023-10-11,Wednesday 10:00 PM,2023020009,0,0,0,5,5,3,3,1,1,1,1.0,L
8477967,35,T. Demko,G,0,1,2885,VAN,EDM,2023-10-11,Wednesday 10:00 PM,2023020009,1,0,4,21,22,16,16,5,6,1,6.2,W
8482221,27,D. Levi,G,0,4,3534,BUF,NYR,2023-10-12,Thursday 07:00 PM,2023020010,1,0,0,26,30,23,25,3,4,1,-2.8,L
8478007,90,E. Merzlikins,G,0,2,3481,CBJ,PHI,2023-10-12,Thursday 07:00 PM,2023020011,1,0,0,33,35,25,27,3,3,1,2.6000000000000005,L
8477970,41,V. Vanecek,G,0,3,3598,NJD,DET,2023-10-12,Thursday 07:30 PM,2023020012,1,0,4,32,35,25,26,4,6,1,4.4,W
8479979,29,J. Oettinger,G,0,1,3900,DAL,STL,2023-10-12,Thursday 08:00 PM,2023020013,1,0,4,23,24,20,21,0,0,1,6.6000000000000005,W
8479406,32,F. Gustavsson,G,0,0,3600,MIN,FLA,2023-10-12,Thursday 08:00 PM,2023020014,1,1,4,41,41,33,33,7,7,1,15.200000000000001,W
8477424,74,J. Saros,G,0,0,3576,NSH,SEA,2023-10-12,Thursday 08:00 PM,2023020015,1,1,4,23,23,21,21,2,2,1,11.600000000000001,W
8478039,36,K. Kahkonen,G,0,4,3600,SJS,VGK,2023-10-12,Thursday 10:30 PM,2023020016,1,0,0,28,32,24,28,1,1,1,-2.3999999999999995,L
8481033,40,A. Schmid,G,0,3,3900,NJD,ARI,2023-10-13,Friday 07:00 PM,2023020017,1,0,1,30,33,23,24,6,8,1,1.0,OTL
8479292,79,C. Lindgren,G,0,4,3596,WSH,PIT,2023-10-13,Friday 07:30 PM,2023020018,1,0,0,31,35,28,30,3,5,1,-1.7999999999999998,L
8476341,31,A. Forsberg,G,0,2,3584,OTT,PHI,2023-10-14,Saturday 01:00 PM,2023020019,1,0,4,19,21,13,14,5,6,1,3.8000000000000003,W
8476945,37,C. Hellebuyck,G,0,4,3592,WPG,FLA,2023-10-14,Saturday 04:00 PM,2023020020,1,0,4,29,33,16,19,12,13,1,1.8000000000000007,W
8480280,1,J. Swayman,G,0,2,3541,BOS,NSH,2023-10-14,Saturday 07:00 PM,2023020021,1,0,4,34,36,18,20,13,13,1,6.800000000000001,W
8477484,30,S. Martin,G,0,2,1200,CBJ,NYR,2023-10-14,Saturday 07:00 PM,2023020022,0,0,0,15,17,12,13,3,4,1,-1.0,L
8478007,90,E. Merzlikins,G,0,1,2394,CBJ,NYR,2023-10-14,Saturday 07:00 PM,2023020022,1,0,4,24,25,23,24,1,1,1,6.800000000000001,W
8478024,35,V. Husso,G,0,4,3600,DET,TBL,2023-10-14,Saturday 07:00 PM,2023020023,1,0,4,21,25,20,23,1,2,1,0.20000000000000018,W
8478470,35,S. Montembeault,G,0,2,3600,MTL,CHI,2023-10-14,Saturday 07:00 PM,2023020024,1,0,4,28,30,14,16,14,14,1,5.6000000000000005,W
8477968,39,A. Nedeljkovic,G,0,2,3582,PIT,CGY,2023-10-14,Saturday 07:00 PM,2023020025,1,0,4,34,36,31,32,3,4,1,6.800000000000001,W
8478492,35,I. Samsonov,G,0,4,3600,TOR,MIN,2023-10-14,Saturday 07:00 PM,2023020026,1,0,4,28,32,26,30,2,2,1,1.6000000000000005,W
8478009,30,I. Sorokin,G,0,2,3591,NYI,BUF,2023-10-14,Saturday 07:30 PM,2023020027,1,0,4,26,28,25,27,1,1,1,5.2,W
8476412,50,J. Binnington,G,0,1,3900,STL,SEA,2023-10-14,Saturday 08:00 PM,2023020028,1,0,4,30,31,28,28,1,2,1,8.0,W
8479973,74,S. Skinner,G,0,4,3458,EDM,VAN,2023-10-14,Saturday 10:00 PM,2023020029,1,0,0,12,16,11,14,1,2,1,-5.6,L
8478406,29,M. Blackwood,G,0,1,3900,SJS,COL,2023-10-14,Saturday 10:00 PM,2023020030,1,0,1,51,52,40,41,9,9,1,9.200000000000001,OTL
8478499,33,A. Hill,G,0,1,3543,VGK,ANA,2023-10-14,Saturday 10:00 PM,2023020031,1,0,4,22,23,18,19,4,4,1,6.4,W
8477831,29,P. Copley,G,0,5,3864,LAK,CAR,2023-10-14,Saturday 10:30 PM,2023020032,1,0,1,14,19,10,13,3,3,1,-6.199999999999999,OTL
8476914,70,J. Korpisalo,G,0,2,3574,OTT,TBL,2023-10-15,Sunday 07:00 PM,2023020033,1,0,4,22,24,19,21,3,3,1,4.4,W
8480843,1,L. Dostal,G,0,3,3579,ANA,CAR,2023-10-15,Sunday 08:30 PM,2023020034,1,0,4,32,35,24,25,8,10,1,4.4,W
8477484,30,S. Martin,G,0,4,3556,CBJ,DET,2023-10-16,Monday 07:00 PM,2023020035,1,0,0,24,28,18,20,4,6,1,-3.1999999999999993,L
8477970,41,V. Vanecek,G,0,4,3360,NJD,FLA,2023-10-16,Monday 07:00 PM,2023020036,1,0,0,26,30,21,24,4,5,1,-2.8,L
8478048,31,I. Shesterkin,G,2,1,3595,NYR,ARI,2023-10-16,Monday 07:00 PM,2023020037,1,0,4,26,27,19,19,7,8,1,7.2,W
8479361,60,J. Woll,G,0,3,3373,TOR,CHI,2023-10-16,Monday 07:00 PM,2023020038,1,0,0,27,30,24,26,3,4,1,-0.5999999999999996,L
8475311,35,D. Kuemper,G,0,2,3900,WSH,CGY,2023-10-16,Monday 07:00 PM,2023020039,1,0,4,38,40,31,32,6,7,1,7.6000000000000005,W
8482221,27,D. Levi,G,0,2,3706,BUF,TBL,2023-10-17,Tuesday 07:30 PM,2023020040,1,0,4,23,25,20,22,3,3,1,4.6000000000000005,W
8478470,35,S. Montembeault,G,0,5,3496,MTL,MIN,2023-10-17,Tuesday 07:00 PM,2023020041,1,0,0,30,35,15,15,13,16,1,-4.0,L
8479394,79,C. Hart,G,0,0,3583,PHI,VAN,2023-10-17,Tuesday 06:00 PM,2023020042,1,1,4,26,26,21,21,2,2,1,12.2,W
8478009,30,I. Sorokin,G,0,0,3589,NYI,ARI,2023-10-17,Tuesday 07:30 PM,2023020043,1,1,4,14,14,14,14,0,0,1,9.8,W
8480947,32,K. Lankinen,G,0,2,2400,NSH,EDM,2023-10-17,Tuesday 08:00 PM,2023020044,0,0,0,17,19,12,13,4,5,1,-0.5999999999999996,L
8477424,74,J. Saros,G,0,4,1132,NSH,EDM,2023-10-17,Tuesday 08:00 PM,2023020044,1,0,0,7,11,6,9,1,2,1,-6.6,L
8476945,37,C. Hellebuyck,G,0,5,3595,WPG,LAK,2023-10-17,Tuesday 08:00 PM,2023020045,1,0,0,24,29,21,25,1,2,1,-5.199999999999999,L
8475831,31,P. Grubauer,G,0,3,3579,SEA,COL,2023-10-17,Tuesday 10:00 PM,2023020046,1,0,0,24,27,22,24,1,1,1,-1.1999999999999993,L
8478406,29,M. Blackwood,G,0,6,3600,SJS,CAR,2023-10-17,Tuesday 10:30 PM,2023020047,1,0,0,36,42,21,23,8,11,1,-4.8,L
8478499,33,A. Hill,G,0,2,3854,VGK,DAL,2023-10-17,Tuesday 10:30 PM,2023020048,1,0,4,24,26,21,23,2,2,1,4.800000000000001,W
8476341,31,A. Forsberg,G,0,1,3600,OTT,WSH,2023-10-18,Wednesday 07:00 PM,2023020049,1,0,4,23,24,18,19,4,4,1,6.6000000000000005,W
8478024,35,V. Husso,G,0,3,3600,DET,PIT,2023-10-18,Wednesday 07:30 PM,2023020050,1,0,4,30,33,23,26,6,6,1,4.0,W
8482221,27,D. Levi,G,0,4,3538,BUF,CGY,2023-10-19,Thursday 07:00 PM,2023020051,1,0,0,32,36,23,27,8,8,1,-1.5999999999999996,L
8475683,72,S. Bobrovsky,G,0,1,3600,FLA,TOR,2023-10-19,Thursday 07:00 PM,2023020052,1,0,4,29,30,20,20,5,6,1,7.800000000000001,W
8478048,31,I. Shesterkin,G,0,4,2031,NYR,NSH,2023-10-19,Thursday 07:00 PM,2023020053,1,0,0,14,18,13,15,1,3,1,-5.199999999999999,L
8471734,32,J. Quick,G,0,0,1567,NYR,NSH,2023-10-19,Thursday 07:00 PM,2023020053,0,0,0,9,9,9,9,0,0,1,1.8,L
8479394,79,C. Hart,G,0,1,3600,PHI,EDM,2023-10-19,Thursday 07:30 PM,2023020054,1,0,4,22,23,17,18,4,4,1,6.4,W
8477992,31,J. Johansson,G,0,3,3600,TBL,VAN,2023-10-19,Thursday 07:00 PM,2023020055,1,0,4,26,29,24,27,1,1,1,3.2,W
8470594,29,M. Fleury,G,0,5,3511,MIN,LAK,2023-10-19,Thursday 08:00 PM,2023020056,1,0,0,20,25,19,24,0,0,1,-6.0,L
8480981,30,J. Hofer,G,0,6,3589,STL,ARI,2023-10-19,Thursday 08:00 PM,2023020057,1,0,0,36,42,31,34,3,6,1,-4.8,L
8476316,39,L. Brossoit,G,0,4,3564,WPG,VGK,2023-10-19,Thursday 08:00 PM,2023020058,1,0,0,22,26,20,22,2,4,1,-3.5999999999999996,L
8476434,36,J. Gibson,G,0,3,3467,ANA,DAL,2023-10-19,Thursday 10:00 PM,2023020059,1,0,0,21,24,20,21,0,2,1,-1.7999999999999998,L
8478916,35,J. Daccord,G,0,4,3587,SEA,CAR,2023-10-19,Thursday 10:00 PM,2023020060,1,0,4,32,36,29,32,3,4,1,2.4000000000000004,W
8480382,40,A. Georgiev,G,0,0,3600,COL,CHI,2023-10-19,Thursday 10:30 PM,2023020061,1,1,4,18,18,15,15,2,2,1,10.6,W
8478039,36,K. Kahkonen,G,0,3,3392,SJS,BOS,2023-10-19,Thursday 10:30 PM,2023020062,1,0,0,33,36,26,29,3,3,1,0.6000000000000005,L
8477484,30,S. Martin,G,0,1,3600,CBJ,CGY,2023-10-20,Friday 07:00 PM,2023020063,1,0,4,36,37,29,29,6,6,1,9.2,W
8478009,30,I. Sorokin,G,0,5,3707,NYI,NJD,2023-10-20,Friday 07:30 PM,2023020064,1,0,1,34,39,29,30,3,7,1,-2.1999999999999993,OTL
8476914,70,J. Korpisalo,G,0,5,3576,OTT,DET,2023-10-21,Saturday 01:00 PM,2023020065,1,0,0,18,23,13,15,3,6,1,-6.4,L
8478872,70,K. Vejmelka,G,0,1,3518,ARI,ANA,2023-10-21,Saturday 04:00 PM,2023020066,1,0,4,32,33,22,22,9,10,1,8.4,W
8477480,31,E. Comrie,G,0,1,3600,BUF,NYI,2023-10-21,Saturday 07:00 PM,2023020067,1,0,4,24,25,19,20,5,5,1,6.800000000000001,W
8475683,72,S. Bobrovsky,G,0,4,3548,FLA,VAN,2023-10-21,Saturday 07:00 PM,2023020068,1,0,0,26,30,17,19,8,10,1,-2.8,L
8474596,34,J. Allen,G,0,2,3647,MTL,WSH,2023-10-21,Saturday 07:00 PM,2023020069,1,0,4,31,33,23,25,7,7,1,6.2,W
8477992,31,J. Johansson,G,0,4,3845,TBL,TOR,2023-10-21,Saturday 07:00 PM,2023020070,1,0,1,48,52,42,46,4,4,1,2.6000000000000014,OTL
8482821,40,A. Soderblom,G,0,5,3600,CHI,VGK,2023-10-21,Saturday 08:00 PM,2023020071,1,0,0,19,24,15,18,3,5,1,-6.199999999999999,L
8475809,41,S. Wedgewood,G,0,4,3733,DAL,PHI,2023-10-21,Saturday 08:00 PM,2023020072,1,0,4,36,40,32,33,3,3,1,3.2,W
8479406,32,F. Gustavsson,G,0,5,3782,MIN,CBJ,2023-10-21,Saturday 08:00 PM,2023020073,1,0,1,49,54,38,42,10,11,1,0.8000000000000007,OTL
8477424,74,J. Saros,G,0,1,3600,NSH,SJS,2023-10-21,Saturday 08:00 PM,2023020074,1,0,4,31,32,24,25,6,6,1,8.2,W
8476412,50,J. Binnington,G,0,2,3600,STL,PIT,2023-10-21,Saturday 08:00 PM,2023020075,1,0,4,31,33,28,30,3,3,1,6.2,W
8480382,40,A. Georgiev,G,0,4,3600,COL,CAR,2023-10-21,Saturday 09:00 PM,2023020076,1,0,4,23,27,17,20,6,7,1,0.6000000000000005,W
8479973,74,S. Skinner,G,0,3,3824,EDM,WPG,2023-10-21,Saturday 10:00 PM,2023020077,1,0,1,24,27,17,18,5,6,1,-0.1999999999999993,OTL
8475831,31,P. Grubauer,G,0,4,3600,SEA,NYR,2023-10-21,Saturday 10:00 PM,2023020078,1,0,0,23,27,19,23,2,2,1,-3.3999999999999995,L
8475660,39,C. Talbot,G,0,4,3483,LAK,BOS,2023-10-21,Saturday 10:30 PM,2023020079,1,0,0,21,25,17,20,2,3,1,-3.8,L
8473503,47,J. Reimer,G,2,2,3600,DET,CGY,2023-10-22,Sunday 05:00 PM,2023020080,1,0,4,29,31,24,26,4,4,1,5.800000000000001,W
8476434,36,J. Gibson,G,0,2,3515,ANA,BOS,2023-10-22,Sunday 08:30 PM,2023020081,1,0,0,23,25,12,14,10,10,1,0.6000000000000005,L
8477480,31,E. Comrie,G,0,3,3413,BUF,MTL,2023-10-23,Monday 07:00 PM,2023020082,1,0,0,24,27,15,17,6,7,1,-1.1999999999999993,L
8475311,35,D. Kuemper,G,0,4,3570,WSH,TOR,2023-10-24,Tuesday 06:00 PM,2023020083,1,0,0,13,17,10,12,3,5,1,-5.4,L
8478007,90,E. Merzlikins,G,2,3,3704,CBJ,ANA,2023-10-24,Tuesday 08:30 PM,2023020084,1,0,1,24,27,17,20,5,5,1,-0.1999999999999993,OTL
8476341,31,A. Forsberg,G,0,5,2400,OTT,BUF,2023-10-24,Tuesday 06:45 PM,2023020085,1,0,0,13,18,12,16,1,2,1,-7.4,L
8476914,70,J. Korpisalo,G,0,0,1182,OTT,BUF,2023-10-24,Tuesday 06:45 PM,2023020085,0,0,0,5,5,5,5,0,0,1,1.0,L
8477992,31,J. Johansson,G,0,0,3600,TBL,CAR,2023-10-24,Tuesday 07:00 PM,2023020086,1,1,4,32,32,25,25,6,6,1,13.4,W
8480051,30,C. Primeau,G,0,4,3468,MTL,NJD,2023-10-24,Tuesday 07:15 PM,2023020087,1,0,0,29,33,24,26,5,7,1,-2.1999999999999993,L
8477968,39,A. Nedeljkovic,G,0,4,3600,PIT,DAL,2023-10-24,Tuesday 07:30 PM,2023020088,1,0,0,30,34,25,29,5,5,1,-2.0,L
8476932,41,A. Stolarz,G,0,1,3569,FLA,SJS,2023-10-24,Tuesday 07:45 PM,2023020089,1,0,4,27,28,23,23,2,3,1,7.4,W
8478009,30,I. Sorokin,G,0,5,3527,NYI,COL,2023-10-24,Tuesday 08:00 PM,2023020090,1,0,0,32,37,25,29,6,7,1,-3.5999999999999996,L
8478024,35,V. Husso,G,0,5,3895,DET,SEA,2023-10-24,Tuesday 08:15 PM,2023020091,1,0,1,33,38,29,32,3,5,1,-2.3999999999999995,OTL
8475852,34,P. Mrazek,G,0,3,3566,CHI,BOS,2023-10-24,Tuesday 08:30 PM,2023020092,1,0,0,40,43,36,39,4,4,1,2.0,L
8476945,37,C. Hellebuyck,G,0,2,3572,WPG,STL,2023-10-24,Tuesday 08:45 PM,2023020093,1,0,4,18,20,16,17,2,3,1,3.6,W
8479406,32,F. Gustavsson,G,0,4,3600,MIN,EDM,2023-10-24,Tuesday 09:00 PM,2023020094,1,0,4,24,28,20,23,3,4,1,0.8000000000000007,W
8477424,74,J. Saros,G,0,3,3537,NSH,VAN,2023-10-24,Tuesday 09:15 PM,2023020095,1,0,0,21,24,21,24,0,0,1,-1.7999999999999998,L
8474593,25,J. Markstrom,G,0,3,3557,CGY,NYR,2023-10-24,Tuesday 09:45 PM,2023020096,1,0,0,17,20,13,14,4,6,1,-2.5999999999999996,L
8477831,29,P. Copley,G,0,3,3592,LAK,ARI,2023-10-24,Tuesday 10:30 PM,2023020097,1,0,4,24,27,19,21,5,6,1,2.8000000000000007,W
8480313,36,L. Thompson,G,0,2,3592,VGK,PHI,2023-10-24,Tuesday 11:00 PM,2023020098,1,0,4,26,28,25,27,1,1,1,5.2,W
8481033,40,A. Schmid,G,0,3,1200,NJD,WSH,2023-10-25,Wednesday 07:30 PM,2023020099,1,0,0,5,8,5,8,0,0,1,-5.0,L
8477970,41,V. Vanecek,G,0,2,2233,NJD,WSH,2023-10-25,Wednesday 07:30 PM,2023020099,0,0,0,14,16,10,11,4,5,1,-1.1999999999999997,L
8476999,35,L. Ullmark,G,0,4,3687,BOS,ANA,2023-10-26,Thursday 07:00 PM,2023020100,1,0,1,28,32,22,26,5,5,1,-1.3999999999999995,OTL
8475883,31,F. Andersen,G,0,2,3890,CAR,SEA,2023-10-26,Thursday 07:00 PM,2023020101,1,0,4,24,26,23,25,1,1,1,4.800000000000001,W
8473503,47,J. Reimer,G,0,3,3530,DET,WPG,2023-10-26,Thursday 07:00 PM,2023020102,1,0,0,25,28,19,22,5,5,1,-1.0,L
8478470,35,S. Montembeault,G,0,3,3857,MTL,CBJ,2023-10-26,Thursday 07:00 PM,2023020103,1,0,4,33,36,24,25,7,9,1,4.6000000000000005,W
8479394,79,C. Hart,G,0,2,3600,PHI,MIN,2023-10-26,Thursday 07:30 PM,2023020104,1,0,4,26,28,25,27,1,1,1,5.2,W
8477465,35,T. Jarry,G,0,0,3600,PIT,COL,2023-10-26,Thursday 07:00 PM,2023020105,1,1,4,31,31,27,27,4,4,1,13.2,W
8477992,31,J. Johansson,G,0,0,3600,TBL,SJS,2023-10-26,Thursday 07:00 PM,2023020106,1,1,4,23,23,20,20,2,2,1,11.600000000000001,W
8478009,30,I. Sorokin,G,0,2,3592,NYI,OTT,2023-10-26,Thursday 07:30 PM,2023020107,1,0,4,45,47,29,30,15,16,1,9.0,W
8475809,41,S. Wedgewood,G,0,3,3383,DAL,TOR,2023-10-26,Thursday 08:00 PM,2023020108,1,0,0,20,23,15,17,4,5,1,-2.0,L
8474593,25,J. Markstrom,G,0,2,3565,CGY,STL,2023-10-26,Thursday 09:00 PM,2023020109,1,0,0,32,34,25,26,7,7,1,2.4000000000000004,L
8479973,74,S. Skinner,G,0,3,3600,EDM,NYR,2023-10-26,Thursday 09:00 PM,2023020110,1,0,0,29,32,25,27,4,5,1,-0.1999999999999993,L
8478499,33,A. Hill,G,0,4,3770,VGK,CHI,2023-10-27,Friday 06:00 PM,2023020111,1,0,1,20,24,20,23,0,1,1,-3.0,OTL
8477293,32,A. Raanta,G,0,0,3600,CAR,SJS,2023-10-27,Friday 07:00 PM,2023020112,1,1,4,20,20,16,16,3,3,1,11.0,W
8477970,41,V. Vanecek,G,0,4,3600,NJD,BUF,2023-10-27,Friday 07:00 PM,2023020113,1,0,4,23,27,20,24,2,2,1,0.6000000000000005,W
8475311,35,D. Kuemper,G,0,2,3900,WSH,MIN,2023-10-27,Friday 07:00 PM,2023020114,1,0,4,39,41,24,26,13,13,1,7.800000000000001,W
8478872,70,K. Vejmelka,G,0,5,3580,ARI,LAK,2023-10-27,Friday 10:00 PM,2023020115,1,0,0,36,41,28,32,7,8,1,-2.8,L
8477967,35,T. Demko,G,0,0,3600,VAN,STL,2023-10-27,Friday 10:00 PM,2023020116,1,1,4,22,22,15,15,6,6,1,11.4,W
8481035,33,S. Ersson,G,0,7,3572,PHI,ANA,2023-10-28,Saturday 01:00 PM,2023020117,1,0,0,18,25,15,19,2,4,1,-10.4,L
8475683,72,S. Bobrovsky,G,0,2,3600,FLA,SEA,2023-10-28,Saturday 06:00 PM,2023020118,1,0,4,31,33,30,32,1,1,1,6.2,W
8480280,1,J. Swayman,G,0,1,3600,BOS,DET,2023-10-28,Saturday 07:00 PM,2023020119,1,0,4,23,24,18,19,2,2,1,6.6000000000000005,W
8477484,30,S. Martin,G,0,2,3428,CBJ,NYI,2023-10-28,Saturday 07:00 PM,2023020120,1,0,0,32,34,25,27,7,7,1,2.4000000000000004,L
8474596,34,J. Allen,G,0,3,3900,MTL,WPG,2023-10-28,Saturday 07:00 PM,2023020121,1,0,4,42,45,39,42,2,2,1,6.4,W
8477424,74,J. Saros,G,0,2,3733,NSH,TOR,2023-10-28,Saturday 07:00 PM,2023020122,1,0,4,33,35,27,28,3,4,1,6.6000000000000005,W
8477465,35,T. Jarry,G,0,3,1528,PIT,OTT,2023-10-28,Saturday 07:00 PM,2023020123,1,0,0,6,9,4,6,2,3,1,-4.8,L
8476433,45,M. Hellberg,G,0,2,2072,PIT,OTT,2023-10-28,Saturday 07:00 PM,2023020123,0,0,0,15,17,14,16,1,1,1,-1.0,L
8479193,29,C. DeSmith,G,0,4,3828,VAN,NYR,2023-10-28,Saturday 10:00 PM,2023020124,1,0,1,20,24,11,12,6,9,1,-3.0,OTL
8475660,39,C. Talbot,G,0,3,3835,LAK,VGK,2023-10-28,Saturday 10:30 PM,2023020125,1,0,1,27,30,20,22,6,7,1,0.40000000000000036,OTL
8480045,1,U. Luukkonen,G,0,0,3600,BUF,COL,2023-10-29,Sunday 01:00 PM,2023020126,1,1,4,23,23,16,16,7,7,1,11.600000000000001,W
8477970,41,V. Vanecek,G,0,3,3600,NJD,MIN,2023-10-29,Sunday 05:00 PM,2023020127,1,0,4,31,34,18,20,12,13,1,4.2,W
8475311,35,D. Kuemper,G,0,1,3592,WSH,SJS,2023-10-29,Sunday 05:00 PM,2023020128,1,0,4,30,31,27,28,0,0,1,8.0,W
8479973,74,S. Skinner,G,0,2,3585,EDM,CGY,2023-10-29,Sunday 07:00 PM,2023020129,1,0,4,24,26,18,18,6,8,1,4.800000000000001,W
8476999,35,L. Ullmark,G,0,2,3816,BOS,FLA,2023-10-30,Monday 07:00 PM,2023020130,1,0,4,35,37,23,25,12,12,1,7.0,W
8479394,79,C. Hart,G,0,3,3584,PHI,CAR,2023-10-30,Monday 07:00 PM,2023020131,1,0,0,29,32,25,27,1,2,1,-0.1999999999999993,L
8477465,35,T. Jarry,G,0,4,3582,PIT,ANA,2023-10-30,Monday 07:00 PM,2023020132,1,0,0,23,27,21,23,2,3,1,-3.3999999999999995,L
8477992,31,J. Johansson,G,0,4,3755,TBL,SEA,2023-10-30,Monday 07:00 PM,2023020133,1,0,1,39,43,33,35,6,8,1,0.8000000000000007,OTL
8478009,30,I. Sorokin,G,0,4,3685,NYI,DET,2023-10-30,Monday 07:30 PM,2023020134,1,0,1,32,36,28,32,3,3,1,-0.5999999999999996,OTL
8476945,37,C. Hellebuyck,G,0,3,3874,WPG,NYR,2023-10-30,Monday 07:30 PM,2023020135,1,0,1,23,26,16,18,7,8,1,-0.39999999999999947,OTL
8479979,29,J. Oettinger,G,0,3,3574,DAL,CBJ,2023-10-30,Monday 08:00 PM,2023020136,1,0,4,22,25,19,22,2,2,1,2.4000000000000004,W
8478971,39,C. Ingram,G,0,1,3588,ARI,CHI,2023-10-30,Monday 10:00 PM,2023020137,1,0,4,29,30,26,27,3,3,1,7.800000000000001,W
8478499,33,A. Hill,G,0,2,3860,VGK,MTL,2023-10-30,Monday 10:00 PM,2023020138,1,0,4,37,39,30,31,5,5,1,7.4,W
8479361,60,J. Woll,G,0,4,3598,TOR,LAK,2023-10-31,Tuesday 08:00 PM,2023020139,1,0,0,23,27,18,21,5,6,1,-3.3999999999999995,L
8477967,35,T. Demko,G,0,2,3584,VAN,NSH,2023-10-31,Tuesday 10:00 PM,2023020140,1,0,4,27,29,24,26,3,3,1,5.4,W
8481035,33,S. Ersson,G,0,2,2956,PHI,BUF,2023-11-01,Wednesday 07:00 PM,2023020141,0,0,0,7,9,6,8,1,1,1,-2.5999999999999996,L
8479394,79,C. Hart,G,0,2,600,PHI,BUF,2023-11-01,Wednesday 07:00 PM,2023020141,1,0,0,3,5,3,5,0,0,1,-3.4,L
8474593,25,J. Markstrom,G,0,4,3531,CGY,DAL,2023-11-01,Wednesday 08:30 PM,2023020142,1,0,0,26,30,20,23,3,3,1,-2.8,L
8481031,50,I. Prosvetov,G,0,1,3600,COL,STL,2023-11-01,Wednesday 09:30 PM,2023020143,1,0,4,27,28,19,20,5,5,1,7.4,W
8480843,1,L. Dostal,G,0,3,3807,ANA,ARI,2023-11-01,Wednesday 10:00 PM,2023020144,1,0,4,32,35,26,29,5,5,1,4.4,W
8480280,1,J. Swayman,G,0,2,3900,BOS,TOR,2023-11-02,Thursday 07:30 PM,2023020145,1,0,4,33,35,28,30,4,4,1,6.6000000000000005,W
8478007,90,E. Merzlikins,G,0,2,3600,CBJ,TBL,2023-11-02,Thursday 07:00 PM,2023020146,1,0,4,27,29,19,21,7,7,1,5.4,W
8473503,47,J. Reimer,G,0,1,3484,DET,FLA,2023-11-02,Thursday 07:00 PM,2023020147,1,0,0,25,26,16,17,9,9,1,3.0,L
8478048,31,I. Shesterkin,G,0,1,3568,NYR,CAR,2023-11-02,Thursday 07:00 PM,2023020148,1,0,4,26,27,22,22,3,4,1,7.2,W
8476914,70,J. Korpisalo,G,0,3,3562,OTT,LAK,2023-11-02,Thursday 07:00 PM,2023020149,1,0,0,35,38,28,30,6,7,1,1.0,L
8475311,35,D. Kuemper,G,0,3,3478,WSH,NYI,2023-11-02,Thursday 07:00 PM,2023020150,1,0,0,18,21,17,20,1,1,1,-2.4,L
8479406,32,F. Gustavsson,G,0,5,3511,MIN,NJD,2023-11-02,Thursday 08:00 PM,2023020151,1,0,0,33,38,27,29,6,9,1,-3.3999999999999995,L
8479973,74,S. Skinner,G,0,4,3470,EDM,DAL,2023-11-02,Thursday 09:00 PM,2023020152,1,0,0,23,27,21,24,2,3,1,-3.3999999999999995,L
8478971,39,C. Ingram,G,0,2,3600,ARI,MTL,2023-11-02,Thursday 10:00 PM,2023020153,1,0,4,28,30,21,22,6,7,1,5.6000000000000005,W
8475831,31,P. Grubauer,G,2,2,3594,SEA,NSH,2023-11-02,Thursday 10:00 PM,2023020154,1,0,4,32,34,20,20,12,14,1,6.4,W
8480313,36,L. Thompson,G,0,2,3600,VGK,WPG,2023-11-02,Thursday 10:00 PM,2023020155,1,0,4,29,31,26,27,3,4,1,5.800000000000001,W
8478406,29,M. Blackwood,G,0,4,1873,SJS,VAN,2023-11-02,Thursday 10:30 PM,2023020156,0,0,0,10,14,8,11,2,3,1,-6.0,L
8478039,36,K. Kahkonen,G,0,6,1727,SJS,VAN,2023-11-02,Thursday 10:30 PM,2023020156,1,0,0,13,19,11,14,1,4,1,-9.4,L
8480045,1,U. Luukkonen,G,0,5,3600,BUF,PHI,2023-11-03,Friday 07:00 PM,2023020157,1,0,0,14,19,12,17,2,2,1,-7.199999999999999,L
8476412,50,J. Binnington,G,0,1,3600,STL,NJD,2023-11-03,Friday 08:00 PM,2023020158,1,0,4,33,34,33,34,0,0,1,8.600000000000001,W
8475789,36,J. Campbell,G,0,5,3600,EDM,NSH,2023-11-04,Saturday 03:00 PM,2023020159,1,0,0,29,34,27,31,2,3,1,-4.199999999999999,L
8478872,70,K. Vejmelka,G,0,5,3472,ARI,WPG,2023-11-04,Saturday 04:00 PM,2023020160,1,0,0,22,27,17,21,3,4,1,-5.6,L
8478024,35,V. Husso,G,0,4,3597,DET,BOS,2023-11-04,Saturday 07:00 PM,2023020161,1,0,4,26,30,23,26,3,4,1,1.2000000000000002,W
8476341,31,A. Forsberg,G,0,3,2006,OTT,TBL,2023-11-04,Saturday 07:00 PM,2023020162,0,0,0,14,17,13,15,1,2,1,-3.1999999999999997,L
8476914,70,J. Korpisalo,G,0,3,1497,OTT,TBL,2023-11-04,Saturday 07:00 PM,2023020162,1,0,0,18,21,18,21,0,0,1,-2.4,L
8477361,40,C. Petersen,G,0,5,3600,PHI,LAK,2023-11-04,Saturday 07:30 PM,2023020163,1,0,0,25,30,22,26,3,4,1,-5.0,L
8480981,30,J. Hofer,G,0,3,3600,STL,MTL,2023-11-04,Saturday 07:00 PM,2023020164,1,0,4,30,33,26,28,4,5,1,4.0,W
8479361,60,J. Woll,G,0,5,3563,TOR,BUF,2023-11-04,Saturday 07:00 PM,2023020165,1,0,0,35,40,28,31,7,8,1,-3.0,L
8479292,79,C. Lindgren,G,0,1,3577,WSH,CBJ,2023-11-04,Saturday 07:00 PM,2023020166,1,0,4,34,35,26,27,7,7,1,8.8,W
8478009,30,I. Sorokin,G,0,4,3674,NYI,CAR,2023-11-04,Saturday 07:30 PM,2023020167,1,0,1,42,46,37,40,5,6,1,1.4000000000000004,OTL
8475852,34,P. Mrazek,G,0,2,3600,CHI,FLA,2023-11-04,Saturday 08:00 PM,2023020168,1,0,4,38,40,34,35,4,5,1,7.6000000000000005,W
8470594,29,M. Fleury,G,0,1,3439,MIN,NYR,2023-11-04,Saturday 08:00 PM,2023020169,0,0,4,13,14,13,14,0,0,1,4.6,W
8479406,32,F. Gustavsson,G,0,3,413,MIN,NYR,2023-11-04,Saturday 08:00 PM,2023020169,1,0,0,1,4,1,4,0,0,1,-5.8,L
8475831,31,P. Grubauer,G,0,4,3522,SEA,CGY,2023-11-04,Saturday 10:00 PM,2023020170,1,0,0,25,29,19,22,4,5,1,-3.0,L
8478406,29,M. Blackwood,G,0,6,1767,SJS,PIT,2023-11-04,Saturday 10:00 PM,2023020171,1,0,0,12,18,12,17,0,1,1,-9.6,L
8480992,30,M. Chrona,G,0,4,1830,SJS,PIT,2023-11-04,Saturday 10:00 PM,2023020171,0,0,0,13,17,12,15,0,1,1,-5.4,L
8477967,35,T. Demko,G,0,0,3600,VAN,DAL,2023-11-04,Saturday 10:00 PM,2023020172,1,1,4,27,27,16,16,8,8,1,12.4,W
8478499,33,A. Hill,G,0,0,3600,VGK,COL,2023-11-04,Saturday 10:00 PM,2023020173,1,1,4,41,41,31,31,9,9,1,15.200000000000001,W
8482821,40,A. Soderblom,G,0,3,3473,CHI,NJD,2023-11-05,Sunday 07:00 PM,2023020174,1,0,0,37,40,33,35,3,4,1,1.4000000000000004,L
8476434,36,J. Gibson,G,0,2,3600,ANA,VGK,2023-11-05,Sunday 08:00 PM,2023020175,1,0,4,30,32,25,27,4,4,1,6.0,W
8475683,72,S. Bobrovsky,G,0,4,3542,FLA,CBJ,2023-11-06,Monday 07:00 PM,2023020176,1,0,4,19,23,16,19,3,4,1,-0.19999999999999973,W
8478492,35,I. Samsonov,G,0,4,913,TOR,TBL,2023-11-06,Monday 07:00 PM,2023020177,1,0,0,8,12,7,9,0,2,1,-6.4,L
8479361,60,J. Woll,G,0,1,2733,TOR,TBL,2023-11-06,Monday 07:00 PM,2023020177,0,0,4,18,19,15,16,3,3,1,5.6,W
8479979,29,J. Oettinger,G,0,3,3450,DAL,BOS,2023-11-06,Monday 08:00 PM,2023020178,1,0,0,26,29,17,19,7,8,1,-0.7999999999999998,L
8477967,35,T. Demko,G,0,2,3600,VAN,EDM,2023-11-06,Monday 10:00 PM,2023020179,1,0,4,41,43,33,34,7,8,1,8.200000000000001,W
8477293,32,A. Raanta,G,0,2,3666,CAR,BUF,2023-11-07,Tuesday 07:00 PM,2023020180,1,0,4,19,21,16,17,2,3,1,3.8000000000000003,W
8474596,34,J. Allen,G,0,4,830,MTL,TBL,2023-11-07,Tuesday 07:00 PM,2023020181,1,0,0,5,9,2,5,2,3,1,-7.0,L
8478470,35,S. Montembeault,G,0,1,2770,MTL,TBL,2023-11-07,Tuesday 07:00 PM,2023020181,0,0,0,22,23,16,16,5,6,1,2.4000000000000004,L
8473575,40,S. Varlamov,G,0,4,3456,NYI,MIN,2023-11-07,Tuesday 07:30 PM,2023020182,1,0,0,27,31,23,26,1,2,1,-2.5999999999999996,L
8471734,32,J. Quick,G,0,3,3600,NYR,DET,2023-11-07,Tuesday 07:30 PM,2023020183,1,0,4,25,28,17,20,8,8,1,3.0,W
8476412,50,J. Binnington,G,0,4,3563,STL,WPG,2023-11-07,Tuesday 08:00 PM,2023020184,1,0,0,32,36,29,31,2,4,1,-1.5999999999999996,L
8478971,39,C. Ingram,G,0,3,3900,ARI,SEA,2023-11-07,Tuesday 09:00 PM,2023020185,1,0,4,35,38,28,30,6,7,1,5.0,W
8474593,25,J. Markstrom,G,0,2,3582,CGY,NSH,2023-11-07,Tuesday 09:00 PM,2023020186,1,0,4,16,18,15,17,0,0,1,3.2,W
8476434,36,J. Gibson,G,0,1,3529,ANA,PIT,2023-11-07,Tuesday 10:00 PM,2023020187,1,0,0,34,35,29,30,5,5,1,4.800000000000001,L
8480382,40,A. Georgiev,G,0,3,3600,COL,NJD,2023-11-07,Tuesday 10:00 PM,2023020188,1,0,4,20,23,18,19,2,4,1,2.0,W
8478406,29,M. Blackwood,G,0,1,3600,SJS,PHI,2023-11-07,Tuesday 10:30 PM,2023020189,1,0,4,38,39,30,31,6,6,1,9.600000000000001,W
8479361,60,J. Woll,G,0,6,3600,TOR,OTT,2023-11-08,Wednesday 07:00 PM,2023020190,1,0,0,25,31,19,24,4,5,1,-7.0,L
8475311,35,D. Kuemper,G,0,4,3615,WSH,FLA,2023-11-08,Wednesday 07:30 PM,2023020191,1,0,1,21,25,19,23,2,2,1,-2.8,OTL
8478499,33,A. Hill,G,0,3,3503,VGK,LAK,2023-11-08,Wednesday 10:00 PM,2023020192,1,0,0,29,32,24,25,5,7,1,-0.1999999999999993,L
8476999,35,L. Ullmark,G,0,2,3600,BOS,NYI,2023-11-09,Thursday 07:00 PM,2023020193,1,0,4,27,29,24,24,2,3,1,5.4,W
8477484,30,S. Martin,G,0,4,3506,CBJ,DAL,2023-11-09,Thursday 07:30 PM,2023020194,1,0,0,26,30,22,26,4,4,1,-2.8,L
8473503,47,J. Reimer,G,2,3,3800,DET,MTL,2023-11-09,Thursday 07:00 PM,2023020195,1,0,1,24,27,22,23,1,3,1,-0.1999999999999993,OTL
8475839,70,L. Domingue,G,0,1,3600,NYR,MIN,2023-11-09,Thursday 07:00 PM,2023020196,1,0,4,25,26,22,23,2,2,1,7.0,W
8476341,31,A. Forsberg,G,0,5,3600,OTT,VAN,2023-11-09,Thursday 07:00 PM,2023020197,1,0,0,11,16,11,15,0,1,1,-7.8,L
8477992,31,J. Johansson,G,0,5,3345,TBL,CHI,2023-11-09,Thursday 07:00 PM,2023020198,1,0,0,24,29,17,21,6,7,1,-5.199999999999999,L
8480981,30,J. Hofer,G,0,1,3600,STL,ARI,2023-11-09,Thursday 08:00 PM,2023020199,1,0,4,19,20,19,19,0,1,1,5.800000000000001,W
8476316,39,L. Brossoit,G,0,3,3600,WPG,NSH,2023-11-09,Thursday 08:00 PM,2023020200,1,0,4,20,23,14,17,5,5,1,2.0,W
8481031,50,I. Prosvetov,G,0,4,3568,COL,SEA,2023-11-09,Thursday 09:00 PM,2023020201,1,0,0,18,22,12,15,3,4,1,-4.4,L
8477831,29,P. Copley,G,0,4,3825,LAK,PIT,2023-11-09,Thursday 10:30 PM,2023020202,1,0,1,16,20,13,16,3,3,1,-3.8,OTL
8478406,29,M. Blackwood,G,0,2,3600,SJS,EDM,2023-11-09,Thursday 10:30 PM,2023020203,1,0,4,39,41,31,33,6,6,1,7.800000000000001,W
8482221,27,D. Levi,G,0,2,3600,BUF,MIN,2023-11-10,Friday 07:00 PM,2023020204,1,0,4,33,35,21,21,10,12,1,6.6000000000000005,W
8475683,72,S. Bobrovsky,G,0,2,3600,FLA,CAR,2023-11-10,Friday 07:00 PM,2023020205,1,0,4,28,30,28,30,0,0,1,5.6000000000000005,W
8481033,40,A. Schmid,G,0,1,2850,NJD,WSH,2023-11-10,Friday 07:00 PM,2023020206,0,0,0,20,21,17,18,3,3,1,2.0,L
8477970,41,V. Vanecek,G,0,2,637,NJD,WSH,2023-11-10,Friday 07:00 PM,2023020206,1,0,0,3,5,2,4,1,1,1,-3.4,L
8479361,60,J. Woll,G,0,4,3900,TOR,CGY,2023-11-10,Friday 07:00 PM,2023020207,1,0,4,24,28,23,27,1,1,1,0.8000000000000007,W
8480843,1,L. Dostal,G,2,5,3450,ANA,PHI,2023-11-10,Friday 10:00 PM,2023020208,1,0,0,30,35,23,28,4,4,1,-4.0,L
8478499,33,A. Hill,G,0,0,3600,VGK,SJS,2023-11-10,Friday 10:00 PM,2023020209,1,1,4,20,20,16,16,4,4,1,11.0,W
8478024,35,V. Husso,G,0,4,3600,DET,CBJ,2023-11-11,Saturday 01:00 PM,2023020210,1,0,4,18,22,14,18,3,3,1,-0.3999999999999999,W
8476945,37,C. Hellebuyck,G,0,3,3517,WPG,DAL,2023-11-11,Saturday 03:00 PM,2023020211,1,0,0,26,29,19,20,6,7,1,-0.7999999999999998,L
8478470,35,S. Montembeault,G,0,2,3724,MTL,BOS,2023-11-11,Saturday 07:00 PM,2023020212,1,0,4,26,28,19,20,6,7,1,5.2,W
8476914,70,J. Korpisalo,G,0,1,3600,OTT,CGY,2023-11-11,Saturday 07:00 PM,2023020213,1,0,4,24,25,20,21,3,3,1,6.800000000000001,W
8477992,31,J. Johansson,G,0,4,3529,TBL,CAR,2023-11-11,Saturday 07:00 PM,2023020214,1,0,0,28,32,25,28,2,3,1,-2.3999999999999995,L
8478492,35,I. Samsonov,G,0,2,3600,TOR,VAN,2023-11-11,Saturday 07:00 PM,2023020215,1,0,4,31,33,22,22,9,11,1,6.2,W
8473575,40,S. Varlamov,G,0,3,3402,NYI,WSH,2023-11-11,Saturday 07:30 PM,2023020216,1,0,0,24,27,20,23,4,4,1,-1.1999999999999993,L
8477465,35,T. Jarry,G,0,0,3600,PIT,BUF,2023-11-11,Saturday 07:30 PM,2023020217,1,1,4,35,35,33,33,2,2,1,14.0,W
8477424,74,J. Saros,G,0,6,3494,NSH,ARI,2023-11-11,Saturday 08:00 PM,2023020218,1,0,0,18,24,15,19,3,5,1,-8.4,L
8480382,40,A. Georgiev,G,0,6,2569,COL,STL,2023-11-11,Saturday 09:00 PM,2023020219,1,0,0,22,28,16,19,6,8,1,-7.6,L
8481031,50,I. Prosvetov,G,0,2,1031,COL,STL,2023-11-11,Saturday 09:00 PM,2023020219,0,0,0,12,14,12,13,0,0,1,-1.5999999999999996,L
8475831,31,P. Grubauer,G,0,4,1200,SEA,EDM,2023-11-11,Saturday 10:00 PM,2023020220,1,0,0,13,17,10,13,3,4,1,-5.4,L
8478916,35,J. Daccord,G,0,0,2400,SEA,EDM,2023-11-11,Saturday 10:00 PM,2023020220,0,0,0,9,9,9,9,0,0,1,1.8,L
8475660,39,C. Talbot,G,0,4,3600,LAK,PHI,2023-11-11,Saturday 10:30 PM,2023020221,1,0,0,22,26,16,20,5,5,1,-3.5999999999999996,L
8475683,72,S. Bobrovsky,G,0,3,3600,FLA,CHI,2023-11-12,Sunday 01:00 PM,2023020222,1,0,4,23,26,21,24,1,1,1,2.6000000000000005,W
8470594,29,M. Fleury,G,2,8,3600,MIN,DAL,2023-11-12,Sunday 06:00 PM,2023020223,1,0,0,29,37,16,17,11,16,1,-10.2,L
8474596,34,J. Allen,G,0,3,3533,MTL,VAN,2023-11-12,Sunday 07:00 PM,2023020224,1,0,0,32,35,26,29,6,6,1,0.40000000000000036,L
8471734,32,J. Quick,G,0,3,3776,NYR,CBJ,2023-11-12,Sunday 07:00 PM,2023020225,1,0,4,25,28,24,27,1,1,1,3.0,W
8476434,36,J. Gibson,G,0,1,3590,ANA,SJS,2023-11-12,Sunday 08:00 PM,2023020226,1,0,4,25,26,20,21,3,3,1,7.0,W
8477424,74,J. Saros,G,0,4,3436,NSH,TBL,2023-10-10,Tuesday 05:30 PM,2023020001,1,0,0,29,33,21,23,8,10,1,-2.1999999999999993,L
8475852,34,P. Mrazek,G,0,2,3600,CHI,PIT,2023-10-10,Tuesday 08:00 PM,2023020002,1,0,4,39,41,35,37,4,4,1,7.800000000000001,W
8475831,31,P. Grubauer,G,0,3,3577,SEA,VGK,2023-10-10,Tuesday 10:30 PM,2023020003,1,0,0,24,27,21,24,3,3,1,-1.1999999999999993,L
8476914,70,J. Korpisalo,G,0,5,3565,OTT,CAR,2023-10-11,Wednesday 07:00 PM,2023020004,1,0,0,37,42,32,35,5,6,1,-2.5999999999999996,L
8474596,34,J. Allen,G,0,5,3900,MTL,TOR,2023-10-11,Wednesday 07:00 PM,2023020005,1,0,1,37,42,30,33,5,7,1,-1.5999999999999996,OTL
8482821,40,A. Soderblom,G,0,2,3551,CHI,BOS,2023-10-11,Wednesday 07:30 PM,2023020006,1,0,0,30,32,25,27,5,5,1,2.0,L
8476945,37,C. Hellebuyck,G,0,4,3492,WPG,CGY,2023-10-11,Wednesday 10:00 PM,2023020007,1,0,0,17,21,11,13,5,6,1,-4.6,L
8480382,40,A. Georgiev,G,0,2,3600,COL,LAK,2023-10-11,Wednesday 10:00 PM,2023020008,1,0,4,34,36,23,25,11,11,1,6.800000000000001,W
8475789,36,J. Campbell,G,0,4,1650,EDM,VAN,2023-10-11,Wednesday 10:00 PM,2023020009,1,0,0,12,16,7,10,5,6,1,-5.6,L
8479973,74,S. Skinner,G,0,4,1950,EDM,VAN,2023-10-11,Wednesday 10:00 PM,2023020009,0,0,0,12,16,7,9,5,7,1,-5.6,L
8478048,31,I. Shesterkin,G,0,1,3600,NYR,BUF,2023-10-12,Thursday 07:00 PM,2023020010,1,0,4,24,25,20,21,3,3,1,6.800000000000001,W
8479394,79,C. Hart,G,0,2,3600,PHI,CBJ,2023-10-12,Thursday 07:00 PM,2023020011,1,0,4,31,33,27,29,4,4,1,6.2,W
8478024,35,V. Husso,G,0,3,3468,DET,NJD,2023-10-12,Thursday 07:30 PM,2023020012,1,0,0,23,26,19,21,4,5,1,-1.3999999999999995,L
8476412,50,J. Binnington,G,0,1,3890,STL,DAL,2023-10-12,Thursday 08:00 PM,2023020013,1,0,1,33,34,29,30,3,3,1,5.6000000000000005,OTL
8475683,72,S. Bobrovsky,G,0,2,3438,FLA,MIN,2023-10-12,Thursday 08:00 PM,2023020014,1,0,0,19,21,12,13,6,7,1,-0.19999999999999973,L
8475831,31,P. Grubauer,G,0,2,3472,SEA,NSH,2023-10-12,Thursday 08:00 PM,2023020015,1,0,0,32,34,26,27,4,4,1,2.4000000000000004,L
8480313,36,L. Thompson,G,0,1,3600,VGK,SJS,2023-10-12,Thursday 10:30 PM,2023020016,1,0,4,22,23,19,20,2,2,1,6.4,W
8478872,70,K. Vejmelka,G,0,3,3900,ARI,NJD,2023-10-13,Friday 07:00 PM,2023020017,1,0,4,33,36,25,26,5,7,1,4.6000000000000005,W
8477465,35,T. Jarry,G,0,0,3600,PIT,WSH,2023-10-13,Friday 07:30 PM,2023020018,1,1,4,19,19,17,17,1,1,1,10.8,W
8479394,79,C. Hart,G,0,5,3537,PHI,OTT,2023-10-14,Saturday 01:00 PM,2023020019,1,0,0,26,31,20,22,4,7,1,-4.8,L
8475683,72,S. Bobrovsky,G,0,5,3477,FLA,WPG,2023-10-14,Saturday 04:00 PM,2023020020,1,0,0,29,34,25,28,3,4,1,-4.199999999999999,L
8477424,74,J. Saros,G,0,3,3456,NSH,BOS,2023-10-14,Saturday 07:00 PM,2023020021,1,0,0,27,30,18,19,7,9,1,-0.5999999999999996,L
8478048,31,I. Shesterkin,G,0,5,3400,NYR,CBJ,2023-10-14,Saturday 07:00 PM,2023020022,1,0,0,16,21,15,19,1,2,1,-6.8,L
8477992,31,J. Johansson,G,0,5,3450,TBL,DET,2023-10-14,Saturday 07:00 PM,2023020023,1,0,0,36,41,34,39,2,2,1,-2.8,L
8475852,34,P. Mrazek,G,0,3,3486,CHI,MTL,2023-10-14,Saturday 07:00 PM,2023020024,1,0,0,33,36,24,26,4,4,1,0.6000000000000005,L
8474593,25,J. Markstrom,G,0,4,3469,CGY,PIT,2023-10-14,Saturday 07:00 PM,2023020025,1,0,0,24,28,17,21,6,6,1,-3.1999999999999993,L
8479406,32,F. Gustavsson,G,0,7,3600,MIN,TOR,2023-10-14,Saturday 07:00 PM,2023020026,1,0,0,26,33,23,28,2,4,1,-8.8,L
8482221,27,D. Levi,G,0,3,3572,BUF,NYI,2023-10-14,Saturday 07:30 PM,2023020027,1,0,0,26,29,23,26,3,3,1,-0.7999999999999998,L
8478916,35,J. Daccord,G,0,1,3900,SEA,STL,2023-10-14,Saturday 08:00 PM,2023020028,1,0,1,24,25,22,23,2,2,1,3.8000000000000007,OTL
8479193,29,C. DeSmith,G,0,3,3600,VAN,EDM,2023-10-14,Saturday 10:00 PM,2023020029,1,0,4,37,40,27,28,10,12,1,5.4,W
8480382,40,A. Georgiev,G,0,1,3852,COL,SJS,2023-10-14,Saturday 10:00 PM,2023020030,1,0,4,20,21,14,15,4,4,1,6.0,W
8476434,36,J. Gibson,G,0,3,3591,ANA,VGK,2023-10-14,Saturday 10:00 PM,2023020031,1,0,0,34,37,25,26,9,11,1,0.8000000000000007,L
8475883,31,F. Andersen,G,0,5,3900,CAR,LAK,2023-10-14,Saturday 10:30 PM,2023020032,1,0,4,25,30,21,24,3,5,1,-1.0,W
8477035,90,M. Tomkins,G,0,4,3508,TBL,OTT,2023-10-15,Sunday 07:00 PM,2023020033,1,0,0,33,37,29,33,3,3,1,-1.3999999999999995,L
8477293,32,A. Raanta,G,0,4,3561,CAR,ANA,2023-10-15,Sunday 08:30 PM,2023020034,1,0,0,19,23,18,22,1,1,1,-4.199999999999999,L
8473503,47,J. Reimer,G,0,0,3600,DET,CBJ,2023-10-16,Monday 07:00 PM,2023020035,1,1,4,23,23,17,17,6,6,1,11.600000000000001,W
8475683,72,S. Bobrovsky,G,0,3,3600,FLA,NJD,2023-10-16,Monday 07:00 PM,2023020036,1,0,4,31,34,20,21,11,13,1,4.2,W
8478971,39,C. Ingram,G,0,2,3523,ARI,NYR,2023-10-16,Monday 07:00 PM,2023020037,1,0,0,26,28,20,21,5,6,1,1.2000000000000002,L
8482821,40,A. Soderblom,G,0,1,3600,CHI,TOR,2023-10-16,Monday 07:00 PM,2023020038,1,0,4,35,36,32,33,0,0,1,9.0,W
8474593,25,J. Markstrom,G,0,2,3888,CGY,WSH,2023-10-16,Monday 07:00 PM,2023020039,1,0,1,21,23,17,19,3,3,1,1.2000000000000002,OTL
8477992,31,J. Johansson,G,0,3,3611,TBL,BUF,2023-10-17,Tuesday 07:30 PM,2023020040,1,0,1,28,31,24,27,4,4,1,0.6000000000000005,OTL
8470594,29,M. Fleury,G,0,2,3594,MIN,MTL,2023-10-17,Tuesday 07:00 PM,2023020041,1,0,4,26,28,16,18,9,9,1,5.2,W
8477967,35,T. Demko,G,0,2,3450,VAN,PHI,2023-10-17,Tuesday 06:00 PM,2023020042,1,0,0,40,42,31,33,7,7,1,4.0,L
8478872,70,K. Vejmelka,G,0,1,3482,ARI,NYI,2023-10-17,Tuesday 07:30 PM,2023020043,1,0,0,33,34,28,28,5,6,1,4.6000000000000005,L
8475789,36,J. Campbell,G,0,1,3600,EDM,NSH,2023-10-17,Tuesday 08:00 PM,2023020044,1,0,4,43,44,37,37,6,7,1,10.6,W
8475660,39,C. Talbot,G,2,1,3600,LAK,WPG,2023-10-17,Tuesday 08:00 PM,2023020045,1,0,4,26,27,17,18,7,7,1,7.2,W
8480382,40,A. Georgiev,G,0,1,3600,COL,SEA,2023-10-17,Tuesday 10:00 PM,2023020046,1,0,4,37,38,27,28,6,6,1,9.4,W
8475883,31,F. Andersen,G,0,1,327,CAR,SJS,2023-10-17,Tuesday 10:30 PM,2023020047,1,0,0,1,2,0,1,1,1,1,-1.8,L
8477293,32,A. Raanta,G,0,2,3252,CAR,SJS,2023-10-17,Tuesday 10:30 PM,2023020047,0,0,4,12,14,9,9,3,5,1,2.4000000000000004,W
8479979,29,J. Oettinger,G,0,2,3900,DAL,VGK,2023-10-17,Tuesday 10:30 PM,2023020048,1,0,1,32,34,23,25,9,9,1,3.4000000000000004,OTL
8475311,35,D. Kuemper,G,0,6,3600,WSH,OTT,2023-10-18,Wednesday 07:00 PM,2023020049,1,0,0,23,29,17,22,5,6,1,-7.3999999999999995,L
8477465,35,T. Jarry,G,0,4,3565,PIT,DET,2023-10-18,Wednesday 07:30 PM,2023020050,1,0,0,23,27,19,22,2,3,1,-3.3999999999999995,L
8478435,80,D. Vladar,G,0,3,3600,CGY,BUF,2023-10-19,Thursday 07:00 PM,2023020051,1,0,4,24,27,17,19,7,8,1,2.8000000000000007,W
8478492,35,I. Samsonov,G,0,2,3470,TOR,FLA,2023-10-19,Thursday 07:00 PM,2023020052,1,0,0,21,23,13,15,8,8,1,0.20000000000000018,L
8477424,74,J. Saros,G,0,1,3573,NSH,NYR,2023-10-19,Thursday 07:00 PM,2023020053,1,0,4,23,24,19,19,4,5,1,6.6000000000000005,W
8475789,36,J. Campbell,G,0,4,3600,EDM,PHI,2023-10-19,Thursday 07:30 PM,2023020054,1,0,0,28,32,24,27,4,4,1,-2.3999999999999995,L
8477967,35,T. Demko,G,0,4,3464,VAN,TBL,2023-10-19,Thursday 07:00 PM,2023020055,1,0,0,32,36,23,25,8,10,1,-1.5999999999999996,L
8475660,39,C. Talbot,G,0,3,3600,LAK,MIN,2023-10-19,Thursday 08:00 PM,2023020056,1,0,4,29,32,25,28,4,4,1,3.8000000000000007,W
8478971,39,C. Ingram,G,0,2,3591,ARI,STL,2023-10-19,Thursday 08:00 PM,2023020057,1,0,4,24,26,18,20,6,6,1,4.800000000000001,W
8480313,36,L. Thompson,G,0,3,3599,VGK,WPG,2023-10-19,Thursday 08:00 PM,2023020058,1,0,4,36,39,36,38,0,1,1,5.2,W
8479979,29,J. Oettinger,G,0,2,3600,DAL,ANA,2023-10-19,Thursday 10:00 PM,2023020059,1,0,4,27,29,22,24,4,4,1,5.4,W
8477293,32,A. Raanta,G,0,4,1358,CAR,SEA,2023-10-19,Thursday 10:00 PM,2023020060,1,0,0,14,18,12,13,1,3,1,-5.199999999999999,L
8481611,52,P. Kochetkov,G,0,2,2200,CAR,SEA,2023-10-19,Thursday 10:00 PM,2023020060,0,0,0,15,17,15,17,0,0,1,-1.0,L
8475852,34,P. Mrazek,G,0,4,3600,CHI,COL,2023-10-19,Thursday 10:30 PM,2023020061,1,0,0,37,41,30,32,7,8,1,-0.5999999999999996,L
8476999,35,L. Ullmark,G,0,1,3600,BOS,SJS,2023-10-19,Thursday 10:30 PM,2023020062,1,0,4,26,27,23,24,1,1,1,7.2,W
8474593,25,J. Markstrom,G,0,2,3472,CGY,CBJ,2023-10-20,Friday 07:00 PM,2023020063,1,0,0,26,28,23,25,2,2,1,1.2000000000000002,L
8481033,40,A. Schmid,G,0,4,3739,NJD,NYI,2023-10-20,Friday 07:30 PM,2023020064,1,0,4,28,32,26,30,2,2,1,1.6000000000000005,W
8478024,35,V. Husso,G,0,2,3561,DET,OTT,2023-10-21,Saturday 01:00 PM,2023020065,1,0,4,35,37,24,25,11,12,1,7.0,W
8480843,1,L. Dostal,G,0,2,3472,ANA,ARI,2023-10-21,Saturday 04:00 PM,2023020066,1,0,0,25,27,18,19,7,8,1,1.0,L
8473575,40,S. Varlamov,G,0,3,3547,NYI,BUF,2023-10-21,Saturday 07:00 PM,2023020067,1,0,0,39,42,30,33,7,7,1,1.8000000000000007,L
8479193,29,C. DeSmith,G,0,3,3600,VAN,FLA,2023-10-21,Saturday 07:00 PM,2023020068,1,0,4,34,36,31,33,3,3,1,4.6000000000000005,W
8475311,35,D. Kuemper,G,0,3,3631,WSH,MTL,2023-10-21,Saturday 07:00 PM,2023020069,1,0,1,25,28,19,21,6,7,1,0.0,OTL
8478492,35,I. Samsonov,G,0,3,809,TOR,TBL,2023-10-21,Saturday 07:00 PM,2023020070,1,0,0,1,4,1,2,0,2,1,-5.8,L
8479361,60,J. Woll,G,0,0,3036,TOR,TBL,2023-10-21,Saturday 07:00 PM,2023020070,0,0,4,27,27,24,24,3,3,1,9.4,W
8478499,33,A. Hill,G,0,3,3567,VGK,CHI,2023-10-21,Saturday 08:00 PM,2023020071,1,0,4,21,24,15,17,5,6,1,2.2,W
8481035,33,S. Ersson,G,0,5,3733,PHI,DAL,2023-10-21,Saturday 08:00 PM,2023020072,1,0,1,20,25,20,25,0,0,1,-5.0,OTL
8478007,90,E. Merzlikins,G,0,4,3782,CBJ,MIN,2023-10-21,Saturday 08:00 PM,2023020073,1,0,4,24,28,19,23,5,5,1,0.8000000000000007,W
8478406,29,M. Blackwood,G,2,5,3600,SJS,NSH,2023-10-21,Saturday 08:00 PM,2023020074,1,0,0,29,34,21,24,8,10,1,-4.199999999999999,L
8477465,35,T. Jarry,G,0,4,3482,PIT,STL,2023-10-21,Saturday 08:00 PM,2023020075,1,0,0,17,21,14,18,3,3,1,-4.6,L
8481611,52,P. Kochetkov,G,0,6,3417,CAR,COL,2023-10-21,Saturday 09:00 PM,2023020076,1,0,0,21,27,16,18,4,7,1,-7.8,L
8476945,37,C. Hellebuyck,G,0,2,3833,WPG,EDM,2023-10-21,Saturday 10:00 PM,2023020077,1,0,4,38,40,35,36,1,2,1,7.6000000000000005,W
8471734,32,J. Quick,G,0,1,3600,NYR,SEA,2023-10-21,Saturday 10:00 PM,2023020078,1,0,4,18,19,18,19,0,0,1,5.6,W
8480280,1,J. Swayman,G,0,2,3600,BOS,LAK,2023-10-21,Saturday 10:30 PM,2023020079,1,0,4,32,34,23,24,8,9,1,6.4,W
8478435,80,D. Vladar,G,0,6,3591,CGY,DET,2023-10-22,Sunday 05:00 PM,2023020080,1,0,0,24,30,15,21,9,9,1,-7.199999999999999,L
8476999,35,L. Ullmark,G,0,1,3600,BOS,ANA,2023-10-22,Sunday 08:30 PM,2023020081,1,0,4,30,31,24,25,5,5,1,8.0,W
8474596,34,J. Allen,G,0,1,3600,MTL,BUF,2023-10-23,Monday 07:00 PM,2023020082,1,0,4,36,37,26,26,10,11,1,9.2,W
8479361,60,J. Woll,G,0,1,3573,TOR,WSH,2023-10-24,Tuesday 06:00 PM,2023020083,1,0,4,37,38,23,23,13,14,1,9.4,W
8480843,1,L. Dostal,G,0,2,3740,ANA,CBJ,2023-10-24,Tuesday 08:30 PM,2023020084,1,0,4,35,37,21,22,14,15,1,7.0,W
8480045,1,U. Luukkonen,G,0,4,3582,BUF,OTT,2023-10-24,Tuesday 06:45 PM,2023020085,1,0,4,34,38,26,29,8,9,1,2.8000000000000007,W
8481611,52,P. Kochetkov,G,0,3,3534,CAR,TBL,2023-10-24,Tuesday 07:00 PM,2023020086,1,0,0,20,23,15,17,4,5,1,-2.0,L
8477970,41,V. Vanecek,G,0,2,3579,NJD,MTL,2023-10-24,Tuesday 07:15 PM,2023020087,1,0,4,27,29,24,25,3,4,1,5.4,W
8479979,29,J. Oettinger,G,0,1,3600,DAL,PIT,2023-10-24,Tuesday 07:30 PM,2023020088,1,0,4,38,39,28,29,10,10,1,9.600000000000001,W
8478406,29,M. Blackwood,G,0,2,3412,SJS,FLA,2023-10-24,Tuesday 07:45 PM,2023020089,1,0,0,33,35,24,25,9,10,1,2.6000000000000005,L
8480382,40,A. Georgiev,G,0,4,3572,COL,NYI,2023-10-24,Tuesday 08:00 PM,2023020090,1,0,4,28,32,21,24,6,7,1,1.6000000000000005,W
8478916,35,J. Daccord,G,0,4,3876,SEA,DET,2023-10-24,Tuesday 08:15 PM,2023020091,1,0,4,23,27,18,19,5,8,1,0.6000000000000005,W
8480280,1,J. Swayman,G,0,0,3589,BOS,CHI,2023-10-24,Tuesday 08:30 PM,2023020092,1,1,4,23,23,21,21,2,2,1,11.600000000000001,W
8476412,50,J. Binnington,G,0,3,3538,STL,WPG,2023-10-24,Tuesday 08:45 PM,2023020093,1,0,0,26,29,24,27,1,1,1,-0.7999999999999998,L
8475789,36,J. Campbell,G,0,6,3557,EDM,MIN,2023-10-24,Tuesday 09:00 PM,2023020094,1,0,0,25,31,17,23,7,7,1,-7.0,L
8477967,35,T. Demko,G,0,2,3600,VAN,NSH,2023-10-24,Tuesday 09:15 PM,2023020095,1,0,4,16,18,12,14,4,4,1,3.2,W
8478048,31,I. Shesterkin,G,0,1,3588,NYR,CGY,2023-10-24,Tuesday 09:45 PM,2023020096,1,0,4,25,26,21,22,4,4,1,7.0,W
8478971,39,C. Ingram,G,0,3,754,ARI,LAK,2023-10-24,Tuesday 10:30 PM,2023020097,1,0,0,6,9,5,7,1,2,1,-4.8,L
8478872,70,K. Vejmelka,G,0,2,2725,ARI,LAK,2023-10-24,Tuesday 10:30 PM,2023020097,0,0,0,16,18,12,14,3,3,1,-0.7999999999999998,L
8479394,79,C. Hart,G,0,3,3585,PHI,VGK,2023-10-24,Tuesday 11:00 PM,2023020098,1,0,0,26,29,24,27,1,1,1,-0.7999999999999998,L
8482411,31,H. Shepard,G,0,4,3600,WSH,NJD,2023-10-25,Wednesday 07:30 PM,2023020099,1,0,4,18,22,18,22,0,0,1,-0.3999999999999999,W
8476434,36,J. Gibson,G,0,3,3536,ANA,BOS,2023-10-26,Thursday 07:00 PM,2023020100,1,0,4,27,30,22,24,5,6,1,3.4000000000000004,W
8478916,35,J. Daccord,G,0,3,3890,SEA,CAR,2023-10-26,Thursday 07:00 PM,2023020101,1,0,1,42,45,40,43,2,2,1,3.4000000000000004,OTL
8476945,37,C. Hellebuyck,G,0,1,3600,WPG,DET,2023-10-26,Thursday 07:00 PM,2023020102,1,0,4,35,36,27,28,7,7,1,9.0,W
8478007,90,E. Merzlikins,G,0,4,3857,CBJ,MTL,2023-10-26,Thursday 07:00 PM,2023020103,1,0,1,25,29,21,23,4,6,1,-2.0,OTL
8479406,32,F. Gustavsson,G,0,6,3595,MIN,PHI,2023-10-26,Thursday 07:30 PM,2023020104,1,0,0,29,35,25,29,2,4,1,-6.199999999999999,L
8480382,40,A. Georgiev,G,0,4,3115,COL,PIT,2023-10-26,Thursday 07:00 PM,2023020105,1,0,0,20,24,19,23,0,0,1,-4.0,L
8481031,50,I. Prosvetov,G,0,0,485,COL,PIT,2023-10-26,Thursday 07:00 PM,2023020105,0,0,0,5,5,5,5,0,0,1,1.0,L
8478406,29,M. Blackwood,G,0,5,1649,SJS,TBL,2023-10-26,Thursday 07:00 PM,2023020106,1,0,0,16,21,13,17,3,4,1,-6.8,L
8478039,36,K. Kahkonen,G,0,1,1923,SJS,TBL,2023-10-26,Thursday 07:00 PM,2023020106,0,0,0,9,10,9,10,0,0,1,-0.19999999999999996,L
8476914,70,J. Korpisalo,G,0,3,3535,OTT,NYI,2023-10-26,Thursday 07:30 PM,2023020107,1,0,0,35,38,28,30,5,6,1,1.0,L
8479361,60,J. Woll,G,0,1,3596,TOR,DAL,2023-10-26,Thursday 08:00 PM,2023020108,1,0,4,31,32,27,28,2,2,1,8.2,W
8480981,30,J. Hofer,G,0,0,3596,STL,CGY,2023-10-26,Thursday 09:00 PM,2023020109,1,1,4,27,27,26,26,1,1,1,12.4,W
8471734,32,J. Quick,G,0,0,3585,NYR,EDM,2023-10-26,Thursday 09:00 PM,2023020110,1,1,4,29,29,27,27,1,1,1,12.8,W
8475852,34,P. Mrazek,G,0,3,3736,CHI,VGK,2023-10-27,Friday 06:00 PM,2023020111,1,0,4,18,21,13,16,5,5,1,1.6,W
8478039,36,K. Kahkonen,G,0,3,3600,SJS,CAR,2023-10-27,Friday 07:00 PM,2023020112,1,0,0,37,40,25,27,12,13,1,1.4000000000000004,L
8480045,1,U. Luukkonen,G,2,3,1688,BUF,NJD,2023-10-27,Friday 07:00 PM,2023020113,0,0,0,18,21,11,12,6,7,1,-2.4,L
8477480,31,E. Comrie,G,0,2,1786,BUF,NJD,2023-10-27,Friday 07:00 PM,2023020113,1,0,0,16,18,9,11,7,7,1,-0.7999999999999998,L
8470594,29,M. Fleury,G,0,2,3853,MIN,WSH,2023-10-27,Friday 07:00 PM,2023020114,1,0,1,31,33,25,25,6,7,1,3.2,OTL
8477831,29,P. Copley,G,0,3,501,LAK,ARI,2023-10-27,Friday 10:00 PM,2023020115,1,0,0,3,6,3,6,0,0,1,-5.4,L
8475660,39,C. Talbot,G,0,1,3064,LAK,ARI,2023-10-27,Friday 10:00 PM,2023020115,0,0,4,17,18,14,15,3,3,1,5.4,W
8476412,50,J. Binnington,G,0,5,3600,STL,VAN,2023-10-27,Friday 10:00 PM,2023020116,1,0,0,30,35,24,28,6,6,1,-4.0,L
8480843,1,L. Dostal,G,0,4,3584,ANA,PHI,2023-10-28,Saturday 01:00 PM,2023020117,1,0,4,26,30,23,26,3,4,1,1.2000000000000002,W
8478916,35,J. Daccord,G,0,3,3500,SEA,FLA,2023-10-28,Saturday 06:00 PM,2023020118,1,0,0,34,37,33,35,0,1,1,0.8000000000000007,L
8478024,35,V. Husso,G,0,3,3466,DET,BOS,2023-10-28,Saturday 07:00 PM,2023020119,1,0,0,27,30,16,18,9,10,1,-0.5999999999999996,L
8473575,40,S. Varlamov,G,0,0,3600,NYI,CBJ,2023-10-28,Saturday 07:00 PM,2023020120,1,1,4,34,34,28,28,5,5,1,13.8,W
8476316,39,L. Brossoit,G,0,3,3900,WPG,MTL,2023-10-28,Saturday 07:00 PM,2023020121,1,0,1,26,29,23,25,1,2,1,0.20000000000000018,OTL
8478492,35,I. Samsonov,G,0,3,3725,TOR,NSH,2023-10-28,Saturday 07:00 PM,2023020122,1,0,1,21,24,17,18,3,5,1,-0.7999999999999998,OTL
8476914,70,J. Korpisalo,G,0,2,3600,OTT,PIT,2023-10-28,Saturday 07:00 PM,2023020123,1,0,4,41,43,36,38,5,5,1,8.200000000000001,W
8478048,31,I. Shesterkin,G,0,3,3802,NYR,VAN,2023-10-28,Saturday 10:00 PM,2023020124,1,0,4,30,33,18,19,9,10,1,4.0,W
8480313,36,L. Thompson,G,0,3,3900,VGK,LAK,2023-10-28,Saturday 10:30 PM,2023020125,1,0,4,37,40,30,33,7,7,1,5.4,W
8480382,40,A. Georgiev,G,0,3,3553,COL,BUF,2023-10-29,Sunday 01:00 PM,2023020126,1,0,0,25,28,18,21,7,7,1,-1.0,L
8470594,29,M. Fleury,G,0,4,3438,MIN,NJD,2023-10-29,Sunday 05:00 PM,2023020127,1,0,0,26,30,24,26,2,4,1,-2.8,L
8478406,29,M. Blackwood,G,0,2,3570,SJS,WSH,2023-10-29,Sunday 05:00 PM,2023020128,1,0,0,39,41,33,35,6,6,1,3.8000000000000007,L
8474593,25,J. Markstrom,G,0,4,3483,CGY,EDM,2023-10-29,Sunday 07:00 PM,2023020129,1,0,0,28,32,25,29,3,3,1,-2.3999999999999995,L
8475683,72,S. Bobrovsky,G,0,3,3816,FLA,BOS,2023-10-30,Monday 07:00 PM,2023020130,1,0,1,23,26,19,22,3,3,1,-0.39999999999999947,OTL
8475883,31,F. Andersen,G,0,2,3600,CAR,PHI,2023-10-30,Monday 07:00 PM,2023020131,1,0,4,26,28,19,21,7,7,1,5.2,W
8480843,1,L. Dostal,G,0,2,2400,ANA,PIT,2023-10-30,Monday 07:00 PM,2023020132,0,0,4,33,35,20,21,11,12,1,6.6000000000000005,W
8476434,36,J. Gibson,G,0,1,1200,ANA,PIT,2023-10-30,Monday 07:00 PM,2023020132,1,0,0,6,7,2,2,4,5,1,-0.7999999999999998,L
8475831,31,P. Grubauer,G,0,3,3773,SEA,TBL,2023-10-30,Monday 07:00 PM,2023020133,1,0,4,34,37,26,28,7,8,1,4.800000000000001,W
8478024,35,V. Husso,G,0,3,3685,DET,NYI,2023-10-30,Monday 07:30 PM,2023020134,1,0,4,37,40,32,33,4,5,1,5.4,W
8478048,31,I. Shesterkin,G,0,2,3851,NYR,WPG,2023-10-30,Monday 07:30 PM,2023020135,1,0,4,27,29,20,22,6,6,1,5.4,W
8478007,90,E. Merzlikins,G,0,4,3433,CBJ,DAL,2023-10-30,Monday 08:00 PM,2023020136,1,0,0,28,32,19,23,8,8,1,-2.3999999999999995,L
8475852,34,P. Mrazek,G,0,1,1474,CHI,ARI,2023-10-30,Monday 10:00 PM,2023020137,0,0,0,10,11,9,10,1,1,1,0.0,L
8482821,40,A. Soderblom,G,0,7,2126,CHI,ARI,2023-10-30,Monday 10:00 PM,2023020137,1,0,0,15,22,15,21,0,1,1,-11.0,L
8478470,35,S. Montembeault,G,0,2,3900,MTL,VGK,2023-10-30,Monday 10:00 PM,2023020138,1,0,1,23,25,22,23,0,1,1,1.6000000000000005,OTL
8475660,39,C. Talbot,G,0,1,3600,LAK,TOR,2023-10-31,Tuesday 08:00 PM,2023020139,1,0,4,29,30,23,23,6,7,1,7.800000000000001,W
8480947,32,K. Lankinen,G,0,4,3568,NSH,VAN,2023-10-31,Tuesday 10:00 PM,2023020140,1,0,0,22,26,21,24,1,2,1,-3.5999999999999996,L
8480045,1,U. Luukkonen,G,0,2,3600,BUF,PHI,2023-11-01,Wednesday 07:00 PM,2023020141,1,0,4,38,40,30,32,7,7,1,7.6000000000000005,W
8479979,29,J. Oettinger,G,0,3,3600,DAL,CGY,2023-11-01,Wednesday 08:30 PM,2023020142,1,0,4,44,47,33,35,11,12,1,6.800000000000001,W
8476412,50,J. Binnington,G,0,4,3572,STL,COL,2023-11-01,Wednesday 09:30 PM,2023020143,1,0,0,24,28,22,25,2,3,1,-3.1999999999999993,L
8478872,70,K. Vejmelka,G,0,4,3768,ARI,ANA,2023-11-01,Wednesday 10:00 PM,2023020144,1,0,1,25,29,20,22,4,6,1,-2.0,OTL
8478492,35,I. Samsonov,G,0,2,3894,TOR,BOS,2023-11-02,Thursday 07:30 PM,2023020145,1,0,1,38,40,36,38,2,2,1,4.6000000000000005,OTL
8477035,90,M. Tomkins,G,0,3,3467,TBL,CBJ,2023-11-02,Thursday 07:00 PM,2023020146,1,0,0,24,27,17,20,6,6,1,-1.1999999999999993,L
8475683,72,S. Bobrovsky,G,0,0,3589,FLA,DET,2023-11-02,Thursday 07:00 PM,2023020147,1,1,4,22,22,15,15,7,7,1,11.4,W
8475883,31,F. Andersen,G,0,2,3528,CAR,NYR,2023-11-02,Thursday 07:00 PM,2023020148,1,0,0,24,26,19,20,5,6,1,0.8000000000000007,L
8475660,39,C. Talbot,G,0,2,3600,LAK,OTT,2023-11-02,Thursday 07:00 PM,2023020149,1,0,4,24,26,18,19,5,6,1,4.800000000000001,W
8473575,40,S. Varlamov,G,0,0,3600,NYI,WSH,2023-11-02,Thursday 07:00 PM,2023020150,1,1,4,32,32,27,27,4,4,1,13.4,W
8477970,41,V. Vanecek,G,0,3,3600,NJD,MIN,2023-11-02,Thursday 08:00 PM,2023020151,1,0,4,22,25,19,21,3,4,1,2.4000000000000004,W
8475809,41,S. Wedgewood,G,0,3,3596,DAL,EDM,2023-11-02,Thursday 09:00 PM,2023020152,1,0,4,46,49,36,39,7,7,1,7.200000000000001,W
8474596,34,J. Allen,G,0,3,3465,MTL,ARI,2023-11-02,Thursday 10:00 PM,2023020153,1,0,0,32,35,24,26,7,8,1,0.40000000000000036,L
8477424,74,J. Saros,G,0,4,3472,NSH,SEA,2023-11-02,Thursday 10:00 PM,2023020154,1,0,0,27,31,25,28,2,3,1,-2.5999999999999996,L
8476945,37,C. Hellebuyck,G,0,4,3563,WPG,VGK,2023-11-02,Thursday 10:00 PM,2023020155,1,0,0,21,25,18,20,3,5,1,-3.8,L
8477967,35,T. Demko,G,0,1,3600,VAN,SJS,2023-11-02,Thursday 10:30 PM,2023020156,1,0,4,30,31,25,25,5,6,1,8.0,W
8481035,33,S. Ersson,G,0,1,3600,PHI,BUF,2023-11-03,Friday 07:00 PM,2023020157,1,0,4,21,22,18,19,3,3,1,6.2,W
8481033,40,A. Schmid,G,0,2,3470,NJD,STL,2023-11-03,Friday 08:00 PM,2023020158,1,0,0,31,33,27,29,3,3,1,2.2,L
8480947,32,K. Lankinen,G,0,2,3600,NSH,EDM,2023-11-04,Saturday 03:00 PM,2023020159,1,0,4,33,35,30,30,2,4,1,6.6000000000000005,W
8476945,37,C. Hellebuyck,G,0,3,3600,WPG,ARI,2023-11-04,Saturday 04:00 PM,2023020160,1,0,4,22,25,19,21,3,4,1,2.4000000000000004,W
8476999,35,L. Ullmark,G,0,5,3588,BOS,DET,2023-11-04,Saturday 07:00 PM,2023020161,1,0,0,35,40,28,31,5,7,1,-3.0,L
8477992,31,J. Johansson,G,0,4,3590,TBL,OTT,2023-11-04,Saturday 07:00 PM,2023020162,1,0,4,24,28,18,21,6,7,1,0.8000000000000007,W
8475660,39,C. Talbot,G,0,0,3592,LAK,PHI,2023-11-04,Saturday 07:30 PM,2023020163,1,1,4,24,24,16,16,5,5,1,11.8,W
8478470,35,S. Montembeault,G,0,5,3585,MTL,STL,2023-11-04,Saturday 07:00 PM,2023020164,1,0,0,29,34,26,30,0,0,1,-4.199999999999999,L
8482221,27,D. Levi,G,0,4,3600,BUF,TOR,2023-11-04,Saturday 07:00 PM,2023020165,1,0,4,24,28,12,15,11,12,1,0.8000000000000007,W
8478007,90,E. Merzlikins,G,0,2,3483,CBJ,WSH,2023-11-04,Saturday 07:00 PM,2023020166,1,0,0,25,27,23,25,0,0,1,1.0,L
8477293,32,A. Raanta,G,0,3,3670,CAR,NYI,2023-11-04,Saturday 07:30 PM,2023020167,1,0,4,22,25,21,23,1,1,1,2.4000000000000004,W
8476932,41,A. Stolarz,G,2,4,3424,FLA,CHI,2023-11-04,Saturday 08:00 PM,2023020168,1,0,0,20,24,20,23,0,1,1,-4.0,L
8471734,32,J. Quick,G,2,4,3900,NYR,MIN,2023-11-04,Saturday 08:00 PM,2023020169,1,0,1,35,39,24,28,11,11,1,0.0,OTL
8478435,80,D. Vladar,G,0,3,3600,CGY,SEA,2023-11-04,Saturday 10:00 PM,2023020170,1,0,4,17,20,15,17,2,3,1,1.4000000000000004,W
8477465,35,T. Jarry,G,0,2,3546,PIT,SJS,2023-11-04,Saturday 10:00 PM,2023020171,1,0,4,24,26,19,19,4,6,1,4.800000000000001,W
8479979,29,J. Oettinger,G,0,2,3353,DAL,VAN,2023-11-04,Saturday 10:00 PM,2023020172,1,0,0,26,28,13,15,12,12,1,1.2000000000000002,L
8480382,40,A. Georgiev,G,0,7,3600,COL,VGK,2023-11-04,Saturday 10:00 PM,2023020173,1,0,0,27,34,17,21,10,11,1,-8.6,L
8477970,41,V. Vanecek,G,0,2,3595,NJD,CHI,2023-11-05,Sunday 07:00 PM,2023020174,1,0,4,32,34,29,31,2,2,1,6.4,W
8480313,36,L. Thompson,G,0,3,3569,VGK,ANA,2023-11-05,Sunday 08:00 PM,2023020175,1,0,0,19,22,18,20,1,2,1,-2.1999999999999997,L
8477484,30,S. Martin,G,0,2,3317,CBJ,FLA,2023-11-06,Monday 07:00 PM,2023020176,0,0,1,34,36,33,35,1,1,1,3.8000000000000007,OTL
8478007,90,E. Merzlikins,G,0,3,369,CBJ,FLA,2023-11-06,Monday 07:00 PM,2023020176,1,0,0,7,10,7,10,0,0,1,-4.6,L
8477992,31,J. Johansson,G,0,6,3646,TBL,TOR,2023-11-06,Monday 07:00 PM,2023020177,1,0,1,28,34,23,29,5,5,1,-5.3999999999999995,OTL
8480280,1,J. Swayman,G,0,2,3571,BOS,DAL,2023-11-06,Monday 08:00 PM,2023020178,1,0,4,35,37,30,32,4,4,1,7.0,W
8479973,74,S. Skinner,G,0,6,3600,EDM,VAN,2023-11-06,Monday 10:00 PM,2023020179,1,0,0,30,36,23,26,6,9,1,-6.0,L
8480045,1,U. Luukkonen,G,0,3,3684,BUF,CAR,2023-11-07,Tuesday 07:00 PM,2023020180,1,0,1,24,27,17,19,4,5,1,-0.1999999999999993,OTL
8477035,90,M. Tomkins,G,0,3,3600,TBL,MTL,2023-11-07,Tuesday 07:00 PM,2023020181,1,0,4,23,26,15,17,8,9,1,2.6000000000000005,W
8470594,29,M. Fleury,G,0,2,3592,MIN,NYI,2023-11-07,Tuesday 07:30 PM,2023020182,1,0,4,27,29,20,21,7,8,1,5.4,W
8478024,35,V. Husso,G,0,5,3402,DET,NYR,2023-11-07,Tuesday 07:30 PM,2023020183,1,0,0,27,32,23,26,3,5,1,-4.6,L
8476945,37,C. Hellebuyck,G,0,2,3572,WPG,STL,2023-11-07,Tuesday 08:00 PM,2023020184,1,0,4,20,22,17,19,3,3,1,4.0,W
8478916,35,J. Daccord,G,0,3,3900,SEA,ARI,2023-11-07,Tuesday 09:00 PM,2023020185,1,0,1,24,27,19,20,4,6,1,-0.1999999999999993,OTL
8477424,74,J. Saros,G,0,3,3480,NSH,CGY,2023-11-07,Tuesday 09:00 PM,2023020186,1,0,0,35,38,33,36,2,2,1,1.0,L
8477465,35,T. Jarry,G,0,0,2295,PIT,ANA,2023-11-07,Tuesday 10:00 PM,2023020187,1,0,4,20,20,16,16,3,3,1,8.0,W
8476433,45,M. Hellberg,G,0,0,1296,PIT,ANA,2023-11-07,Tuesday 10:00 PM,2023020187,0,0,0,11,11,11,11,0,0,1,2.2,L
8477970,41,V. Vanecek,G,0,5,3508,NJD,COL,2023-11-07,Tuesday 10:00 PM,2023020188,1,0,0,26,31,18,21,7,8,1,-4.8,L
8481035,33,S. Ersson,G,0,2,3508,PHI,SJS,2023-11-07,Tuesday 10:30 PM,2023020189,1,0,0,17,19,15,16,2,3,1,-0.5999999999999996,L
8476914,70,J. Korpisalo,G,0,3,3600,OTT,TOR,2023-11-08,Wednesday 07:00 PM,2023020190,1,0,4,27,30,26,28,0,1,1,3.4000000000000004,W
8475683,72,S. Bobrovsky,G,0,3,3615,FLA,WSH,2023-11-08,Wednesday 07:30 PM,2023020191,1,0,4,25,28,21,23,4,4,1,3.0,W
8475660,39,C. Talbot,G,0,1,3600,LAK,VGK,2023-11-08,Wednesday 10:00 PM,2023020192,1,0,4,37,38,36,37,0,0,1,9.4,W
8478009,30,I. Sorokin,G,0,4,3531,NYI,BOS,2023-11-09,Thursday 07:00 PM,2023020193,1,0,0,30,34,23,25,7,9,1,-2.0,L
8479979,29,J. Oettinger,G,2,2,3600,DAL,CBJ,2023-11-09,Thursday 07:30 PM,2023020194,1,0,4,27,29,25,27,2,2,1,5.4,W
8480051,30,C. Primeau,G,0,2,3856,MTL,DET,2023-11-09,Thursday 07:00 PM,2023020195,1,0,4,27,29,17,19,8,8,1,5.4,W
8470594,29,M. Fleury,G,0,3,3464,MIN,NYR,2023-11-09,Thursday 07:00 PM,2023020196,1,0,0,24,27,22,24,1,2,1,-1.1999999999999993,L
8479193,29,C. DeSmith,G,0,2,3563,VAN,OTT,2023-11-09,Thursday 07:00 PM,2023020197,1,0,4,28,30,23,25,3,3,1,5.6000000000000005,W
8475852,34,P. Mrazek,G,0,3,3574,CHI,TBL,2023-11-09,Thursday 07:00 PM,2023020198,1,0,4,30,33,20,22,8,9,1,4.0,W
8478872,70,K. Vejmelka,G,0,2,3484,ARI,STL,2023-11-09,Thursday 08:00 PM,2023020199,1,0,0,31,33,22,24,8,8,1,2.2,L
8477424,74,J. Saros,G,0,5,3466,NSH,WPG,2023-11-09,Thursday 08:00 PM,2023020200,1,0,0,31,36,21,25,7,8,1,-3.8,L
8475831,31,P. Grubauer,G,0,3,3600,SEA,COL,2023-11-09,Thursday 09:00 PM,2023020201,1,0,4,23,26,21,24,1,1,1,2.6000000000000005,W
8476433,45,M. Hellberg,G,0,3,3825,PIT,LAK,2023-11-09,Thursday 10:30 PM,2023020202,1,0,4,33,36,29,31,3,3,1,4.6000000000000005,W
8479973,74,S. Skinner,G,0,3,3487,EDM,SJS,2023-11-09,Thursday 10:30 PM,2023020203,1,0,0,15,18,14,17,0,0,1,-3.0,L
8479406,32,F. Gustavsson,G,0,3,3495,MIN,BUF,2023-11-10,Friday 07:00 PM,2023020204,1,0,0,22,25,12,15,7,7,1,-1.5999999999999996,L
8477293,32,A. Raanta,G,0,4,3583,CAR,FLA,2023-11-10,Friday 07:00 PM,2023020205,1,0,0,30,34,26,30,2,2,1,-2.0,L
8479292,79,C. Lindgren,G,0,2,3546,WSH,NJD,2023-11-10,Friday 07:00 PM,2023020206,1,0,4,24,26,20,22,4,4,1,4.800000000000001,W
8478435,80,D. Vladar,G,0,4,3900,CGY,TOR,2023-11-10,Friday 07:00 PM,2023020207,1,0,1,32,36,30,32,1,2,1,-0.5999999999999996,OTL
8481035,33,S. Ersson,G,0,3,3600,PHI,ANA,2023-11-10,Friday 10:00 PM,2023020208,1,0,4,35,38,22,23,10,12,1,5.0,W
8478039,36,K. Kahkonen,G,0,5,3600,SJS,VGK,2023-11-10,Friday 10:00 PM,2023020209,1,0,0,34,39,33,37,0,0,1,-3.1999999999999993,L
8477484,30,S. Martin,G,0,5,3479,CBJ,DET,2023-11-11,Saturday 01:00 PM,2023020210,1,0,0,23,28,20,25,3,3,1,-5.3999999999999995,L
8475809,41,S. Wedgewood,G,0,2,3600,DAL,WPG,2023-11-11,Saturday 03:00 PM,2023020211,1,0,4,31,33,28,30,1,1,1,6.2,W
8480280,1,J. Swayman,G,0,3,3733,BOS,MTL,2023-11-11,Saturday 07:00 PM,2023020212,1,0,1,24,27,20,22,3,4,1,-0.1999999999999993,OTL
8481692,32,D. Wolf,G,0,4,3585,CGY,OTT,2023-11-11,Saturday 07:00 PM,2023020213,1,0,0,34,38,21,24,10,11,1,-1.1999999999999993,L
8481611,52,P. Kochetkov,G,0,0,3594,CAR,TBL,2023-11-11,Saturday 07:00 PM,2023020214,1,1,4,22,22,20,20,2,2,1,11.4,W
8477967,35,T. Demko,G,0,5,3600,VAN,TOR,2023-11-11,Saturday 07:00 PM,2023020215,1,0,0,17,22,10,15,4,4,1,-6.6,L
8482411,31,H. Shepard,G,0,1,3600,WSH,NYI,2023-11-11,Saturday 07:30 PM,2023020216,1,0,4,36,37,36,37,0,0,1,9.2,W
8480045,1,U. Luukkonen,G,0,3,3541,BUF,PIT,2023-11-11,Saturday 07:30 PM,2023020217,1,0,0,35,38,29,31,5,6,1,1.0,L
8478971,39,C. Ingram,G,0,5,3586,ARI,NSH,2023-11-11,Saturday 08:00 PM,2023020218,1,0,4,37,42,26,30,10,11,1,1.4000000000000004,W
8476412,50,J. Binnington,G,0,2,3600,STL,COL,2023-11-11,Saturday 09:00 PM,2023020219,1,0,4,36,38,26,28,8,8,1,7.2,W
8479973,74,S. Skinner,G,0,1,3600,EDM,SEA,2023-11-11,Saturday 10:00 PM,2023020220,1,0,4,17,18,14,14,2,3,1,5.4,W
8477361,40,C. Petersen,G,0,2,3600,PHI,LAK,2023-11-11,Saturday 10:30 PM,2023020221,1,0,4,35,37,25,27,8,8,1,7.0,W
8482821,40,A. Soderblom,G,0,4,3476,CHI,FLA,2023-11-12,Sunday 01:00 PM,2023020222,1,0,0,27,31,22,24,5,7,1,-2.5999999999999996,L
8479979,29,J. Oettinger,G,0,3,3600,DAL,MIN,2023-11-12,Sunday 06:00 PM,2023020223,1,0,4,23,26,10,12,12,13,1,2.6000000000000005,W
8479193,29,C. DeSmith,G,0,2,3573,VAN,MTL,2023-11-12,Sunday 07:00 PM,2023020224,1,0,4,30,32,27,28,3,4,1,6.0,W
8478007,90,E. Merzlikins,G,0,3,3900,CBJ,NYR,2023-11-12,Sunday 07:00 PM,2023020225,1,0,1,37,40,30,33,7,7,1,2.4000000000000004,OTL
8478406,29,M. Blackwood,G,0,4,3600,SJS,ANA,2023-11-12,Sunday 08:00 PM,2023020226,1,0,0,40,44,27,29,12,14,1,0.0,L
8479973,74,S. Skinner,G,0,1,3600,EDM,NYI,2023-11-13 00:00:00,Monday 08:30 PM,2023020227,1,0,4,32,33,28,29,3,3,1,8.4,W
8478916,35,J. Daccord,G,0,5,3600,SEA,COL,2023-11-13 00:00:00,Monday 10:00 PM,2023020228,1,0,0,26,31,17,20,7,9,1,-4.8,L
8480045,1,U. Luukkonen,G,2,0,1362,BUF,BOS,2023-11-14 00:00:00,Tuesday 07:00 PM,2023020229,0,0,0,14,14,8,8,6,6,1,2.8000000000000003,L
8482221,27,D. Levi,G,0,5,2107,BUF,BOS,2023-11-14 00:00:00,Tuesday 07:00 PM,2023020229,1,0,0,13,18,13,17,0,1,1,-7.4,L
8478007,90,E. Merzlikins,G,0,4,3534,CBJ,PIT,2023-11-14 00:00:00,Tuesday 07:00 PM,2023020230,1,0,0,36,40,31,35,4,4,1,-0.7999999999999998,L
8478470,35,S. Montembeault,G,0,2,3515,MTL,CGY,2023-11-14 00:00:00,Tuesday 07:00 PM,2023020231,1,0,0,27,29,24,26,2,2,1,1.4000000000000004,L
8479292,79,C. Lindgren,G,0,0,3600,WSH,VGK,2023-11-14 00:00:00,Tuesday 07:00 PM,2023020232,1,1,4,35,35,32,32,2,2,1,14.0,W
8479979,29,J. Oettinger,G,0,3,3642,DAL,ARI,2023-11-14 00:00:00,Tuesday 08:00 PM,2023020233,1,0,4,23,26,20,22,3,4,1,2.6000000000000005,W
8477424,74,J. Saros,G,0,3,3548,NSH,ANA,2023-11-14 00:00:00,Tuesday 08:00 PM,2023020234,1,0,0,17,20,14,17,2,2,1,-2.5999999999999996,L
8476412,50,J. Binnington,G,0,0,3600,STL,TBL,2023-11-14 00:00:00,Tuesday 08:00 PM,2023020235,1,1,4,30,30,29,29,1,1,1,13.0,W
8476945,37,C. Hellebuyck,G,0,3,3591,WPG,NJD,2023-11-14 00:00:00,Tuesday 08:00 PM,2023020236,1,0,4,31,34,29,30,2,4,1,4.2,W
8478406,29,M. Blackwood,G,0,4,3434,SJS,FLA,2023-11-14 00:00:00,Tuesday 10:30 PM,2023020237,1,0,0,26,30,21,23,4,6,1,-2.8,L
8481611,52,P. Kochetkov,G,0,3,3485,CAR,PHI,2023-11-15 00:00:00,Wednesday 07:30 PM,2023020238,1,0,0,21,24,19,22,0,0,1,-1.7999999999999998,L
8479973,74,S. Skinner,G,0,3,3705,EDM,SEA,2023-11-15 00:00:00,Wednesday 08:30 PM,2023020239,1,0,4,32,35,28,31,4,4,1,4.4,W
8480382,40,A. Georgiev,G,0,2,3593,COL,ANA,2023-11-15 00:00:00,Wednesday 09:00 PM,2023020240,1,0,4,15,17,13,15,1,1,1,3.0,W
8477967,35,T. Demko,G,0,3,3751,VAN,NYI,2023-11-15 00:00:00,Wednesday 10:00 PM,2023020241,1,0,4,30,33,26,27,3,5,1,4.0,W
8478009,30,I. Sorokin,G,0,3,3588,NYI,EDM,2023-11-13 00:00:00,Monday 08:30 PM,2023020227,1,0,0,28,31,26,27,2,4,1,-0.39999999999999947,L
8480382,40,A. Georgiev,G,0,1,3584,COL,SEA,2023-11-13 00:00:00,Monday 10:00 PM,2023020228,1,0,4,18,19,16,17,0,0,1,5.6,W
8476999,35,L. Ullmark,G,0,2,3561,BOS,BUF,2023-11-14 00:00:00,Tuesday 07:00 PM,2023020229,1,0,4,32,34,27,29,4,4,1,6.4,W
8477465,35,T. Jarry,G,0,3,3600,PIT,CBJ,2023-11-14 00:00:00,Tuesday 07:00 PM,2023020230,1,0,4,27,30,17,20,10,10,1,3.4000000000000004,W
8474593,25,J. Markstrom,G,0,1,3600,CGY,MTL,2023-11-14 00:00:00,Tuesday 07:00 PM,2023020231,1,0,4,34,35,24,25,9,9,1,8.8,W
8480313,36,L. Thompson,G,0,2,3509,VGK,WSH,2023-11-14 00:00:00,Tuesday 07:00 PM,2023020232,1,0,0,28,30,21,23,7,7,1,1.6000000000000005,L
8478872,70,K. Vejmelka,G,0,4,3642,ARI,DAL,2023-11-14 00:00:00,Tuesday 08:00 PM,2023020233,1,0,1,32,36,27,30,5,6,1,-0.5999999999999996,OTL
8476434,36,J. Gibson,G,0,2,3578,ANA,NSH,2023-11-14 00:00:00,Tuesday 08:00 PM,2023020234,1,0,4,28,30,17,18,11,12,1,5.6000000000000005,W
8477992,31,J. Johansson,G,0,4,3572,TBL,STL,2023-11-14 00:00:00,Tuesday 08:00 PM,2023020235,1,0,0,24,28,24,28,0,0,1,-3.1999999999999993,L
8481033,40,A. Schmid,G,0,5,3586,NJD,WPG,2023-11-14 00:00:00,Tuesday 08:00 PM,2023020236,1,0,0,25,30,20,23,4,6,1,-5.0,L
8476932,41,A. Stolarz,G,0,3,3600,FLA,SJS,2023-11-14 00:00:00,Tuesday 10:30 PM,2023020237,1,0,4,19,22,18,20,1,2,1,1.8000000000000003,W
8479394,79,C. Hart,G,0,1,3600,PHI,CAR,2023-11-15 00:00:00,Wednesday 07:30 PM,2023020238,1,0,4,31,32,29,30,2,2,1,8.2,W
8478916,35,J. Daccord,G,0,4,3738,SEA,EDM,2023-11-15 00:00:00,Wednesday 08:30 PM,2023020239,1,0,1,27,31,21,25,5,5,1,-1.5999999999999996,OTL
8480843,1,L. Dostal,G,0,8,3600,ANA,COL,2023-11-15 00:00:00,Wednesday 09:00 PM,2023020240,1,0,0,30,38,19,26,8,9,1,-10.0,L
8478009,30,I. Sorokin,G,0,4,3756,NYI,VAN,2023-11-15 00:00:00,Wednesday 10:00 PM,2023020241,1,0,1,39,43,35,36,4,7,1,0.8000000000000007,OTL
8476914,70,J. Korpisalo,G,0,4,3898,OTT,DET,2023-11-16 00:00:00,Thursday 02:00 PM,2023020242,1,0,4,37,41,29,33,6,6,1,3.4000000000000004,W
8478007,90,E. Merzlikins,G,0,3,3400,CBJ,ARI,2023-11-16 00:00:00,Thursday 07:00 PM,2023020243,1,0,0,29,32,27,29,1,2,1,-0.1999999999999993,L
8480051,30,C. Primeau,G,0,6,3544,MTL,VGK,2023-11-16 00:00:00,Thursday 07:00 PM,2023020244,1,0,0,36,42,25,27,11,14,1,-4.8,L
8477465,35,T. Jarry,G,0,5,3600,PIT,NJD,2023-11-16 00:00:00,Thursday 07:00 PM,2023020245,1,0,0,26,31,23,27,0,0,1,-4.8,L
8475852,34,P. Mrazek,G,0,3,3525,CHI,TBL,2023-11-16 00:00:00,Thursday 08:00 PM,2023020246,1,0,0,28,31,25,27,2,3,1,-0.39999999999999947,L
8474593,25,J. Markstrom,G,0,2,3521,CGY,VAN,2023-11-16 00:00:00,Thursday 09:00 PM,2023020247,1,0,4,20,22,18,19,2,3,1,4.0,W
8475831,31,P. Grubauer,G,0,3,3900,SEA,NYI,2023-11-16 00:00:00,Thursday 10:00 PM,2023020248,1,0,4,20,23,16,17,4,6,1,2.0,W
8475660,39,C. Talbot,G,0,1,3580,LAK,FLA,2023-11-16 00:00:00,Thursday 10:30 PM,2023020249,1,0,4,30,31,20,21,10,10,1,8.0,W
8478039,36,K. Kahkonen,G,0,1,3584,SJS,STL,2023-11-16 00:00:00,Thursday 10:30 PM,2023020250,1,0,4,44,45,34,35,9,9,1,10.8,W
8479312,34,A. Lyon,G,0,3,3508,DET,TOR,2023-11-17 00:00:00,Friday 02:00 PM,2023020251,1,0,0,26,29,20,22,4,5,1,-0.7999999999999998,L
8476945,37,C. Hellebuyck,G,0,2,3600,WPG,BUF,2023-11-17 00:00:00,Friday 08:00 PM,2023020252,1,0,4,26,28,23,25,3,3,1,5.2,W
8476434,36,J. Gibson,G,0,2,3471,ANA,FLA,2023-11-17 00:00:00,Friday 10:00 PM,2023020253,1,0,0,33,35,25,27,8,8,1,2.6000000000000005,L
8476341,31,A. Forsberg,G,0,1,3900,OTT,MIN,2023-11-18 00:00:00,Saturday 11:00 AM,2023020254,1,0,4,24,25,18,19,6,6,1,6.800000000000001,W
8479394,79,C. Hart,G,0,3,3660,PHI,VGK,2023-11-18 00:00:00,Saturday 01:00 PM,2023020255,1,0,4,28,31,21,23,5,6,1,3.6000000000000005,W
8480947,32,K. Lankinen,G,0,2,3600,NSH,CHI,2023-11-18 00:00:00,Saturday 02:00 PM,2023020256,1,0,4,29,31,25,27,2,2,1,5.800000000000001,W
8477992,31,J. Johansson,G,0,4,3600,TBL,EDM,2023-11-18 00:00:00,Saturday 04:00 PM,2023020257,1,0,4,39,43,33,36,6,6,1,3.8000000000000007,W
8480280,1,J. Swayman,G,0,2,3600,BOS,MTL,2023-11-18 00:00:00,Saturday 07:00 PM,2023020258,1,0,4,20,22,15,17,4,4,1,4.0,W
8477293,32,A. Raanta,G,0,2,3600,CAR,PIT,2023-11-18 00:00:00,Saturday 07:00 PM,2023020259,1,0,4,26,28,24,26,1,1,1,5.2,W
8474593,25,J. Markstrom,G,0,4,3900,CGY,NYI,2023-11-18 00:00:00,Saturday 07:00 PM,2023020260,1,0,1,29,33,27,30,1,2,1,-1.1999999999999993,OTL
8477970,41,V. Vanecek,G,0,4,3456,NJD,NYR,2023-11-18 00:00:00,Saturday 07:00 PM,2023020261,1,0,0,30,34,26,29,4,5,1,-2.0,L
8476316,39,L. Brossoit,G,0,2,3600,WPG,ARI,2023-11-18 00:00:00,Saturday 07:00 PM,2023020262,1,0,4,16,18,14,16,2,2,1,3.2,W
8479292,79,C. Lindgren,G,0,3,3600,WSH,CBJ,2023-11-18 00:00:00,Saturday 07:30 PM,2023020263,1,0,4,33,36,25,28,7,7,1,4.6000000000000005,W
8479979,29,J. Oettinger,G,0,5,3444,DAL,COL,2023-11-18 00:00:00,Saturday 08:00 PM,2023020264,1,0,0,32,37,27,31,4,5,1,-3.5999999999999996,L
8477967,35,T. Demko,G,0,4,3445,VAN,SEA,2023-11-18 00:00:00,Saturday 10:00 PM,2023020265,1,0,0,22,26,21,25,0,0,1,-3.5999999999999996,L
8475660,39,C. Talbot,G,0,1,3600,LAK,STL,2023-11-18 00:00:00,Saturday 10:30 PM,2023020266,1,0,4,29,30,22,23,7,7,1,7.800000000000001,W
8470594,29,M. Fleury,G,0,4,3789,MIN,TOR,2023-11-19 00:00:00,Sunday 08:00 AM,2023020267,1,0,1,21,25,19,22,2,3,1,-2.8,OTL
8473503,47,J. Reimer,G,0,5,3898,DET,OTT,2023-11-16 00:00:00,Thursday 02:00 PM,2023020242,1,0,1,29,34,23,27,6,7,1,-3.1999999999999993,OTL
8478971,39,C. Ingram,G,0,2,3600,ARI,CBJ,2023-11-16 00:00:00,Thursday 07:00 PM,2023020243,1,0,4,39,41,33,35,4,4,1,7.800000000000001,W
8478499,33,A. Hill,G,0,5,3600,VGK,MTL,2023-11-16 00:00:00,Thursday 07:00 PM,2023020244,1,0,4,23,28,17,22,4,4,1,-1.3999999999999995,W
8477970,41,V. Vanecek,G,0,2,3597,NJD,PIT,2023-11-16 00:00:00,Thursday 07:00 PM,2023020245,1,0,4,21,23,20,22,1,1,1,4.2,W
8477992,31,J. Johansson,G,0,2,3600,TBL,CHI,2023-11-16 00:00:00,Thursday 08:00 PM,2023020246,1,0,4,12,14,7,8,3,4,1,2.4000000000000004,W
8479193,29,C. DeSmith,G,0,4,3556,VAN,CGY,2023-11-16 00:00:00,Thursday 09:00 PM,2023020247,1,0,0,34,38,33,37,0,0,1,-1.1999999999999993,L
8473575,40,S. Varlamov,G,0,3,3875,NYI,SEA,2023-11-16 00:00:00,Thursday 10:00 PM,2023020248,1,0,1,29,32,25,25,3,6,1,0.8000000000000007,OTL
8475683,72,S. Bobrovsky,G,0,2,3463,FLA,LAK,2023-11-16 00:00:00,Thursday 10:30 PM,2023020249,1,0,0,25,27,21,22,3,4,1,1.0,L
8480981,30,J. Hofer,G,0,4,1375,STL,SJS,2023-11-16 00:00:00,Thursday 10:30 PM,2023020250,1,0,0,17,21,16,20,0,0,1,-4.6,L
8476412,50,J. Binnington,G,0,1,2195,STL,SJS,2023-11-16 00:00:00,Thursday 10:30 PM,2023020250,0,0,0,13,14,12,13,1,1,1,0.6000000000000001,L
8478492,35,I. Samsonov,G,0,2,3596,TOR,DET,2023-11-17 00:00:00,Friday 02:00 PM,2023020251,1,0,4,27,29,20,22,5,5,1,5.4,W
8477480,31,E. Comrie,G,0,3,3560,BUF,WPG,2023-11-17 00:00:00,Friday 08:00 PM,2023020252,1,0,0,15,18,10,13,4,4,1,-3.0,L
8476932,41,A. Stolarz,G,0,1,3590,FLA,ANA,2023-11-17 00:00:00,Friday 10:00 PM,2023020253,1,0,4,34,35,29,29,3,4,1,8.8,W
8479406,32,F. Gustavsson,G,0,1,3881,MIN,OTT,2023-11-18 00:00:00,Saturday 11:00 AM,2023020254,1,0,1,30,31,24,25,6,6,1,5.0,OTL
8480313,36,L. Thompson,G,0,4,3658,VGK,PHI,2023-11-18 00:00:00,Saturday 01:00 PM,2023020255,1,0,1,34,38,26,28,7,9,1,-0.1999999999999993,OTL
8482821,40,A. Soderblom,G,0,3,3488,CHI,NSH,2023-11-18 00:00:00,Saturday 02:00 PM,2023020256,1,0,0,28,31,21,23,7,8,1,-0.39999999999999947,L
8479973,74,S. Skinner,G,0,5,3540,EDM,TBL,2023-11-18 00:00:00,Saturday 04:00 PM,2023020257,1,0,0,18,23,13,16,5,7,1,-6.4,L
8474596,34,J. Allen,G,0,5,3600,MTL,BOS,2023-11-18 00:00:00,Saturday 07:00 PM,2023020258,1,0,0,39,44,30,33,8,10,1,-2.1999999999999993,L
8477465,35,T. Jarry,G,0,3,3564,PIT,CAR,2023-11-18 00:00:00,Saturday 07:00 PM,2023020259,1,0,0,30,33,26,29,3,3,1,0.0,L
8478009,30,I. Sorokin,G,0,4,3900,NYI,CGY,2023-11-18 00:00:00,Saturday 07:00 PM,2023020260,1,0,4,35,39,32,36,1,1,1,3.0,W
8478048,31,I. Shesterkin,G,0,3,3600,NYR,NJD,2023-11-18 00:00:00,Saturday 07:00 PM,2023020261,1,0,4,30,33,28,30,0,1,1,4.0,W
8478872,70,K. Vejmelka,G,0,4,3536,ARI,WPG,2023-11-18 00:00:00,Saturday 07:00 PM,2023020262,1,0,0,21,25,19,23,2,2,1,-3.8,L
8478007,90,E. Merzlikins,G,0,4,3527,CBJ,WSH,2023-11-18 00:00:00,Saturday 07:30 PM,2023020263,1,0,0,22,26,19,23,3,3,1,-3.5999999999999996,L
8480382,40,A. Georgiev,G,0,3,3600,COL,DAL,2023-11-18 00:00:00,Saturday 08:00 PM,2023020264,1,0,4,25,28,18,20,6,7,1,3.0,W
8475831,31,P. Grubauer,G,0,3,3600,SEA,VAN,2023-11-18 00:00:00,Saturday 10:00 PM,2023020265,1,0,4,21,24,20,23,1,1,1,2.2,W
8476412,50,J. Binnington,G,0,5,3592,STL,LAK,2023-11-18 00:00:00,Saturday 10:30 PM,2023020266,1,0,0,26,31,24,27,2,3,1,-4.8,L
8479361,60,J. Woll,G,0,3,3789,TOR,MIN,2023-11-19 00:00:00,Sunday 08:00 AM,2023020267,1,0,4,33,36,27,30,5,5,1,4.6000000000000005,W
8481035,33,S. Ersson,G,0,2,3600,PHI,CBJ,2023-11-19 00:00:00,Sunday 05:30 PM,2023020268,1,0,4,20,22,20,22,0,0,1,4.0,W
8477968,39,A. Nedeljkovic,G,0,0,3600,PIT,VGK,2023-11-19 00:00:00,Sunday 06:00 PM,2023020269,1,1,4,38,38,33,33,4,4,1,14.600000000000001,W
8475852,34,P. Mrazek,G,0,3,3467,CHI,BUF,2023-11-19 00:00:00,Sunday 07:00 PM,2023020270,1,0,0,17,20,15,17,1,2,1,-2.5999999999999996,L
8476434,36,J. Gibson,G,0,3,3453,ANA,STL,2023-11-19 00:00:00,Sunday 08:00 PM,2023020271,1,0,0,28,31,22,24,5,6,1,-0.39999999999999947,L
8477484,30,S. Martin,G,0,4,3534,CBJ,PHI,2023-11-19 00:00:00,Sunday 05:30 PM,2023020268,1,0,0,21,25,16,18,4,5,1,-3.8,L
8478499,33,A. Hill,G,0,2,3594,VGK,PIT,2023-11-19 00:00:00,Sunday 06:00 PM,2023020269,1,0,0,30,32,26,28,4,4,1,2.0,L
8480045,1,U. Luukkonen,G,0,2,3600,BUF,CHI,2023-11-19 00:00:00,Sunday 07:00 PM,2023020270,1,0,4,24,26,22,24,1,1,1,4.800000000000001,W
8480981,30,J. Hofer,G,0,1,3566,STL,ANA,2023-11-19 00:00:00,Sunday 08:00 PM,2023020271,1,0,4,30,31,25,26,4,4,1,8.0,W
8477424,74,J. Saros,G,0,2,3590,NSH,CGY,2023-11-22 00:00:00,Wednesday 09:00 PM,2023020288,1,0,4,24,26,20,21,4,4,1,4.800000000000001,W
8479979,29,J. Oettinger,G,0,2,3717,DAL,VGK,2023-11-22 00:00:00,Wednesday 09:30 PM,2023020289,1,0,1,24,26,17,18,7,8,1,1.8000000000000007,OTL
8476434,36,J. Gibson,G,0,4,3505,ANA,MTL,2023-11-22 00:00:00,Wednesday 10:00 PM,2023020290,1,0,0,24,28,18,22,6,6,1,-3.1999999999999993,L
8480382,40,A. Georgiev,G,0,2,3600,COL,VAN,2023-11-22 00:00:00,Wednesday 10:00 PM,2023020291,1,0,4,27,29,22,24,4,4,1,5.4,W
8478916,35,J. Daccord,G,0,1,3600,SEA,SJS,2023-11-22 00:00:00,Wednesday 10:00 PM,2023020292,1,0,4,13,14,13,14,0,0,1,4.6,W
8480280,1,J. Swayman,G,0,4,3436,BOS,DET,2023-11-24 00:00:00,Friday 01:00 PM,2023020293,1,0,0,24,28,18,20,6,8,1,-3.1999999999999993,L
8479394,79,C. Hart,G,0,3,3421,PHI,NYR,2023-11-24 00:00:00,Friday 01:00 PM,2023020294,1,0,0,16,19,10,13,4,4,1,-2.8,L
8482821,40,A. Soderblom,G,0,3,3870,CHI,TOR,2023-11-24 00:00:00,Friday 02:00 PM,2023020295,1,0,4,34,37,29,32,4,4,1,4.800000000000001,W
8481033,40,A. Schmid,G,0,2,3463,NJD,CBJ,2023-11-24 00:00:00,Friday 03:00 PM,2023020296,1,0,0,26,28,21,23,4,4,1,1.2000000000000002,L
8480981,30,J. Hofer,G,0,4,1365,STL,NSH,2023-11-24 00:00:00,Friday 03:00 PM,2023020297,1,0,0,11,15,11,15,0,0,1,-5.8,L
8476412,50,J. Binnington,G,0,4,2225,STL,NSH,2023-11-24 00:00:00,Friday 03:00 PM,2023020297,0,0,0,16,20,7,10,8,9,1,-4.8,L
8479292,79,C. Lindgren,G,0,5,3565,WSH,EDM,2023-11-24 00:00:00,Friday 03:00 PM,2023020298,1,0,0,30,35,25,27,4,7,1,-4.0,L
8476434,36,J. Gibson,G,0,5,3571,ANA,LAK,2023-11-24 00:00:00,Friday 03:30 PM,2023020299,1,0,0,26,31,23,26,3,5,1,-4.8,L
8478406,29,M. Blackwood,G,0,2,3881,SJS,MTL,2023-11-24 00:00:00,Friday 03:30 PM,2023020300,1,0,1,22,24,20,22,2,2,1,1.4000000000000004,OTL
8480045,1,U. Luukkonen,G,0,2,3590,BUF,PIT,2023-11-24 00:00:00,Friday 06:00 PM,2023020301,1,0,4,31,33,26,28,5,5,1,6.2,W
8476341,31,A. Forsberg,G,0,5,3467,OTT,NYI,2023-11-24 00:00:00,Friday 07:30 PM,2023020302,1,0,0,21,26,19,23,2,3,1,-5.8,L
8477293,32,A. Raanta,G,0,8,3594,CAR,TBL,2023-11-24 00:00:00,Friday 08:00 PM,2023020303,1,0,0,6,14,6,10,0,4,1,-14.8,L
8475683,72,S. Bobrovsky,G,2,2,3532,FLA,WPG,2023-11-24 00:00:00,Friday 08:00 PM,2023020304,1,0,0,28,30,26,28,2,2,1,1.6000000000000005,L
8479979,29,J. Oettinger,G,0,6,3498,DAL,CGY,2023-11-24 00:00:00,Friday 08:30 PM,2023020305,1,0,0,20,26,15,21,5,5,1,-8.0,L
8479406,32,F. Gustavsson,G,0,3,3547,MIN,COL,2023-11-24 00:00:00,Friday 08:30 PM,2023020306,1,0,0,22,25,13,15,9,10,1,-1.5999999999999996,L
8478916,35,J. Daccord,G,0,5,3600,SEA,VAN,2023-11-24 00:00:00,Friday 10:00 PM,2023020307,1,0,0,22,27,16,20,3,3,1,-5.6,L
8471734,32,J. Quick,G,0,4,3568,NYR,BOS,2023-11-25 00:00:00,Saturday 01:00 PM,2023020308,1,0,4,27,31,22,25,3,4,1,1.4000000000000004,W
8477831,29,P. Copley,G,0,0,3580,LAK,MTL,2023-11-25 00:00:00,Saturday 04:00 PM,2023020309,1,1,4,18,18,10,10,7,7,1,10.6,W
8477970,41,V. Vanecek,G,0,2,3564,NJD,BUF,2023-11-25 00:00:00,Saturday 07:00 PM,2023020310,1,0,4,10,12,10,10,0,2,1,2.0,W
8477465,35,T. Jarry,G,0,2,3593,PIT,TOR,2023-11-25 00:00:00,Saturday 07:00 PM,2023020311,1,0,4,31,33,25,27,6,6,1,6.2,W
8478009,30,I. Sorokin,G,0,0,3846,NYI,PHI,2023-11-25 00:00:00,Saturday 07:30 PM,2023020312,1,1,1,40,40,34,34,3,3,1,12.0,OTL
8481031,50,I. Prosvetov,G,0,1,3561,COL,CGY,2023-11-25 00:00:00,Saturday 10:00 PM,2023020313,1,0,4,29,30,27,28,1,1,1,7.800000000000001,W
8478039,36,K. Kahkonen,G,0,3,3570,SJS,VAN,2023-11-25 00:00:00,Saturday 10:00 PM,2023020314,1,0,4,30,33,25,26,5,7,1,4.0,W
8480313,36,L. Thompson,G,0,1,3509,VGK,ARI,2023-11-25 00:00:00,Saturday 10:00 PM,2023020315,1,0,0,16,17,16,17,0,0,1,1.2000000000000002,L
8475683,72,S. Bobrovsky,G,0,3,3600,FLA,EDM,2023-11-20 00:00:00,Monday 07:00 PM,2023020272,1,0,4,26,29,22,25,2,2,1,3.2,W
8477992,31,J. Johansson,G,0,4,3544,TBL,BOS,2023-11-20 00:00:00,Monday 07:00 PM,2023020273,1,0,4,23,27,20,24,2,2,1,0.6000000000000005,W
8475809,41,S. Wedgewood,G,0,3,3588,DAL,NYR,2023-11-20 00:00:00,Monday 08:00 PM,2023020274,1,0,4,30,33,27,29,3,4,1,4.0,W
8477424,74,J. Saros,G,0,3,3524,NSH,COL,2023-11-20 00:00:00,Monday 08:00 PM,2023020275,1,0,4,26,29,22,23,3,4,1,3.2,W
8478971,39,C. Ingram,G,0,4,3600,ARI,LAK,2023-11-20 00:00:00,Monday 09:00 PM,2023020276,1,0,0,21,25,14,17,7,7,1,-3.8,L
8475831,31,P. Grubauer,G,0,2,1200,SEA,CGY,2023-11-20 00:00:00,Monday 10:00 PM,2023020277,1,0,0,5,7,5,6,0,1,1,-3.0,L
8478916,35,J. Daccord,G,0,2,2608,SEA,CGY,2023-11-20 00:00:00,Monday 10:00 PM,2023020277,0,0,1,22,24,18,20,3,3,1,1.4000000000000004,OTL
8477967,35,T. Demko,G,0,1,3600,VAN,SJS,2023-11-20 00:00:00,Monday 10:00 PM,2023020278,1,0,4,27,28,21,21,3,4,1,7.4,W
8477293,32,A. Raanta,G,0,1,1200,CAR,EDM,2023-11-22 00:00:00,Wednesday 07:00 PM,2023020279,1,0,4,7,8,6,6,1,2,1,3.4000000000000004,W
8481611,52,P. Kochetkov,G,0,2,2400,CAR,EDM,2023-11-22 00:00:00,Wednesday 07:00 PM,2023020279,0,0,0,13,15,10,11,2,2,1,-1.4,L
8478007,90,E. Merzlikins,G,0,3,3600,CBJ,CHI,2023-11-22 00:00:00,Wednesday 07:00 PM,2023020280,1,0,4,33,36,27,30,4,4,1,4.6000000000000005,W
8479312,34,A. Lyon,G,0,0,3572,DET,NJD,2023-11-22 00:00:00,Wednesday 07:00 PM,2023020281,1,1,4,16,16,14,14,0,0,1,10.2,W
8475683,72,S. Bobrovsky,G,0,3,3441,FLA,BOS,2023-11-22 00:00:00,Wednesday 07:00 PM,2023020282,1,0,0,22,25,18,21,3,3,1,-1.5999999999999996,L
8477465,35,T. Jarry,G,0,1,3570,PIT,NYR,2023-11-22 00:00:00,Wednesday 07:00 PM,2023020283,1,0,0,35,36,30,31,3,3,1,5.0,L
8477992,31,J. Johansson,G,0,3,3699,TBL,WPG,2023-11-22 00:00:00,Wednesday 07:00 PM,2023020284,1,0,1,29,32,27,29,2,3,1,0.8000000000000007,OTL
8475311,35,D. Kuemper,G,0,3,3879,WSH,BUF,2023-11-22 00:00:00,Wednesday 07:00 PM,2023020285,1,0,4,24,27,16,18,7,8,1,2.8000000000000007,W
8478009,30,I. Sorokin,G,0,2,3600,NYI,PHI,2023-11-22 00:00:00,Wednesday 07:30 PM,2023020286,1,0,4,34,36,32,34,2,2,1,6.800000000000001,W
8478971,39,C. Ingram,G,0,2,2049,ARI,STL,2023-11-22 00:00:00,Wednesday 09:00 PM,2023020287,0,0,0,18,20,15,17,3,3,1,-0.3999999999999999,L
8478872,70,K. Vejmelka,G,0,4,1448,ARI,STL,2023-11-22 00:00:00,Wednesday 09:00 PM,2023020287,1,0,0,7,11,7,9,0,0,1,-6.6,L
8474593,25,J. Markstrom,G,0,4,3589,CGY,NSH,2023-11-22 00:00:00,Wednesday 09:00 PM,2023020288,1,0,0,41,45,28,30,13,14,1,0.20000000000000107,L
8478499,33,A. Hill,G,0,1,3717,VGK,DAL,2023-11-22 00:00:00,Wednesday 09:30 PM,2023020289,1,0,4,31,32,27,28,3,3,1,8.2,W
8478470,35,S. Montembeault,G,0,3,3549,MTL,ANA,2023-11-22 00:00:00,Wednesday 10:00 PM,2023020290,1,0,4,30,33,28,30,0,1,1,4.0,W
8477967,35,T. Demko,G,0,4,3565,VAN,COL,2023-11-22 00:00:00,Wednesday 10:00 PM,2023020291,1,0,0,20,24,16,19,4,5,1,-4.0,L
8478406,29,M. Blackwood,G,0,3,2400,SJS,SEA,2023-11-22 00:00:00,Wednesday 10:00 PM,2023020292,0,0,0,10,13,5,7,5,6,1,-4.0,L
8478039,36,K. Kahkonen,G,0,4,1200,SJS,SEA,2023-11-22 00:00:00,Wednesday 10:00 PM,2023020292,1,0,0,13,17,12,16,1,1,1,-5.4,L
8478024,35,V. Husso,G,0,2,3585,DET,BOS,2023-11-24 00:00:00,Friday 01:00 PM,2023020293,1,0,4,25,27,17,18,7,8,1,5.0,W
8478048,31,I. Shesterkin,G,0,1,3593,NYR,PHI,2023-11-24 00:00:00,Friday 01:00 PM,2023020294,1,0,4,36,37,23,24,13,13,1,9.2,W
8478492,35,I. Samsonov,G,0,4,3870,TOR,CHI,2023-11-24 00:00:00,Friday 02:00 PM,2023020295,1,0,1,30,34,28,32,2,2,1,-1.0,OTL
8478007,90,E. Merzlikins,G,0,1,3600,CBJ,NJD,2023-11-24 00:00:00,Friday 03:00 PM,2023020296,1,0,4,37,38,29,30,8,8,1,9.4,W
8480947,32,K. Lankinen,G,0,3,3600,NSH,STL,2023-11-24 00:00:00,Friday 03:00 PM,2023020297,1,0,4,36,39,30,32,6,7,1,5.2,W
8479973,74,S. Skinner,G,0,0,3600,EDM,WSH,2023-11-24 00:00:00,Friday 03:00 PM,2023020298,1,1,4,25,25,19,19,6,6,1,12.0,W
8475660,39,C. Talbot,G,0,2,3600,LAK,ANA,2023-11-24 00:00:00,Friday 03:30 PM,2023020299,1,0,4,29,31,26,27,2,3,1,5.800000000000001,W
8480051,30,C. Primeau,G,0,2,3900,MTL,SJS,2023-11-24 00:00:00,Friday 03:30 PM,2023020300,1,0,4,31,33,25,26,6,7,1,6.2,W
8477968,39,A. Nedeljkovic,G,0,3,3525,PIT,BUF,2023-11-24 00:00:00,Friday 06:00 PM,2023020301,1,0,0,31,34,23,25,6,7,1,0.20000000000000018,L
8473575,40,S. Varlamov,G,0,3,3600,NYI,OTT,2023-11-24 00:00:00,Friday 07:30 PM,2023020302,1,0,4,28,31,23,25,5,6,1,3.6000000000000005,W
8476883,88,A. Vasilevskiy,G,0,2,3600,TBL,CAR,2023-11-24 00:00:00,Friday 08:00 PM,2023020303,1,0,4,22,24,17,18,4,5,1,4.4,W
8476945,37,C. Hellebuyck,G,0,0,3595,WPG,FLA,2023-11-24 00:00:00,Friday 08:00 PM,2023020304,1,1,4,33,33,28,28,5,5,1,13.600000000000001,W
8474593,25,J. Markstrom,G,0,4,3600,CGY,DAL,2023-11-24 00:00:00,Friday 08:30 PM,2023020305,1,0,4,24,28,20,23,4,5,1,0.8000000000000007,W
8480382,40,A. Georgiev,G,0,2,3600,COL,MIN,2023-11-24 00:00:00,Friday 08:30 PM,2023020306,1,0,4,19,21,14,15,5,6,1,3.8000000000000003,W
8477967,35,T. Demko,G,0,1,3600,VAN,SEA,2023-11-24 00:00:00,Friday 10:00 PM,2023020307,1,0,4,23,24,18,19,5,5,1,6.6000000000000005,W
8476999,35,L. Ullmark,G,0,7,3600,BOS,NYR,2023-11-25 00:00:00,Saturday 01:00 PM,2023020308,1,0,0,33,40,30,35,3,4,1,-7.3999999999999995,L
8474596,34,J. Allen,G,0,4,3600,MTL,LAK,2023-11-25 00:00:00,Saturday 04:00 PM,2023020309,1,0,0,26,30,23,27,3,3,1,-2.8,L
8482221,27,D. Levi,G,0,3,2385,BUF,NJD,2023-11-25 00:00:00,Saturday 07:00 PM,2023020310,0,0,0,17,20,16,18,0,1,1,-2.5999999999999996,L
8477480,31,E. Comrie,G,0,4,1200,BUF,NJD,2023-11-25 00:00:00,Saturday 07:00 PM,2023020310,1,0,0,14,18,14,18,0,0,1,-5.199999999999999,L
8479361,60,J. Woll,G,0,3,3437,TOR,PIT,2023-11-25 00:00:00,Saturday 07:00 PM,2023020311,1,0,0,32,35,28,31,3,3,1,0.40000000000000036,L
8481035,33,S. Ersson,G,0,0,3900,PHI,NYI,2023-11-25 00:00:00,Saturday 07:30 PM,2023020312,1,1,4,25,25,25,25,0,0,1,12.0,W
8478435,80,D. Vladar,G,0,3,3479,CGY,COL,2023-11-25 00:00:00,Saturday 10:00 PM,2023020313,1,0,0,21,24,17,19,3,4,1,-1.7999999999999998,L
8479193,29,C. DeSmith,G,0,4,3429,VAN,SJS,2023-11-25 00:00:00,Saturday 10:00 PM,2023020314,1,0,0,18,22,17,20,1,2,1,-4.4,L
8478971,39,C. Ingram,G,0,0,3600,ARI,VGK,2023-11-25 00:00:00,Saturday 10:00 PM,2023020315,1,1,4,34,34,23,23,10,10,1,13.8,W
8475717,30,C. Pickard,G,2,4,3458,EDM,FLA,2023-11-20 00:00:00,Monday 07:00 PM,2023020272,1,0,0,28,32,25,28,3,4,1,-2.3999999999999995,L
8480280,1,J. Swayman,G,0,5,3670,BOS,TBL,2023-11-20 00:00:00,Monday 07:00 PM,2023020273,1,0,1,42,47,32,36,8,9,1,-0.5999999999999996,OTL
8478048,31,I. Shesterkin,G,0,4,3537,NYR,DAL,2023-11-20 00:00:00,Monday 08:00 PM,2023020274,1,0,0,30,34,26,29,3,4,1,-2.0,L
8480382,40,A. Georgiev,G,0,4,3554,COL,NSH,2023-11-20 00:00:00,Monday 08:00 PM,2023020275,1,0,0,26,30,21,25,5,5,1,-2.8,L
8477831,29,P. Copley,G,0,1,3582,LAK,ARI,2023-11-20 00:00:00,Monday 09:00 PM,2023020276,1,0,4,30,31,14,15,15,15,1,8.0,W
8478435,80,D. Vladar,G,0,3,3808,CGY,SEA,2023-11-20 00:00:00,Monday 10:00 PM,2023020277,1,0,4,28,31,24,27,4,4,1,3.6000000000000005,W
8478406,29,M. Blackwood,G,0,3,3525,SJS,VAN,2023-11-20 00:00:00,Monday 10:00 PM,2023020278,1,0,0,34,37,27,29,6,6,1,0.8000000000000007,L
8475717,30,C. Pickard,G,0,1,2657,EDM,CAR,2023-11-22 00:00:00,Wednesday 07:00 PM,2023020279,0,0,0,13,14,10,11,3,3,1,0.6000000000000001,L
8479973,74,S. Skinner,G,0,4,888,EDM,CAR,2023-11-22 00:00:00,Wednesday 07:00 PM,2023020279,1,0,0,8,12,7,11,1,1,1,-6.4,L
8475852,34,P. Mrazek,G,0,5,1936,CHI,CBJ,2023-11-22 00:00:00,Wednesday 07:00 PM,2023020280,1,0,0,13,18,12,16,1,2,1,-7.4,L
8482821,40,A. Soderblom,G,0,2,1660,CHI,CBJ,2023-11-22 00:00:00,Wednesday 07:00 PM,2023020280,0,0,0,6,8,6,8,0,0,1,-2.8,L
8477970,41,V. Vanecek,G,0,4,3571,NJD,DET,2023-11-22 00:00:00,Wednesday 07:00 PM,2023020281,1,0,0,24,28,18,21,4,5,1,-3.1999999999999993,L
8476999,35,L. Ullmark,G,0,1,3600,BOS,FLA,2023-11-22 00:00:00,Wednesday 07:00 PM,2023020282,1,0,4,27,28,23,24,3,3,1,7.4,W
8471734,32,J. Quick,G,0,0,3600,NYR,PIT,2023-11-22 00:00:00,Wednesday 07:00 PM,2023020283,1,1,4,32,32,26,26,5,5,1,13.4,W
8476945,37,C. Hellebuyck,G,0,2,3699,WPG,TBL,2023-11-22 00:00:00,Wednesday 07:00 PM,2023020284,1,0,4,31,33,31,32,0,1,1,6.2,W
8482221,27,D. Levi,G,0,4,3874,BUF,WSH,2023-11-22 00:00:00,Wednesday 07:00 PM,2023020285,1,0,1,26,30,22,26,3,3,1,-1.7999999999999998,OTL
8479394,79,C. Hart,G,0,3,3495,PHI,NYI,2023-11-22 00:00:00,Wednesday 07:30 PM,2023020286,1,0,0,22,25,18,21,2,2,1,-1.5999999999999996,L
8480981,30,J. Hofer,G,0,0,1920,STL,ARI,2023-11-22 00:00:00,Wednesday 09:00 PM,2023020287,0,0,4,12,12,12,12,0,0,1,6.4,W
8476412,50,J. Binnington,G,0,5,1680,STL,ARI,2023-11-22 00:00:00,Wednesday 09:00 PM,2023020287,1,0,0,8,13,6,11,2,2,1,-8.4,L
8479973,74,S. Skinner,G,0,2,3519,EDM,ANA,2023-11-26 00:00:00,Sunday 09:00 PM,2023020320,1,0,4,21,23,20,22,1,1,1,4.2,W
8479312,34,A. Lyon,G,0,1,3600,DET,MIN,2023-11-26 00:00:00,Sunday 01:00 PM,2023020316,1,0,4,37,38,30,30,5,6,1,9.4,W
8482821,40,A. Soderblom,G,0,4,3552,CHI,STL,2023-11-26 00:00:00,Sunday 02:00 PM,2023020317,1,0,0,24,28,23,26,1,2,1,-3.1999999999999993,L
8481611,52,P. Kochetkov,G,0,2,3600,CAR,CBJ,2023-11-26 00:00:00,Sunday 05:00 PM,2023020318,1,0,4,21,23,20,22,0,0,1,4.2,W
8477424,74,J. Saros,G,0,2,3600,NSH,WPG,2023-11-26 00:00:00,Sunday 08:00 PM,2023020319,1,0,4,32,34,31,32,0,1,1,6.4,W
8480843,1,L. Dostal,G,0,6,1640,ANA,EDM,2023-11-26 00:00:00,Sunday 09:00 PM,2023020320,1,0,0,10,16,9,15,1,1,1,-10.0,L
8476434,36,J. Gibson,G,0,2,1960,ANA,EDM,2023-11-26 00:00:00,Sunday 09:00 PM,2023020320,0,0,0,8,10,5,5,3,5,1,-2.4,L
8479406,32,F. Gustavsson,G,0,3,3510,MIN,DET,2023-11-26 00:00:00,Sunday 01:00 PM,2023020316,1,0,0,19,22,11,12,7,9,1,-2.1999999999999997,L
8476412,50,J. Binnington,G,0,2,3600,STL,CHI,2023-11-26 00:00:00,Sunday 02:00 PM,2023020317,1,0,4,32,34,29,31,2,2,1,6.4,W
8478007,90,E. Merzlikins,G,0,3,3535,CBJ,CAR,2023-11-26 00:00:00,Sunday 05:00 PM,2023020318,1,0,0,40,43,35,38,5,5,1,2.0,L
8476316,39,L. Brossoit,G,0,3,3509,WPG,NSH,2023-11-26 00:00:00,Sunday 08:00 PM,2023020319,1,0,0,23,26,23,25,0,1,1,-1.3999999999999995,L
8477484,30,S. Martin,G,0,2,3600,CBJ,BOS,2023-11-27 00:00:00,Monday 07:00 PM,2023020321,1,0,4,31,33,27,29,1,1,1,6.2,W
8478048,31,I. Shesterkin,G,0,4,3519,NYR,BUF,2023-11-27 00:00:00,Monday 07:00 PM,2023020322,1,0,0,34,38,31,35,3,3,1,-1.1999999999999993,L
8476914,70,J. Korpisalo,G,0,5,3600,OTT,FLA,2023-11-27 00:00:00,Monday 07:00 PM,2023020323,1,0,0,33,38,23,25,8,11,1,-3.3999999999999995,L
8480382,40,A. Georgiev,G,0,1,3595,COL,TBL,2023-11-27 00:00:00,Monday 09:00 PM,2023020324,1,0,4,37,38,23,24,7,7,1,9.4,W
8478435,80,D. Vladar,G,0,1,3871,CGY,VGK,2023-11-27 00:00:00,Monday 09:30 PM,2023020325,1,0,4,27,28,22,22,3,4,1,7.4,W
8478406,29,M. Blackwood,G,0,1,3600,SJS,WSH,2023-11-27 00:00:00,Monday 10:30 PM,2023020326,1,0,4,33,34,27,28,6,6,1,8.600000000000001,W
8480280,1,J. Swayman,G,0,2,1574,BOS,CBJ,2023-11-27 00:00:00,Monday 07:00 PM,2023020321,1,0,0,17,19,14,16,2,2,1,-0.5999999999999996,L
8476999,35,L. Ullmark,G,0,2,1965,BOS,CBJ,2023-11-27 00:00:00,Monday 07:00 PM,2023020321,0,0,0,18,20,12,13,6,7,1,-0.3999999999999999,L
8480045,1,U. Luukkonen,G,0,1,3600,BUF,NYR,2023-11-27 00:00:00,Monday 07:00 PM,2023020322,1,0,4,25,26,22,22,3,4,1,7.0,W
8475683,72,S. Bobrovsky,G,0,0,3600,FLA,OTT,2023-11-27 00:00:00,Monday 07:00 PM,2023020323,1,1,4,20,20,15,15,4,4,1,11.0,W
8476883,88,A. Vasilevskiy,G,0,3,3512,TBL,COL,2023-11-27 00:00:00,Monday 09:00 PM,2023020324,1,0,0,19,22,16,18,3,4,1,-2.1999999999999997,L
8478499,33,A. Hill,G,0,2,3875,VGK,CGY,2023-11-27 00:00:00,Monday 09:30 PM,2023020325,1,0,1,32,34,25,27,4,4,1,3.4000000000000004,OTL
8475311,35,D. Kuemper,G,0,2,3496,WSH,SJS,2023-11-27 00:00:00,Monday 10:30 PM,2023020326,1,0,0,21,23,15,16,4,5,1,0.20000000000000018,L
8481033,40,A. Schmid,G,0,0,1615,NJD,NYI,2023-11-28 00:00:00,Tuesday 07:00 PM,2023020327,0,0,4,8,8,6,6,2,2,1,5.6,W
8477970,41,V. Vanecek,G,0,4,1985,NJD,NYI,2023-11-28 00:00:00,Tuesday 07:00 PM,2023020327,1,0,0,14,18,13,16,0,1,1,-5.199999999999999,L
8479394,79,C. Hart,G,0,3,3564,PHI,CAR,2023-11-28 00:00:00,Tuesday 07:30 PM,2023020328,1,0,0,32,35,28,31,2,2,1,0.40000000000000036,L
8479361,60,J. Woll,G,0,1,3900,TOR,FLA,2023-11-28 00:00:00,Tuesday 07:00 PM,2023020329,1,0,4,38,39,31,32,5,5,1,9.600000000000001,W
8479406,32,F. Gustavsson,G,0,1,3586,MIN,STL,2023-11-28 00:00:00,Tuesday 08:00 PM,2023020330,1,0,4,23,24,17,18,6,6,1,6.6000000000000005,W
8477424,74,J. Saros,G,0,2,3554,NSH,PIT,2023-11-28 00:00:00,Tuesday 08:00 PM,2023020331,1,0,4,29,31,22,24,5,5,1,5.800000000000001,W
8476945,37,C. Hellebuyck,G,0,2,3527,WPG,DAL,2023-11-28 00:00:00,Tuesday 08:00 PM,2023020332,1,0,0,19,21,16,18,2,2,1,-0.19999999999999973,L
8475852,34,P. Mrazek,G,0,3,3593,CHI,SEA,2023-11-28 00:00:00,Tuesday 08:30 PM,2023020333,1,0,4,33,36,24,26,9,9,1,4.6000000000000005,W
8478971,39,C. Ingram,G,0,1,3600,ARI,TBL,2023-11-28 00:00:00,Tuesday 09:00 PM,2023020334,1,0,4,30,31,25,26,4,4,1,8.0,W
8479973,74,S. Skinner,G,0,4,3900,EDM,VGK,2023-11-28 00:00:00,Tuesday 09:00 PM,2023020335,1,0,4,23,27,17,21,5,5,1,0.6000000000000005,W
8477967,35,T. Demko,G,0,1,3600,VAN,ANA,2023-11-28 00:00:00,Tuesday 10:00 PM,2023020336,1,0,4,30,31,21,21,6,7,1,8.0,W
8478007,90,E. Merzlikins,G,0,3,3536,CBJ,MTL,2023-11-29 00:00:00,Wednesday 07:00 PM,2023020337,1,0,0,27,30,26,29,0,0,1,-0.5999999999999996,L
8478048,31,I. Shesterkin,G,0,2,3600,NYR,DET,2023-11-29 00:00:00,Wednesday 07:30 PM,2023020338,1,0,4,25,27,19,20,5,6,1,5.0,W
8475660,39,C. Talbot,G,0,2,3437,LAK,WSH,2023-11-29 00:00:00,Wednesday 10:30 PM,2023020339,1,0,0,13,15,13,15,0,0,1,-1.4,L
8480280,1,J. Swayman,G,0,0,3574,BOS,SJS,2023-11-30 00:00:00,Thursday 07:00 PM,2023020340,1,1,4,26,26,22,22,3,3,1,12.2,W
8481611,52,P. Kochetkov,G,0,5,3665,CAR,NYI,2023-11-30 00:00:00,Thursday 07:30 PM,2023020341,1,0,1,11,16,9,12,1,2,1,-6.8,OTL
8479312,34,A. Lyon,G,0,1,3600,DET,CHI,2023-11-30 00:00:00,Thursday 07:00 PM,2023020342,1,0,4,34,35,28,28,5,6,1,8.8,W
8480051,30,C. Primeau,G,0,5,3600,MTL,FLA,2023-11-30 00:00:00,Thursday 07:00 PM,2023020343,1,0,0,24,29,17,21,2,3,1,-5.199999999999999,L
8479394,79,C. Hart,G,0,4,3546,PHI,NJD,2023-11-30 00:00:00,Thursday 07:00 PM,2023020344,1,0,1,31,35,18,21,12,13,1,-0.7999999999999998,OTL
8476883,88,A. Vasilevskiy,G,0,3,3528,TBL,PIT,2023-11-30 00:00:00,Thursday 07:00 PM,2023020345,1,0,0,25,28,23,26,2,2,1,-1.0,L
8479361,60,J. Woll,G,0,3,3888,TOR,SEA,2023-11-30 00:00:00,Thursday 07:00 PM,2023020346,1,0,4,37,40,27,29,9,10,1,5.4,W
8480947,32,K. Lankinen,G,0,2,2297,NSH,MIN,2023-11-30 00:00:00,Thursday 08:00 PM,2023020347,0,0,0,14,16,14,16,0,0,1,-1.1999999999999997,L
8477424,74,J. Saros,G,0,4,1260,NSH,MIN,2023-11-30 00:00:00,Thursday 08:00 PM,2023020347,1,0,0,11,15,6,9,5,6,1,-5.8,L
8476412,50,J. Binnington,G,0,4,3600,STL,BUF,2023-11-30 00:00:00,Thursday 08:00 PM,2023020348,1,0,4,42,46,35,39,7,7,1,4.4,W
8476945,37,C. Hellebuyck,G,0,2,3537,WPG,EDM,2023-11-30 00:00:00,Thursday 08:00 PM,2023020349,1,0,0,36,38,32,33,3,4,1,3.2,L
8478971,39,C. Ingram,G,0,3,3855,ARI,COL,2023-11-30 00:00:00,Thursday 09:00 PM,2023020350,1,0,4,28,31,24,25,4,6,1,3.6000000000000005,W
8474593,25,J. Markstrom,G,0,3,3661,CGY,DAL,2023-11-30 00:00:00,Thursday 09:00 PM,2023020351,1,0,4,13,16,13,16,0,0,1,0.6000000000000001,W
8476434,36,J. Gibson,G,0,5,3501,ANA,WSH,2023-11-30 00:00:00,Thursday 10:00 PM,2023020352,1,0,0,21,26,13,16,6,8,1,-5.8,L
8477967,35,T. Demko,G,0,4,3600,VAN,VGK,2023-11-30 00:00:00,Thursday 10:00 PM,2023020353,1,0,0,40,44,37,40,2,3,1,0.0,L
8478007,90,E. Merzlikins,G,0,2,3597,CBJ,OTT,2023-12-01 00:00:00,Friday 07:00 PM,2023020354,1,0,4,41,43,25,26,15,16,1,8.200000000000001,W
8481033,40,A. Schmid,G,0,5,3376,NJD,SJS,2023-12-01 00:00:00,Friday 07:00 PM,2023020355,1,0,0,12,17,12,17,0,0,1,-7.6,L
8479979,29,J. Oettinger,G,0,1,3600,DAL,TBL,2023-12-02 00:00:00,Saturday 02:00 PM,2023020356,1,0,4,32,33,21,21,9,10,1,8.4,W
8476945,37,C. Hellebuyck,G,0,1,3591,WPG,CHI,2023-12-02 00:00:00,Saturday 03:00 PM,2023020357,1,0,4,20,21,16,17,1,1,1,6.0,W
8480947,32,K. Lankinen,G,0,4,3471,NSH,NYR,2023-12-02 00:00:00,Saturday 04:30 PM,2023020358,1,0,0,23,27,21,24,2,3,1,-3.3999999999999995,L
8476932,41,A. Stolarz,G,0,4,3432,FLA,NYI,2023-12-02 00:00:00,Saturday 06:00 PM,2023020359,1,0,0,23,27,20,23,2,3,1,-3.3999999999999995,L
8481611,52,P. Kochetkov,G,0,2,3600,CAR,BUF,2023-12-02 00:00:00,Saturday 07:00 PM,2023020360,1,0,4,20,22,15,17,5,5,1,4.0,W
8474596,34,J. Allen,G,2,5,3649,MTL,DET,2023-12-02 00:00:00,Saturday 07:00 PM,2023020361,1,0,1,28,33,23,26,4,5,1,-3.3999999999999995,OTL
8476341,31,A. Forsberg,G,0,0,3600,OTT,SEA,2023-12-02 00:00:00,Saturday 07:00 PM,2023020362,1,1,4,39,39,30,30,6,6,1,14.8,W
8477465,35,T. Jarry,G,0,3,3814,PIT,PHI,2023-12-02 00:00:00,Saturday 07:00 PM,2023020363,1,0,1,31,34,26,27,5,6,1,1.2000000000000002,OTL
8479361,60,J. Woll,G,0,4,3785,TOR,BOS,2023-12-02 00:00:00,Saturday 07:00 PM,2023020364,1,0,1,33,37,30,34,3,3,1,-0.39999999999999947,OTL
8478971,39,C. Ingram,G,0,1,3600,ARI,STL,2023-12-02 00:00:00,Saturday 09:00 PM,2023020365,1,0,4,31,32,26,27,5,5,1,8.2,W
8476434,36,J. Gibson,G,0,3,3881,ANA,COL,2023-12-02 00:00:00,Saturday 10:00 PM,2023020366,1,0,4,34,37,28,31,6,6,1,4.800000000000001,W
8474593,25,J. Markstrom,G,0,3,3453,CGY,VAN,2023-12-02 00:00:00,Saturday 10:00 PM,2023020367,1,0,0,18,21,15,18,2,2,1,-2.4,L
8480313,36,L. Thompson,G,0,1,3556,VGK,WSH,2023-12-02 00:00:00,Saturday 10:00 PM,2023020368,1,0,4,21,22,21,22,0,0,1,6.2,W
8478009,30,I. Sorokin,G,0,5,3577,NYI,NJD,2023-11-28 00:00:00,Tuesday 07:00 PM,2023020327,1,0,0,28,33,22,26,6,7,1,-4.3999999999999995,L
8481611,52,P. Kochetkov,G,0,1,3600,CAR,PHI,2023-11-28 00:00:00,Tuesday 07:30 PM,2023020328,1,0,4,28,29,26,27,2,2,1,7.6000000000000005,W
8476932,41,A. Stolarz,G,0,1,3900,FLA,TOR,2023-11-28 00:00:00,Tuesday 07:00 PM,2023020329,1,0,1,31,32,23,24,7,7,1,5.2,OTL
8476412,50,J. Binnington,G,0,3,3444,STL,MIN,2023-11-28 00:00:00,Tuesday 08:00 PM,2023020330,1,0,0,34,37,30,33,4,4,1,0.8000000000000007,L
8477465,35,T. Jarry,G,0,3,3595,PIT,NSH,2023-11-28 00:00:00,Tuesday 08:00 PM,2023020331,1,0,1,22,25,14,17,6,6,1,-0.5999999999999996,OTL
8479979,29,J. Oettinger,G,0,0,3585,DAL,WPG,2023-11-28 00:00:00,Tuesday 08:00 PM,2023020332,1,1,4,27,27,21,21,6,6,1,12.4,W
8475831,31,P. Grubauer,G,2,4,3434,SEA,CHI,2023-11-28 00:00:00,Tuesday 08:30 PM,2023020333,1,0,0,19,23,15,19,3,3,1,-4.199999999999999,L
8477992,31,J. Johansson,G,0,3,3549,TBL,ARI,2023-11-28 00:00:00,Tuesday 09:00 PM,2023020334,1,0,0,24,27,19,22,5,5,1,-1.1999999999999993,L
8480313,36,L. Thompson,G,0,4,3900,VGK,EDM,2023-11-28 00:00:00,Tuesday 09:00 PM,2023020335,1,0,1,30,34,22,25,5,6,1,-1.0,OTL
8476434,36,J. Gibson,G,0,2,3576,ANA,VAN,2023-11-28 00:00:00,Tuesday 10:00 PM,2023020336,1,0,0,24,26,19,21,5,5,1,0.8000000000000007,L
8478470,35,S. Montembeault,G,0,2,3600,MTL,CBJ,2023-11-29 00:00:00,Wednesday 07:00 PM,2023020337,1,0,4,26,28,26,28,0,0,1,5.2,W
8478024,35,V. Husso,G,0,3,3505,DET,NYR,2023-11-29 00:00:00,Wednesday 07:30 PM,2023020338,1,0,0,38,41,30,33,5,5,1,1.6000000000000005,L
8479292,79,C. Lindgren,G,0,1,3600,WSH,LAK,2023-11-29 00:00:00,Wednesday 10:30 PM,2023020339,1,0,4,38,39,33,34,5,5,1,9.600000000000001,W
8478406,29,M. Blackwood,G,0,3,3600,SJS,BOS,2023-11-30 00:00:00,Thursday 07:00 PM,2023020340,1,0,0,34,37,29,31,3,4,1,0.8000000000000007,L
8473575,40,S. Varlamov,G,0,4,3766,NYI,CAR,2023-11-30 00:00:00,Thursday 07:30 PM,2023020341,1,0,4,39,43,34,38,3,3,1,3.8000000000000007,W
8475852,34,P. Mrazek,G,0,5,3582,CHI,DET,2023-11-30 00:00:00,Thursday 07:00 PM,2023020342,1,0,0,24,29,21,23,3,5,1,-5.199999999999999,L
8475683,72,S. Bobrovsky,G,0,1,3600,FLA,MTL,2023-11-30 00:00:00,Thursday 07:00 PM,2023020343,1,0,4,21,22,13,14,7,7,1,6.2,W
8481033,40,A. Schmid,G,0,3,3619,NJD,PHI,2023-11-30 00:00:00,Thursday 07:00 PM,2023020344,1,0,4,44,47,28,29,14,16,1,6.800000000000001,W
8477465,35,T. Jarry,G,0,2,3600,PIT,TBL,2023-11-30 00:00:00,Thursday 07:00 PM,2023020345,1,0,4,39,41,37,38,2,3,1,7.800000000000001,W
8475831,31,P. Grubauer,G,0,3,3884,SEA,TOR,2023-11-30 00:00:00,Thursday 07:00 PM,2023020346,1,0,1,25,28,19,21,6,7,1,0.0,OTL
8479406,32,F. Gustavsson,G,0,1,3598,MIN,NSH,2023-11-30 00:00:00,Thursday 08:00 PM,2023020347,1,0,4,26,27,20,21,6,6,1,7.2,W
8480045,1,U. Luukkonen,G,0,6,3320,BUF,STL,2023-11-30 00:00:00,Thursday 08:00 PM,2023020348,1,0,0,14,20,13,18,0,1,1,-9.2,L
8479973,74,S. Skinner,G,0,1,3594,EDM,WPG,2023-11-30 00:00:00,Thursday 08:00 PM,2023020349,1,0,4,25,26,18,18,6,7,1,7.0,W
8480382,40,A. Georgiev,G,0,4,3879,COL,ARI,2023-11-30 00:00:00,Thursday 09:00 PM,2023020350,1,0,1,29,32,21,23,6,7,1,-1.3999999999999995,OTL
8475809,41,S. Wedgewood,G,0,4,3661,DAL,CGY,2023-11-30 00:00:00,Thursday 09:00 PM,2023020351,1,0,1,32,36,27,31,5,5,1,-0.5999999999999996,OTL
8475311,35,D. Kuemper,G,0,4,3600,WSH,ANA,2023-11-30 00:00:00,Thursday 10:00 PM,2023020352,1,0,4,28,32,20,24,6,6,1,1.6000000000000005,W
8478499,33,A. Hill,G,0,0,2400,VGK,VAN,2023-11-30 00:00:00,Thursday 10:00 PM,2023020353,1,0,4,16,16,13,13,3,3,1,7.2,W
8480313,36,L. Thompson,G,0,1,1200,VGK,VAN,2023-11-30 00:00:00,Thursday 10:00 PM,2023020353,0,0,0,5,6,5,6,0,0,1,-1.0,L
8476914,70,J. Korpisalo,G,0,4,3471,OTT,CBJ,2023-12-01 00:00:00,Friday 07:00 PM,2023020354,1,0,0,19,23,14,16,3,5,1,-4.199999999999999,L
8478039,36,K. Kahkonen,G,0,3,3600,SJS,NJD,2023-12-01 00:00:00,Friday 07:00 PM,2023020355,1,0,4,44,47,41,43,3,4,1,6.800000000000001,W
8477992,31,J. Johansson,G,0,2,1200,TBL,DAL,2023-12-02 00:00:00,Saturday 02:00 PM,2023020356,0,0,0,7,9,7,9,0,0,1,-2.5999999999999996,L
8476883,88,A. Vasilevskiy,G,0,6,2400,TBL,DAL,2023-12-02 00:00:00,Saturday 02:00 PM,2023020356,1,0,0,19,25,14,18,4,6,1,-8.2,L
8482821,40,A. Soderblom,G,0,3,3493,CHI,WPG,2023-12-02 00:00:00,Saturday 03:00 PM,2023020357,1,0,0,25,28,25,27,0,1,1,-1.0,L
8478048,31,I. Shesterkin,G,0,3,3600,NYR,NSH,2023-12-02 00:00:00,Saturday 04:30 PM,2023020358,1,0,4,38,41,33,34,5,6,1,5.6000000000000005,W
8478009,30,I. Sorokin,G,0,3,3600,NYI,FLA,2023-12-02 00:00:00,Saturday 06:00 PM,2023020359,1,0,4,42,45,36,39,6,6,1,6.4,W
8477480,31,E. Comrie,G,0,6,3585,BUF,CAR,2023-12-02 00:00:00,Saturday 07:00 PM,2023020360,1,0,0,29,35,28,31,0,2,1,-6.199999999999999,L
8478024,35,V. Husso,G,0,4,3652,DET,MTL,2023-12-02 00:00:00,Saturday 07:00 PM,2023020361,1,0,4,26,30,22,24,3,4,1,1.2000000000000002,W
8478916,35,J. Daccord,G,0,2,3437,SEA,OTT,2023-12-02 00:00:00,Saturday 07:00 PM,2023020362,1,0,0,26,28,21,23,4,4,1,1.2000000000000002,L
8481035,33,S. Ersson,G,0,3,3900,PHI,PIT,2023-12-02 00:00:00,Saturday 07:00 PM,2023020363,1,0,4,29,32,22,25,6,6,1,3.8000000000000007,W
8476999,35,L. Ullmark,G,0,3,3892,BOS,TOR,2023-12-02 00:00:00,Saturday 07:00 PM,2023020364,1,0,4,37,40,36,39,1,1,1,5.4,W
8480981,30,J. Hofer,G,0,3,3437,STL,ARI,2023-12-02 00:00:00,Saturday 09:00 PM,2023020365,1,0,0,18,21,16,18,1,2,1,-2.4,L
8481031,50,I. Prosvetov,G,0,3,3900,COL,ANA,2023-12-02 00:00:00,Saturday 10:00 PM,2023020366,1,0,1,34,37,31,32,3,5,1,1.8000000000000007,OTL
8477967,35,T. Demko,G,0,3,3600,VAN,CGY,2023-12-02 00:00:00,Saturday 10:00 PM,2023020367,1,0,4,20,23,14,15,6,8,1,2.0,W
8475311,35,D. Kuemper,G,0,3,3566,WSH,VGK,2023-12-02 00:00:00,Saturday 10:00 PM,2023020368,1,0,0,32,35,28,30,4,5,1,0.40000000000000036,L
