playerId,sweaterNumber,name,position,evenStrengthShotsAgainst,powerPlayShotsAgainst,shorthandedShotsAgainst,saveShotsAgainst,savePctg,evenStrengthGoalsAgainst,powerPlayGoalsAgainst,shorthandedGoalsAgainst,pim,goalsAgainst,toi,team,opponent,gameDate,gameTime,gameId,start,shutout,win
8477992,31,J. Johansson,G,21/23,6/7,1/1,28/31,0.903,2,1,0,0,3,3600,TBL,NSH,2023-10-10,Tuesday 05:30 PM,2023020001,1,0,4
8477465,35,T. Jarry,G,26/29,5/5,1/1,32/35,0.914,3,0,0,0,3,3450,PIT,CHI,2023-10-10,Tuesday 08:00 PM,2023020002,1,0,0
8478499,33,A. Hill,G,22/23,10/10,0/0,32/33,0.97,1,0,0,0,1,3600,VGK,SEA,2023-10-10,Tuesday 10:30 PM,2023020003,1,0,4
8475883,31,F. Andersen,G,17/19,6/6,4/5,27/30,0.9,2,0,1,0,3,3600,CAR,OTT,2023-10-11,Wednesday 07:00 PM,2023020004,1,0,4
8478492,35,I. Samsonov,G,16/20,3/4,0/0,19/24,0.792,4,1,0,0,5,3726,TOR,MTL,2023-10-11,Wednesday 07:00 PM,2023020005,1,0,4
8476999,35,L. Ullmark,G,17/18,0/0,3/3,20/21,0.952,1,0,0,0,1,3593,BOS,CHI,2023-10-11,Wednesday 07:30 PM,2023020006,1,0,4
8474593,25,J. Markstrom,G,20/23,14/14,0/0,34/37,0.919,3,0,0,0,3,3584,CGY,WPG,2023-10-11,Wednesday 10:00 PM,2023020007,1,0,4
8475660,39,C. Talbot,G,25/28,6/7,1/1,32/36,0.889,3,1,0,0,4,3579,LAK,COL,2023-10-11,Wednesday 10:00 PM,2023020008,1,0,0
8479193,29,C. DeSmith,G,3/3,1/1,1/1,5/5,1.0,0,0,0,0,0,706,VAN,EDM,2023-10-11,Wednesday 10:00 PM,2023020009,0,0,0
8477967,35,T. Demko,G,16/16,5/6,0/0,21/22,0.955,0,1,0,0,1,2885,VAN,EDM,2023-10-11,Wednesday 10:00 PM,2023020009,1,0,4
8482221,27,D. Levi,G,23/25,3/4,0/1,26/30,0.867,2,1,1,0,4,3534,BUF,NYR,2023-10-12,Thursday 07:00 PM,2023020010,1,0,0
8478007,90,E. Merzlikins,G,25/27,3/3,5/5,33/35,0.943,2,0,0,0,2,3481,CBJ,PHI,2023-10-12,Thursday 07:00 PM,2023020011,1,0,0
8477970,41,V. Vanecek,G,25/26,4/6,3/3,32/35,0.914,1,2,0,0,3,3598,NJD,DET,2023-10-12,Thursday 07:30 PM,2023020012,1,0,4
8479979,29,J. Oettinger,G,20/21,0/0,3/3,23/24,0.958,1,0,0,0,1,3900,DAL,STL,2023-10-12,Thursday 08:00 PM,2023020013,1,0,4
8479406,32,F. Gustavsson,G,33/33,7/7,1/1,41/41,1.0,0,0,0,0,0,3600,MIN,FLA,2023-10-12,Thursday 08:00 PM,2023020014,1,1,4
8477424,74,J. Saros,G,21/21,2/2,0/0,23/23,1.0,0,0,0,0,0,3576,NSH,SEA,2023-10-12,Thursday 08:00 PM,2023020015,1,1,4
8478039,36,K. Kahkonen,G,24/28,1/1,3/3,28/32,0.875,4,0,0,0,4,3600,SJS,VGK,2023-10-12,Thursday 10:30 PM,2023020016,1,0,0
8481033,40,A. Schmid,G,23/24,6/8,1/1,30/33,0.909,1,2,0,0,3,3900,NJD,ARI,2023-10-13,Friday 07:00 PM,2023020017,1,0,1
8479292,79,C. Lindgren,G,28/30,3/5,0/0,31/35,0.886,2,2,0,0,4,3596,WSH,PIT,2023-10-13,Friday 07:30 PM,2023020018,1,0,0
8476341,31,A. Forsberg,G,13/14,5/6,1/1,19/21,0.905,1,1,0,0,2,3584,OTT,PHI,2023-10-14,Saturday 01:00 PM,2023020019,1,0,4
8476945,37,C. Hellebuyck,G,16/19,12/13,1/1,29/33,0.879,3,1,0,0,4,3592,WPG,FLA,2023-10-14,Saturday 04:00 PM,2023020020,1,0,4
8480280,1,J. Swayman,G,18/20,13/13,3/3,34/36,0.944,2,0,0,0,2,3541,BOS,NSH,2023-10-14,Saturday 07:00 PM,2023020021,1,0,4
8477484,30,S. Martin,G,12/13,3/4,0/0,15/17,0.882,1,1,0,0,2,1200,CBJ,NYR,2023-10-14,Saturday 07:00 PM,2023020022,0,0,0
8478007,90,E. Merzlikins,G,23/24,1/1,0/0,24/25,0.96,1,0,0,0,1,2394,CBJ,NYR,2023-10-14,Saturday 07:00 PM,2023020022,1,0,4
8478024,35,V. Husso,G,20/23,1/2,0/0,21/25,0.84,3,1,0,0,4,3600,DET,TBL,2023-10-14,Saturday 07:00 PM,2023020023,1,0,4
8478470,35,S. Montembeault,G,14/16,14/14,0/0,28/30,0.933,2,0,0,0,2,3600,MTL,CHI,2023-10-14,Saturday 07:00 PM,2023020024,1,0,4
8477968,39,A. Nedeljkovic,G,31/32,3/4,0/0,34/36,0.944,1,1,0,0,2,3582,PIT,CGY,2023-10-14,Saturday 07:00 PM,2023020025,1,0,4
8478492,35,I. Samsonov,G,26/30,2/2,0/0,28/32,0.875,4,0,0,0,4,3600,TOR,MIN,2023-10-14,Saturday 07:00 PM,2023020026,1,0,4
8478009,30,I. Sorokin,G,25/27,1/1,0/0,26/28,0.929,2,0,0,0,2,3591,NYI,BUF,2023-10-14,Saturday 07:30 PM,2023020027,1,0,4
8476412,50,J. Binnington,G,28/28,1/2,1/1,30/31,0.968,0,1,0,0,1,3900,STL,SEA,2023-10-14,Saturday 08:00 PM,2023020028,1,0,4
8479973,74,S. Skinner,G,11/14,1/2,0/0,12/16,0.75,3,1,0,0,4,3458,EDM,VAN,2023-10-14,Saturday 10:00 PM,2023020029,1,0,0
8478406,29,M. Blackwood,G,40/41,9/9,2/2,51/52,0.981,1,0,0,0,1,3900,SJS,COL,2023-10-14,Saturday 10:00 PM,2023020030,1,0,1
8478499,33,A. Hill,G,18/19,4/4,0/0,22/23,0.957,1,0,0,0,1,3543,VGK,ANA,2023-10-14,Saturday 10:00 PM,2023020031,1,0,4
8477831,29,P. Copley,G,10/13,3/3,1/3,14/19,0.737,3,0,2,0,5,3864,LAK,CAR,2023-10-14,Saturday 10:30 PM,2023020032,1,0,1
8476914,70,J. Korpisalo,G,19/21,3/3,0/0,22/24,0.917,2,0,0,0,2,3574,OTT,TBL,2023-10-15,Sunday 07:00 PM,2023020033,1,0,4
8480843,1,L. Dostal,G,24/25,8/10,0/0,32/35,0.914,1,2,0,0,3,3579,ANA,CAR,2023-10-15,Sunday 08:30 PM,2023020034,1,0,4
8477484,30,S. Martin,G,18/20,4/6,2/2,24/28,0.857,2,2,0,0,4,3556,CBJ,DET,2023-10-16,Monday 07:00 PM,2023020035,1,0,0
8477970,41,V. Vanecek,G,21/24,4/5,1/1,26/30,0.867,3,1,0,0,4,3360,NJD,FLA,2023-10-16,Monday 07:00 PM,2023020036,1,0,0
8478048,31,I. Shesterkin,G,19/19,7/8,0/0,26/27,0.963,0,1,0,2,1,3595,NYR,ARI,2023-10-16,Monday 07:00 PM,2023020037,1,0,4
8479361,60,J. Woll,G,24/26,3/4,0/0,27/30,0.9,2,1,0,0,3,3373,TOR,CHI,2023-10-16,Monday 07:00 PM,2023020038,1,0,0
8475311,35,D. Kuemper,G,31/32,6/7,1/1,38/40,0.95,1,1,0,0,2,3900,WSH,CGY,2023-10-16,Monday 07:00 PM,2023020039,1,0,4
8482221,27,D. Levi,G,20/22,3/3,0/0,23/25,0.92,2,0,0,0,2,3706,BUF,TBL,2023-10-17,Tuesday 07:30 PM,2023020040,1,0,4
8478470,35,S. Montembeault,G,15/15,13/16,2/4,30/35,0.857,0,3,2,0,5,3496,MTL,MIN,2023-10-17,Tuesday 07:00 PM,2023020041,1,0,0
8479394,79,C. Hart,G,21/21,2/2,3/3,26/26,1.0,0,0,0,0,0,3583,PHI,VAN,2023-10-17,Tuesday 06:00 PM,2023020042,1,1,4
8478009,30,I. Sorokin,G,14/14,0/0,0/0,14/14,1.0,0,0,0,0,0,3589,NYI,ARI,2023-10-17,Tuesday 07:30 PM,2023020043,1,1,4
8480947,32,K. Lankinen,G,12/13,4/5,1/1,17/19,0.895,1,1,0,0,2,2400,NSH,EDM,2023-10-17,Tuesday 08:00 PM,2023020044,0,0,0
8477424,74,J. Saros,G,6/9,1/2,0/0,7/11,0.636,3,1,0,0,4,1132,NSH,EDM,2023-10-17,Tuesday 08:00 PM,2023020044,1,0,0
8476945,37,C. Hellebuyck,G,21/25,1/2,2/2,24/29,0.828,4,1,0,0,5,3595,WPG,LAK,2023-10-17,Tuesday 08:00 PM,2023020045,1,0,0
8475831,31,P. Grubauer,G,22/24,1/1,1/2,24/27,0.889,2,0,1,0,3,3579,SEA,COL,2023-10-17,Tuesday 10:00 PM,2023020046,1,0,0
8478406,29,M. Blackwood,G,21/23,8/11,7/8,36/42,0.857,2,3,1,0,6,3600,SJS,CAR,2023-10-17,Tuesday 10:30 PM,2023020047,1,0,0
8478499,33,A. Hill,G,21/23,2/2,1/1,24/26,0.923,2,0,0,0,2,3854,VGK,DAL,2023-10-17,Tuesday 10:30 PM,2023020048,1,0,4
8476341,31,A. Forsberg,G,18/19,4/4,1/1,23/24,0.958,1,0,0,0,1,3600,OTT,WSH,2023-10-18,Wednesday 07:00 PM,2023020049,1,0,4
8478024,35,V. Husso,G,23/26,6/6,1/1,30/33,0.909,3,0,0,0,3,3600,DET,PIT,2023-10-18,Wednesday 07:30 PM,2023020050,1,0,4
8482221,27,D. Levi,G,23/27,8/8,1/1,32/36,0.889,4,0,0,0,4,3538,BUF,CGY,2023-10-19,Thursday 07:00 PM,2023020051,1,0,0
8475683,72,S. Bobrovsky,G,20/20,5/6,4/4,29/30,0.967,0,1,0,0,1,3600,FLA,TOR,2023-10-19,Thursday 07:00 PM,2023020052,1,0,4
8478048,31,I. Shesterkin,G,13/15,1/3,0/0,14/18,0.778,2,2,0,0,4,2031,NYR,NSH,2023-10-19,Thursday 07:00 PM,2023020053,1,0,0
8471734,32,J. Quick,G,9/9,0/0,0/0,9/9,1.0,0,0,0,0,0,1567,NYR,NSH,2023-10-19,Thursday 07:00 PM,2023020053,0,0,0
8479394,79,C. Hart,G,17/18,4/4,1/1,22/23,0.957,1,0,0,0,1,3600,PHI,EDM,2023-10-19,Thursday 07:30 PM,2023020054,1,0,4
8477992,31,J. Johansson,G,24/27,1/1,1/1,26/29,0.897,3,0,0,0,3,3600,TBL,VAN,2023-10-19,Thursday 07:00 PM,2023020055,1,0,4
8470594,29,M. Fleury,G,19/24,0/0,1/1,20/25,0.8,5,0,0,0,5,3511,MIN,LAK,2023-10-19,Thursday 08:00 PM,2023020056,1,0,0
8480981,30,J. Hofer,G,31/34,3/6,2/2,36/42,0.857,3,3,0,0,6,3589,STL,ARI,2023-10-19,Thursday 08:00 PM,2023020057,1,0,0
8476316,39,L. Brossoit,G,20/22,2/4,0/0,22/26,0.846,2,2,0,0,4,3564,WPG,VGK,2023-10-19,Thursday 08:00 PM,2023020058,1,0,0
8476434,36,J. Gibson,G,20/21,0/2,1/1,21/24,0.875,1,2,0,0,3,3467,ANA,DAL,2023-10-19,Thursday 10:00 PM,2023020059,1,0,0
8478916,35,J. Daccord,G,29/32,3/4,0/0,32/36,0.889,3,1,0,0,4,3587,SEA,CAR,2023-10-19,Thursday 10:00 PM,2023020060,1,0,4
8480382,40,A. Georgiev,G,15/15,2/2,1/1,18/18,1.0,0,0,0,0,0,3600,COL,CHI,2023-10-19,Thursday 10:30 PM,2023020061,1,1,4
8478039,36,K. Kahkonen,G,26/29,3/3,4/4,33/36,0.917,3,0,0,0,3,3392,SJS,BOS,2023-10-19,Thursday 10:30 PM,2023020062,1,0,0
8477484,30,S. Martin,G,29/29,6/6,1/2,36/37,0.973,0,0,1,0,1,3600,CBJ,CGY,2023-10-20,Friday 07:00 PM,2023020063,1,0,4
8478009,30,I. Sorokin,G,29/30,3/7,2/2,34/39,0.872,1,4,0,0,5,3707,NYI,NJD,2023-10-20,Friday 07:30 PM,2023020064,1,0,1
8476914,70,J. Korpisalo,G,13/15,3/6,2/2,18/23,0.783,2,3,0,0,5,3576,OTT,DET,2023-10-21,Saturday 01:00 PM,2023020065,1,0,0
8478872,70,K. Vejmelka,G,22/22,9/10,1/1,32/33,0.97,0,1,0,0,1,3518,ARI,ANA,2023-10-21,Saturday 04:00 PM,2023020066,1,0,4
8477480,31,E. Comrie,G,19/20,5/5,0/0,24/25,0.96,1,0,0,0,1,3600,BUF,NYI,2023-10-21,Saturday 07:00 PM,2023020067,1,0,4
8475683,72,S. Bobrovsky,G,17/19,8/10,1/1,26/30,0.867,2,2,0,0,4,3548,FLA,VAN,2023-10-21,Saturday 07:00 PM,2023020068,1,0,0
8474596,34,J. Allen,G,23/25,7/7,1/1,31/33,0.939,2,0,0,0,2,3647,MTL,WSH,2023-10-21,Saturday 07:00 PM,2023020069,1,0,4
8477992,31,J. Johansson,G,42/46,4/4,2/2,48/52,0.923,4,0,0,0,4,3845,TBL,TOR,2023-10-21,Saturday 07:00 PM,2023020070,1,0,1
8482821,40,A. Soderblom,G,15/18,3/5,1/1,19/24,0.792,3,2,0,0,5,3600,CHI,VGK,2023-10-21,Saturday 08:00 PM,2023020071,1,0,0
8475809,41,S. Wedgewood,G,32/33,3/3,1/4,36/40,0.9,1,0,3,0,4,3733,DAL,PHI,2023-10-21,Saturday 08:00 PM,2023020072,1,0,4
8479406,32,F. Gustavsson,G,38/42,10/11,1/1,49/54,0.907,4,1,0,0,5,3782,MIN,CBJ,2023-10-21,Saturday 08:00 PM,2023020073,1,0,1
8477424,74,J. Saros,G,24/25,6/6,1/1,31/32,0.969,1,0,0,0,1,3600,NSH,SJS,2023-10-21,Saturday 08:00 PM,2023020074,1,0,4
8476412,50,J. Binnington,G,28/30,3/3,0/0,31/33,0.939,2,0,0,0,2,3600,STL,PIT,2023-10-21,Saturday 08:00 PM,2023020075,1,0,4
8480382,40,A. Georgiev,G,17/20,6/7,0/0,23/27,0.852,3,1,0,0,4,3600,COL,CAR,2023-10-21,Saturday 09:00 PM,2023020076,1,0,4
8479973,74,S. Skinner,G,17/18,5/6,2/3,24/27,0.889,1,1,1,0,3,3824,EDM,WPG,2023-10-21,Saturday 10:00 PM,2023020077,1,0,1
8475831,31,P. Grubauer,G,19/23,2/2,2/2,23/27,0.852,4,0,0,0,4,3600,SEA,NYR,2023-10-21,Saturday 10:00 PM,2023020078,1,0,0
8475660,39,C. Talbot,G,17/20,2/3,2/2,21/25,0.84,3,1,0,0,4,3483,LAK,BOS,2023-10-21,Saturday 10:30 PM,2023020079,1,0,0
8473503,47,J. Reimer,G,24/26,4/4,1/1,29/31,0.935,2,0,0,2,2,3600,DET,CGY,2023-10-22,Sunday 05:00 PM,2023020080,1,0,4
8476434,36,J. Gibson,G,12/14,10/10,1/1,23/25,0.92,2,0,0,0,2,3515,ANA,BOS,2023-10-22,Sunday 08:30 PM,2023020081,1,0,0
8477480,31,E. Comrie,G,15/17,6/7,3/3,24/27,0.889,2,1,0,0,3,3413,BUF,MTL,2023-10-23,Monday 07:00 PM,2023020082,1,0,0
8475311,35,D. Kuemper,G,10/12,3/5,0/0,13/17,0.765,2,2,0,0,4,3570,WSH,TOR,2023-10-24,Tuesday 06:00 PM,2023020083,1,0,0
8478007,90,E. Merzlikins,G,17/20,5/5,2/2,24/27,0.889,3,0,0,2,3,3704,CBJ,ANA,2023-10-24,Tuesday 08:30 PM,2023020084,1,0,1
8476341,31,A. Forsberg,G,12/16,1/2,0/0,13/18,0.722,4,1,0,0,5,2400,OTT,BUF,2023-10-24,Tuesday 06:45 PM,2023020085,1,0,0
8476914,70,J. Korpisalo,G,5/5,0/0,0/0,5/5,1.0,0,0,0,0,0,1182,OTT,BUF,2023-10-24,Tuesday 06:45 PM,2023020085,0,0,0
8477992,31,J. Johansson,G,25/25,6/6,1/1,32/32,1.0,0,0,0,0,0,3600,TBL,CAR,2023-10-24,Tuesday 07:00 PM,2023020086,1,1,4
8480051,30,C. Primeau,G,24/26,5/7,0/0,29/33,0.879,2,2,0,0,4,3468,MTL,NJD,2023-10-24,Tuesday 07:15 PM,2023020087,1,0,0
8477968,39,A. Nedeljkovic,G,25/29,5/5,0/0,30/34,0.882,4,0,0,0,4,3600,PIT,DAL,2023-10-24,Tuesday 07:30 PM,2023020088,1,0,0
8476932,41,A. Stolarz,G,23/23,2/3,2/2,27/28,0.964,0,1,0,0,1,3569,FLA,SJS,2023-10-24,Tuesday 07:45 PM,2023020089,1,0,4
8478009,30,I. Sorokin,G,25/29,6/7,1/1,32/37,0.865,4,1,0,0,5,3527,NYI,COL,2023-10-24,Tuesday 08:00 PM,2023020090,1,0,0
8478024,35,V. Husso,G,29/32,3/5,1/1,33/38,0.868,3,2,0,0,5,3895,DET,SEA,2023-10-24,Tuesday 08:15 PM,2023020091,1,0,1
8475852,34,P. Mrazek,G,36/39,4/4,0/0,40/43,0.93,3,0,0,0,3,3566,CHI,BOS,2023-10-24,Tuesday 08:30 PM,2023020092,1,0,0
8476945,37,C. Hellebuyck,G,16/17,2/3,0/0,18/20,0.9,1,1,0,0,2,3572,WPG,STL,2023-10-24,Tuesday 08:45 PM,2023020093,1,0,4
8479406,32,F. Gustavsson,G,20/23,3/4,1/1,24/28,0.857,3,1,0,0,4,3600,MIN,EDM,2023-10-24,Tuesday 09:00 PM,2023020094,1,0,4
8477424,74,J. Saros,G,21/24,0/0,0/0,21/24,0.875,3,0,0,0,3,3537,NSH,VAN,2023-10-24,Tuesday 09:15 PM,2023020095,1,0,0
8474593,25,J. Markstrom,G,13/14,4/6,0/0,17/20,0.85,1,2,0,0,3,3557,CGY,NYR,2023-10-24,Tuesday 09:45 PM,2023020096,1,0,0
8477831,29,P. Copley,G,19/21,5/6,0/0,24/27,0.889,2,1,0,0,3,3592,LAK,ARI,2023-10-24,Tuesday 10:30 PM,2023020097,1,0,4
8480313,36,L. Thompson,G,25/27,1/1,0/0,26/28,0.929,2,0,0,0,2,3592,VGK,PHI,2023-10-24,Tuesday 11:00 PM,2023020098,1,0,4
8481033,40,A. Schmid,G,5/8,0/0,0/0,5/8,0.625,3,0,0,0,3,1200,NJD,WSH,2023-10-25,Wednesday 07:30 PM,2023020099,1,0,0
8477970,41,V. Vanecek,G,10/11,4/5,0/0,14/16,0.875,1,1,0,0,2,2233,NJD,WSH,2023-10-25,Wednesday 07:30 PM,2023020099,0,0,0
8476999,35,L. Ullmark,G,22/26,5/5,1/1,28/32,0.875,4,0,0,0,4,3687,BOS,ANA,2023-10-26,Thursday 07:00 PM,2023020100,1,0,1
8475883,31,F. Andersen,G,23/25,1/1,0/0,24/26,0.923,2,0,0,0,2,3890,CAR,SEA,2023-10-26,Thursday 07:00 PM,2023020101,1,0,4
8473503,47,J. Reimer,G,19/22,5/5,1/1,25/28,0.893,3,0,0,0,3,3530,DET,WPG,2023-10-26,Thursday 07:00 PM,2023020102,1,0,0
8478470,35,S. Montembeault,G,24/25,7/9,2/2,33/36,0.917,1,2,0,0,3,3857,MTL,CBJ,2023-10-26,Thursday 07:00 PM,2023020103,1,0,4
8479394,79,C. Hart,G,25/27,1/1,0/0,26/28,0.929,2,0,0,0,2,3600,PHI,MIN,2023-10-26,Thursday 07:30 PM,2023020104,1,0,4
8477465,35,T. Jarry,G,27/27,4/4,0/0,31/31,1.0,0,0,0,0,0,3600,PIT,COL,2023-10-26,Thursday 07:00 PM,2023020105,1,1,4
8477992,31,J. Johansson,G,20/20,2/2,1/1,23/23,1.0,0,0,0,0,0,3600,TBL,SJS,2023-10-26,Thursday 07:00 PM,2023020106,1,1,4
8478009,30,I. Sorokin,G,29/30,15/16,1/1,45/47,0.957,1,1,0,0,2,3592,NYI,OTT,2023-10-26,Thursday 07:30 PM,2023020107,1,0,4
8475809,41,S. Wedgewood,G,15/17,4/5,1/1,20/23,0.87,2,1,0,0,3,3383,DAL,TOR,2023-10-26,Thursday 08:00 PM,2023020108,1,0,0
8474593,25,J. Markstrom,G,25/26,7/7,0/1,32/34,0.941,1,0,1,0,2,3565,CGY,STL,2023-10-26,Thursday 09:00 PM,2023020109,1,0,0
8479973,74,S. Skinner,G,25/27,4/5,0/0,29/32,0.906,2,1,0,0,3,3600,EDM,NYR,2023-10-26,Thursday 09:00 PM,2023020110,1,0,0
8478499,33,A. Hill,G,20/23,0/1,0/0,20/24,0.833,3,1,0,0,4,3770,VGK,CHI,2023-10-27,Friday 06:00 PM,2023020111,1,0,1
8477293,32,A. Raanta,G,16/16,3/3,1/1,20/20,1.0,0,0,0,0,0,3600,CAR,SJS,2023-10-27,Friday 07:00 PM,2023020112,1,1,4
8477970,41,V. Vanecek,G,20/24,2/2,1/1,23/27,0.852,4,0,0,0,4,3600,NJD,BUF,2023-10-27,Friday 07:00 PM,2023020113,1,0,4
8475311,35,D. Kuemper,G,24/26,13/13,2/2,39/41,0.951,2,0,0,0,2,3900,WSH,MIN,2023-10-27,Friday 07:00 PM,2023020114,1,0,4
8478872,70,K. Vejmelka,G,28/32,7/8,1/1,36/41,0.878,4,1,0,0,5,3580,ARI,LAK,2023-10-27,Friday 10:00 PM,2023020115,1,0,0
8477967,35,T. Demko,G,15/15,6/6,1/1,22/22,1.0,0,0,0,0,0,3600,VAN,STL,2023-10-27,Friday 10:00 PM,2023020116,1,1,4
8481035,33,S. Ersson,G,15/19,2/4,1/2,18/25,0.72,4,2,1,0,7,3572,PHI,ANA,2023-10-28,Saturday 01:00 PM,2023020117,1,0,0
8475683,72,S. Bobrovsky,G,30/32,1/1,0/0,31/33,0.939,2,0,0,0,2,3600,FLA,SEA,2023-10-28,Saturday 06:00 PM,2023020118,1,0,4
8480280,1,J. Swayman,G,18/19,2/2,3/3,23/24,0.958,1,0,0,0,1,3600,BOS,DET,2023-10-28,Saturday 07:00 PM,2023020119,1,0,4
8477484,30,S. Martin,G,25/27,7/7,0/0,32/34,0.941,2,0,0,0,2,3428,CBJ,NYI,2023-10-28,Saturday 07:00 PM,2023020120,1,0,0
8474596,34,J. Allen,G,39/42,2/2,1/1,42/45,0.933,3,0,0,0,3,3900,MTL,WPG,2023-10-28,Saturday 07:00 PM,2023020121,1,0,4
8477424,74,J. Saros,G,27/28,3/4,3/3,33/35,0.943,1,1,0,0,2,3733,NSH,TOR,2023-10-28,Saturday 07:00 PM,2023020122,1,0,4
8477465,35,T. Jarry,G,4/6,2/3,0/0,6/9,0.667,2,1,0,0,3,1528,PIT,OTT,2023-10-28,Saturday 07:00 PM,2023020123,1,0,0
8476433,45,M. Hellberg,G,14/16,1/1,0/0,15/17,0.882,2,0,0,0,2,2072,PIT,OTT,2023-10-28,Saturday 07:00 PM,2023020123,0,0,0
8479193,29,C. DeSmith,G,11/12,6/9,3/3,20/24,0.833,1,3,0,0,4,3828,VAN,NYR,2023-10-28,Saturday 10:00 PM,2023020124,1,0,1
8475660,39,C. Talbot,G,20/22,6/7,1/1,27/30,0.9,2,1,0,0,3,3835,LAK,VGK,2023-10-28,Saturday 10:30 PM,2023020125,1,0,1
8480045,1,U. Luukkonen,G,16/16,7/7,0/0,23/23,1.0,0,0,0,0,0,3600,BUF,COL,2023-10-29,Sunday 01:00 PM,2023020126,1,1,4
8477970,41,V. Vanecek,G,18/20,12/13,1/1,31/34,0.912,2,1,0,0,3,3600,NJD,MIN,2023-10-29,Sunday 05:00 PM,2023020127,1,0,4
8475311,35,D. Kuemper,G,27/28,0/0,3/3,30/31,0.968,1,0,0,0,1,3592,WSH,SJS,2023-10-29,Sunday 05:00 PM,2023020128,1,0,4
8479973,74,S. Skinner,G,18/18,6/8,0/0,24/26,0.923,0,2,0,0,2,3585,EDM,CGY,2023-10-29,Sunday 07:00 PM,2023020129,1,0,4
8476999,35,L. Ullmark,G,23/25,12/12,0/0,35/37,0.946,2,0,0,0,2,3816,BOS,FLA,2023-10-30,Monday 07:00 PM,2023020130,1,0,4
8479394,79,C. Hart,G,25/27,1/2,3/3,29/32,0.906,2,1,0,0,3,3584,PHI,CAR,2023-10-30,Monday 07:00 PM,2023020131,1,0,0
8477465,35,T. Jarry,G,21/23,2/3,0/1,23/27,0.852,2,1,1,0,4,3582,PIT,ANA,2023-10-30,Monday 07:00 PM,2023020132,1,0,0
8477992,31,J. Johansson,G,33/35,6/8,0/0,39/43,0.907,2,2,0,0,4,3755,TBL,SEA,2023-10-30,Monday 07:00 PM,2023020133,1,0,1
8478009,30,I. Sorokin,G,28/32,3/3,1/1,32/36,0.889,4,0,0,0,4,3685,NYI,DET,2023-10-30,Monday 07:30 PM,2023020134,1,0,1
8476945,37,C. Hellebuyck,G,16/18,7/8,0/0,23/26,0.885,2,1,0,0,3,3874,WPG,NYR,2023-10-30,Monday 07:30 PM,2023020135,1,0,1
8479979,29,J. Oettinger,G,19/22,2/2,1/1,22/25,0.88,3,0,0,0,3,3574,DAL,CBJ,2023-10-30,Monday 08:00 PM,2023020136,1,0,4
8478971,39,C. Ingram,G,26/27,3/3,0/0,29/30,0.967,1,0,0,0,1,3588,ARI,CHI,2023-10-30,Monday 10:00 PM,2023020137,1,0,4
8478499,33,A. Hill,G,30/31,5/5,2/3,37/39,0.949,1,0,1,0,2,3860,VGK,MTL,2023-10-30,Monday 10:00 PM,2023020138,1,0,4
8479361,60,J. Woll,G,18/21,5/6,0/0,23/27,0.852,3,1,0,0,4,3598,TOR,LAK,2023-10-31,Tuesday 08:00 PM,2023020139,1,0,0
8477967,35,T. Demko,G,24/26,3/3,0/0,27/29,0.931,2,0,0,0,2,3584,VAN,NSH,2023-10-31,Tuesday 10:00 PM,2023020140,1,0,4
8481035,33,S. Ersson,G,6/8,1/1,0/0,7/9,0.778,2,0,0,0,2,2956,PHI,BUF,2023-11-01,Wednesday 07:00 PM,2023020141,0,0,0
8479394,79,C. Hart,G,3/5,0/0,0/0,3/5,0.6,2,0,0,0,2,600,PHI,BUF,2023-11-01,Wednesday 07:00 PM,2023020141,1,0,0
8474593,25,J. Markstrom,G,20/23,3/3,3/4,26/30,0.867,3,0,1,0,4,3531,CGY,DAL,2023-11-01,Wednesday 08:30 PM,2023020142,1,0,0
8481031,50,I. Prosvetov,G,19/20,5/5,3/3,27/28,0.964,1,0,0,0,1,3600,COL,STL,2023-11-01,Wednesday 09:30 PM,2023020143,1,0,4
8480843,1,L. Dostal,G,26/29,5/5,1/1,32/35,0.914,3,0,0,0,3,3807,ANA,ARI,2023-11-01,Wednesday 10:00 PM,2023020144,1,0,4
8480280,1,J. Swayman,G,28/30,4/4,1/1,33/35,0.943,2,0,0,0,2,3900,BOS,TOR,2023-11-02,Thursday 07:30 PM,2023020145,1,0,4
8478007,90,E. Merzlikins,G,19/21,7/7,1/1,27/29,0.931,2,0,0,0,2,3600,CBJ,TBL,2023-11-02,Thursday 07:00 PM,2023020146,1,0,4
8473503,47,J. Reimer,G,16/17,9/9,0/0,25/26,0.962,1,0,0,0,1,3484,DET,FLA,2023-11-02,Thursday 07:00 PM,2023020147,1,0,0
8478048,31,I. Shesterkin,G,22/22,3/4,1/1,26/27,0.963,0,1,0,0,1,3568,NYR,CAR,2023-11-02,Thursday 07:00 PM,2023020148,1,0,4
8476914,70,J. Korpisalo,G,28/30,6/7,1/1,35/38,0.921,2,1,0,0,3,3562,OTT,LAK,2023-11-02,Thursday 07:00 PM,2023020149,1,0,0
8475311,35,D. Kuemper,G,17/20,1/1,0/0,18/21,0.857,3,0,0,0,3,3478,WSH,NYI,2023-11-02,Thursday 07:00 PM,2023020150,1,0,0
8479406,32,F. Gustavsson,G,27/29,6/9,0/0,33/38,0.868,2,3,0,0,5,3511,MIN,NJD,2023-11-02,Thursday 08:00 PM,2023020151,1,0,0
8479973,74,S. Skinner,G,21/24,2/3,0/0,23/27,0.852,3,1,0,0,4,3470,EDM,DAL,2023-11-02,Thursday 09:00 PM,2023020152,1,0,0
8478971,39,C. Ingram,G,21/22,6/7,1/1,28/30,0.933,1,1,0,0,2,3600,ARI,MTL,2023-11-02,Thursday 10:00 PM,2023020153,1,0,4
8475831,31,P. Grubauer,G,20/20,12/14,0/0,32/34,0.941,0,2,0,2,2,3594,SEA,NSH,2023-11-02,Thursday 10:00 PM,2023020154,1,0,4
8480313,36,L. Thompson,G,26/27,3/4,0/0,29/31,0.935,1,1,0,0,2,3600,VGK,WPG,2023-11-02,Thursday 10:00 PM,2023020155,1,0,4
8478406,29,M. Blackwood,G,8/11,2/3,0/0,10/14,0.714,3,1,0,0,4,1873,SJS,VAN,2023-11-02,Thursday 10:30 PM,2023020156,0,0,0
8478039,36,K. Kahkonen,G,11/14,1/4,1/1,13/19,0.684,3,3,0,0,6,1727,SJS,VAN,2023-11-02,Thursday 10:30 PM,2023020156,1,0,0
8480045,1,U. Luukkonen,G,12/17,2/2,0/0,14/19,0.737,5,0,0,0,5,3600,BUF,PHI,2023-11-03,Friday 07:00 PM,2023020157,1,0,0
8476412,50,J. Binnington,G,33/34,0/0,0/0,33/34,0.971,1,0,0,0,1,3600,STL,NJD,2023-11-03,Friday 08:00 PM,2023020158,1,0,4
8475789,36,J. Campbell,G,27/31,2/3,0/0,29/34,0.853,4,1,0,0,5,3600,EDM,NSH,2023-11-04,Saturday 03:00 PM,2023020159,1,0,0
8478872,70,K. Vejmelka,G,17/21,3/4,2/2,22/27,0.815,4,1,0,0,5,3472,ARI,WPG,2023-11-04,Saturday 04:00 PM,2023020160,1,0,0
8478024,35,V. Husso,G,23/26,3/4,0/0,26/30,0.867,3,1,0,0,4,3597,DET,BOS,2023-11-04,Saturday 07:00 PM,2023020161,1,0,4
8476341,31,A. Forsberg,G,13/15,1/2,0/0,14/17,0.824,2,1,0,0,3,2006,OTT,TBL,2023-11-04,Saturday 07:00 PM,2023020162,0,0,0
8476914,70,J. Korpisalo,G,18/21,0/0,0/0,18/21,0.857,3,0,0,0,3,1497,OTT,TBL,2023-11-04,Saturday 07:00 PM,2023020162,1,0,0
8477361,40,C. Petersen,G,22/26,3/4,0/0,25/30,0.833,4,1,0,0,5,3600,PHI,LAK,2023-11-04,Saturday 07:30 PM,2023020163,1,0,0
8480981,30,J. Hofer,G,26/28,4/5,0/0,30/33,0.909,2,1,0,0,3,3600,STL,MTL,2023-11-04,Saturday 07:00 PM,2023020164,1,0,4
8479361,60,J. Woll,G,28/31,7/8,0/1,35/40,0.875,3,1,1,0,5,3563,TOR,BUF,2023-11-04,Saturday 07:00 PM,2023020165,1,0,0
8479292,79,C. Lindgren,G,26/27,7/7,1/1,34/35,0.971,1,0,0,0,1,3577,WSH,CBJ,2023-11-04,Saturday 07:00 PM,2023020166,1,0,4
8478009,30,I. Sorokin,G,37/40,5/6,0/0,42/46,0.913,3,1,0,0,4,3674,NYI,CAR,2023-11-04,Saturday 07:30 PM,2023020167,1,0,1
8475852,34,P. Mrazek,G,34/35,4/5,0/0,38/40,0.95,1,1,0,0,2,3600,CHI,FLA,2023-11-04,Saturday 08:00 PM,2023020168,1,0,4
8470594,29,M. Fleury,G,13/14,0/0,0/0,13/14,0.929,1,0,0,0,1,3439,MIN,NYR,2023-11-04,Saturday 08:00 PM,2023020169,0,0,4
8479406,32,F. Gustavsson,G,1/4,0/0,0/0,1/4,0.25,3,0,0,0,3,413,MIN,NYR,2023-11-04,Saturday 08:00 PM,2023020169,1,0,0
8475831,31,P. Grubauer,G,19/22,4/5,2/2,25/29,0.862,3,1,0,0,4,3522,SEA,CGY,2023-11-04,Saturday 10:00 PM,2023020170,1,0,0
8478406,29,M. Blackwood,G,12/17,0/1,0/0,12/18,0.667,5,1,0,0,6,1767,SJS,PIT,2023-11-04,Saturday 10:00 PM,2023020171,1,0,0
8480992,30,M. Chrona,G,12/15,0/1,1/1,13/17,0.765,3,1,0,0,4,1830,SJS,PIT,2023-11-04,Saturday 10:00 PM,2023020171,0,0,0
8477967,35,T. Demko,G,16/16,8/8,3/3,27/27,1.0,0,0,0,0,0,3600,VAN,DAL,2023-11-04,Saturday 10:00 PM,2023020172,1,1,4
8478499,33,A. Hill,G,31/31,9/9,1/1,41/41,1.0,0,0,0,0,0,3600,VGK,COL,2023-11-04,Saturday 10:00 PM,2023020173,1,1,4
8482821,40,A. Soderblom,G,33/35,3/4,1/1,37/40,0.925,2,1,0,0,3,3473,CHI,NJD,2023-11-05,Sunday 07:00 PM,2023020174,1,0,0
8476434,36,J. Gibson,G,25/27,4/4,1/1,30/32,0.938,2,0,0,0,2,3600,ANA,VGK,2023-11-05,Sunday 08:00 PM,2023020175,1,0,4
8475683,72,S. Bobrovsky,G,16/19,3/4,0/0,19/23,0.826,3,1,0,0,4,3542,FLA,CBJ,2023-11-06,Monday 07:00 PM,2023020176,1,0,4
8478492,35,I. Samsonov,G,7/9,0/2,1/1,8/12,0.667,2,2,0,0,4,913,TOR,TBL,2023-11-06,Monday 07:00 PM,2023020177,1,0,0
8479361,60,J. Woll,G,15/16,3/3,0/0,18/19,0.947,1,0,0,0,1,2733,TOR,TBL,2023-11-06,Monday 07:00 PM,2023020177,0,0,4
8479979,29,J. Oettinger,G,17/19,7/8,2/2,26/29,0.897,2,1,0,0,3,3450,DAL,BOS,2023-11-06,Monday 08:00 PM,2023020178,1,0,0
8477967,35,T. Demko,G,33/34,7/8,1/1,41/43,0.953,1,1,0,0,2,3600,VAN,EDM,2023-11-06,Monday 10:00 PM,2023020179,1,0,4
8477293,32,A. Raanta,G,16/17,2/3,1/1,19/21,0.905,1,1,0,0,2,3666,CAR,BUF,2023-11-07,Tuesday 07:00 PM,2023020180,1,0,4
8474596,34,J. Allen,G,2/5,2/3,1/1,5/9,0.556,3,1,0,0,4,830,MTL,TBL,2023-11-07,Tuesday 07:00 PM,2023020181,1,0,0
8478470,35,S. Montembeault,G,16/16,5/6,1/1,22/23,0.957,0,1,0,0,1,2770,MTL,TBL,2023-11-07,Tuesday 07:00 PM,2023020181,0,0,0
8473575,40,S. Varlamov,G,23/26,1/2,3/3,27/31,0.871,3,1,0,0,4,3456,NYI,MIN,2023-11-07,Tuesday 07:30 PM,2023020182,1,0,0
8471734,32,J. Quick,G,17/20,8/8,0/0,25/28,0.893,3,0,0,0,3,3600,NYR,DET,2023-11-07,Tuesday 07:30 PM,2023020183,1,0,4
8476412,50,J. Binnington,G,29/31,2/4,1/1,32/36,0.889,2,2,0,0,4,3563,STL,WPG,2023-11-07,Tuesday 08:00 PM,2023020184,1,0,0
8478971,39,C. Ingram,G,28/30,6/7,1/1,35/38,0.921,2,1,0,0,3,3900,ARI,SEA,2023-11-07,Tuesday 09:00 PM,2023020185,1,0,4
8474593,25,J. Markstrom,G,15/17,0/0,1/1,16/18,0.889,2,0,0,0,2,3582,CGY,NSH,2023-11-07,Tuesday 09:00 PM,2023020186,1,0,4
8476434,36,J. Gibson,G,29/30,5/5,0/0,34/35,0.971,1,0,0,0,1,3529,ANA,PIT,2023-11-07,Tuesday 10:00 PM,2023020187,1,0,0
8480382,40,A. Georgiev,G,18/19,2/4,0/0,20/23,0.87,1,2,0,0,3,3600,COL,NJD,2023-11-07,Tuesday 10:00 PM,2023020188,1,0,4
8478406,29,M. Blackwood,G,30/31,6/6,2/2,38/39,0.974,1,0,0,0,1,3600,SJS,PHI,2023-11-07,Tuesday 10:30 PM,2023020189,1,0,4
8479361,60,J. Woll,G,19/24,4/5,2/2,25/31,0.806,5,1,0,0,6,3600,TOR,OTT,2023-11-08,Wednesday 07:00 PM,2023020190,1,0,0
8475311,35,D. Kuemper,G,19/23,2/2,0/0,21/25,0.84,4,0,0,0,4,3615,WSH,FLA,2023-11-08,Wednesday 07:30 PM,2023020191,1,0,1
8478499,33,A. Hill,G,24/25,5/7,0/0,29/32,0.906,1,2,0,0,3,3503,VGK,LAK,2023-11-08,Wednesday 10:00 PM,2023020192,1,0,0
8476999,35,L. Ullmark,G,24/24,2/3,1/2,27/29,0.931,0,1,1,0,2,3600,BOS,NYI,2023-11-09,Thursday 07:00 PM,2023020193,1,0,4
8477484,30,S. Martin,G,22/26,4/4,0/0,26/30,0.867,4,0,0,0,4,3506,CBJ,DAL,2023-11-09,Thursday 07:30 PM,2023020194,1,0,0
8473503,47,J. Reimer,G,22/23,1/3,1/1,24/27,0.889,1,2,0,2,3,3800,DET,MTL,2023-11-09,Thursday 07:00 PM,2023020195,1,0,1
8475839,70,L. Domingue,G,22/23,2/2,1/1,25/26,0.962,1,0,0,0,1,3600,NYR,MIN,2023-11-09,Thursday 07:00 PM,2023020196,1,0,4
8476341,31,A. Forsberg,G,11/15,0/1,0/0,11/16,0.688,4,1,0,0,5,3600,OTT,VAN,2023-11-09,Thursday 07:00 PM,2023020197,1,0,0
8477992,31,J. Johansson,G,17/21,6/7,1/1,24/29,0.828,4,1,0,0,5,3345,TBL,CHI,2023-11-09,Thursday 07:00 PM,2023020198,1,0,0
8480981,30,J. Hofer,G,19/19,0/1,0/0,19/20,0.95,0,1,0,0,1,3600,STL,ARI,2023-11-09,Thursday 08:00 PM,2023020199,1,0,4
8476316,39,L. Brossoit,G,14/17,5/5,1/1,20/23,0.87,3,0,0,0,3,3600,WPG,NSH,2023-11-09,Thursday 08:00 PM,2023020200,1,0,4
8481031,50,I. Prosvetov,G,12/15,3/4,3/3,18/22,0.818,3,1,0,0,4,3568,COL,SEA,2023-11-09,Thursday 09:00 PM,2023020201,1,0,0
8477831,29,P. Copley,G,13/16,3/3,0/1,16/20,0.8,3,0,1,0,4,3825,LAK,PIT,2023-11-09,Thursday 10:30 PM,2023020202,1,0,1
8478406,29,M. Blackwood,G,31/33,6/6,2/2,39/41,0.951,2,0,0,0,2,3600,SJS,EDM,2023-11-09,Thursday 10:30 PM,2023020203,1,0,4
8482221,27,D. Levi,G,21/21,10/12,2/2,33/35,0.943,0,2,0,0,2,3600,BUF,MIN,2023-11-10,Friday 07:00 PM,2023020204,1,0,4
8475683,72,S. Bobrovsky,G,28/30,0/0,0/0,28/30,0.933,2,0,0,0,2,3600,FLA,CAR,2023-11-10,Friday 07:00 PM,2023020205,1,0,4
8481033,40,A. Schmid,G,17/18,3/3,0/0,20/21,0.952,1,0,0,0,1,2850,NJD,WSH,2023-11-10,Friday 07:00 PM,2023020206,0,0,0
8477970,41,V. Vanecek,G,2/4,1/1,0/0,3/5,0.6,2,0,0,0,2,637,NJD,WSH,2023-11-10,Friday 07:00 PM,2023020206,1,0,0
8479361,60,J. Woll,G,23/27,1/1,0/0,24/28,0.857,4,0,0,0,4,3900,TOR,CGY,2023-11-10,Friday 07:00 PM,2023020207,1,0,4
8480843,1,L. Dostal,G,23/28,4/4,3/3,30/35,0.857,5,0,0,2,5,3450,ANA,PHI,2023-11-10,Friday 10:00 PM,2023020208,1,0,0
8478499,33,A. Hill,G,16/16,4/4,0/0,20/20,1.0,0,0,0,0,0,3600,VGK,SJS,2023-11-10,Friday 10:00 PM,2023020209,1,1,4
8478024,35,V. Husso,G,14/18,3/3,1/1,18/22,0.818,4,0,0,0,4,3600,DET,CBJ,2023-11-11,Saturday 01:00 PM,2023020210,1,0,4
8476945,37,C. Hellebuyck,G,19/20,6/7,1/2,26/29,0.897,1,1,1,0,3,3517,WPG,DAL,2023-11-11,Saturday 03:00 PM,2023020211,1,0,0
8478470,35,S. Montembeault,G,19/20,6/7,1/1,26/28,0.929,1,1,0,0,2,3724,MTL,BOS,2023-11-11,Saturday 07:00 PM,2023020212,1,0,4
8476914,70,J. Korpisalo,G,20/21,3/3,1/1,24/25,0.96,1,0,0,0,1,3600,OTT,CGY,2023-11-11,Saturday 07:00 PM,2023020213,1,0,4
8477992,31,J. Johansson,G,25/28,2/3,1/1,28/32,0.875,3,1,0,0,4,3529,TBL,CAR,2023-11-11,Saturday 07:00 PM,2023020214,1,0,0
8478492,35,I. Samsonov,G,22/22,9/11,0/0,31/33,0.939,0,2,0,0,2,3600,TOR,VAN,2023-11-11,Saturday 07:00 PM,2023020215,1,0,4
8473575,40,S. Varlamov,G,20/23,4/4,0/0,24/27,0.889,3,0,0,0,3,3402,NYI,WSH,2023-11-11,Saturday 07:30 PM,2023020216,1,0,0
8477465,35,T. Jarry,G,33/33,2/2,0/0,35/35,1.0,0,0,0,0,0,3600,PIT,BUF,2023-11-11,Saturday 07:30 PM,2023020217,1,1,4
8477424,74,J. Saros,G,15/19,3/5,0/0,18/24,0.75,4,2,0,0,6,3494,NSH,ARI,2023-11-11,Saturday 08:00 PM,2023020218,1,0,0
8480382,40,A. Georgiev,G,16/19,6/8,0/1,22/28,0.786,3,2,1,0,6,2569,COL,STL,2023-11-11,Saturday 09:00 PM,2023020219,1,0,0
8481031,50,I. Prosvetov,G,12/13,0/0,0/1,12/14,0.857,1,0,1,0,2,1031,COL,STL,2023-11-11,Saturday 09:00 PM,2023020219,0,0,0
8475831,31,P. Grubauer,G,10/13,3/4,0/0,13/17,0.765,3,1,0,0,4,1200,SEA,EDM,2023-11-11,Saturday 10:00 PM,2023020220,1,0,0
8478916,35,J. Daccord,G,9/9,0/0,0/0,9/9,1.0,0,0,0,0,0,2400,SEA,EDM,2023-11-11,Saturday 10:00 PM,2023020220,0,0,0
8475660,39,C. Talbot,G,16/20,5/5,1/1,22/26,0.846,4,0,0,0,4,3600,LAK,PHI,2023-11-11,Saturday 10:30 PM,2023020221,1,0,0
8475683,72,S. Bobrovsky,G,21/24,1/1,1/1,23/26,0.885,3,0,0,0,3,3600,FLA,CHI,2023-11-12,Sunday 01:00 PM,2023020222,1,0,4
8470594,29,M. Fleury,G,16/17,11/16,2/4,29/37,0.784,1,5,2,2,8,3600,MIN,DAL,2023-11-12,Sunday 06:00 PM,2023020223,1,0,0
8474596,34,J. Allen,G,26/29,6/6,0/0,32/35,0.914,3,0,0,0,3,3533,MTL,VAN,2023-11-12,Sunday 07:00 PM,2023020224,1,0,0
8471734,32,J. Quick,G,24/27,1/1,0/0,25/28,0.893,3,0,0,0,3,3776,NYR,CBJ,2023-11-12,Sunday 07:00 PM,2023020225,1,0,4
8476434,36,J. Gibson,G,20/21,3/3,2/2,25/26,0.962,1,0,0,0,1,3590,ANA,SJS,2023-11-12,Sunday 08:00 PM,2023020226,1,0,4
8477424,74,J. Saros,G,21/23,8/10,0/0,29/33,0.879,2,2,0,0,4,3436,NSH,TBL,2023-10-10,Tuesday 05:30 PM,2023020001,1,0,0
8475852,34,P. Mrazek,G,35/37,4/4,0/0,39/41,0.951,2,0,0,0,2,3600,CHI,PIT,2023-10-10,Tuesday 08:00 PM,2023020002,1,0,4
8475831,31,P. Grubauer,G,21/24,3/3,0/0,24/27,0.889,3,0,0,0,3,3577,SEA,VGK,2023-10-10,Tuesday 10:30 PM,2023020003,1,0,0
8476914,70,J. Korpisalo,G,32/35,5/6,0/1,37/42,0.881,3,1,1,0,5,3565,OTT,CAR,2023-10-11,Wednesday 07:00 PM,2023020004,1,0,0
8474596,34,J. Allen,G,30/33,5/7,2/2,37/42,0.881,3,2,0,0,5,3900,MTL,TOR,2023-10-11,Wednesday 07:00 PM,2023020005,1,0,1
8482821,40,A. Soderblom,G,25/27,5/5,0/0,30/32,0.938,2,0,0,0,2,3551,CHI,BOS,2023-10-11,Wednesday 07:30 PM,2023020006,1,0,0
8476945,37,C. Hellebuyck,G,11/13,5/6,1/2,17/21,0.81,2,1,1,0,4,3492,WPG,CGY,2023-10-11,Wednesday 10:00 PM,2023020007,1,0,0
8480382,40,A. Georgiev,G,23/25,11/11,0/0,34/36,0.944,2,0,0,0,2,3600,COL,LAK,2023-10-11,Wednesday 10:00 PM,2023020008,1,0,4
8475789,36,J. Campbell,G,7/10,5/6,0/0,12/16,0.75,3,1,0,0,4,1650,EDM,VAN,2023-10-11,Wednesday 10:00 PM,2023020009,1,0,0
8479973,74,S. Skinner,G,7/9,5/7,0/0,12/16,0.75,2,2,0,0,4,1950,EDM,VAN,2023-10-11,Wednesday 10:00 PM,2023020009,0,0,0
8478048,31,I. Shesterkin,G,20/21,3/3,1/1,24/25,0.96,1,0,0,0,1,3600,NYR,BUF,2023-10-12,Thursday 07:00 PM,2023020010,1,0,4
8479394,79,C. Hart,G,27/29,4/4,0/0,31/33,0.939,2,0,0,0,2,3600,PHI,CBJ,2023-10-12,Thursday 07:00 PM,2023020011,1,0,4
8478024,35,V. Husso,G,19/21,4/5,0/0,23/26,0.885,2,1,0,0,3,3468,DET,NJD,2023-10-12,Thursday 07:30 PM,2023020012,1,0,0
8476412,50,J. Binnington,G,29/30,3/3,1/1,33/34,0.971,1,0,0,0,1,3890,STL,DAL,2023-10-12,Thursday 08:00 PM,2023020013,1,0,1
8475683,72,S. Bobrovsky,G,12/13,6/7,1/1,19/21,0.905,1,1,0,0,2,3438,FLA,MIN,2023-10-12,Thursday 08:00 PM,2023020014,1,0,0
8475831,31,P. Grubauer,G,26/27,4/4,2/3,32/34,0.941,1,0,1,0,2,3472,SEA,NSH,2023-10-12,Thursday 08:00 PM,2023020015,1,0,0
8480313,36,L. Thompson,G,19/20,2/2,1/1,22/23,0.957,1,0,0,0,1,3600,VGK,SJS,2023-10-12,Thursday 10:30 PM,2023020016,1,0,4
8478872,70,K. Vejmelka,G,25/26,5/7,3/3,33/36,0.917,1,2,0,0,3,3900,ARI,NJD,2023-10-13,Friday 07:00 PM,2023020017,1,0,4
8477465,35,T. Jarry,G,17/17,1/1,1/1,19/19,1.0,0,0,0,0,0,3600,PIT,WSH,2023-10-13,Friday 07:30 PM,2023020018,1,1,4
8479394,79,C. Hart,G,20/22,4/7,2/2,26/31,0.839,2,3,0,0,5,3537,PHI,OTT,2023-10-14,Saturday 01:00 PM,2023020019,1,0,0
8475683,72,S. Bobrovsky,G,25/28,3/4,1/2,29/34,0.853,3,1,1,0,5,3477,FLA,WPG,2023-10-14,Saturday 04:00 PM,2023020020,1,0,0
8477424,74,J. Saros,G,18/19,7/9,2/2,27/30,0.9,1,2,0,0,3,3456,NSH,BOS,2023-10-14,Saturday 07:00 PM,2023020021,1,0,0
8478048,31,I. Shesterkin,G,15/19,1/2,0/0,16/21,0.762,4,1,0,0,5,3400,NYR,CBJ,2023-10-14,Saturday 07:00 PM,2023020022,1,0,0
8477992,31,J. Johansson,G,34/39,2/2,0/0,36/41,0.878,5,0,0,0,5,3450,TBL,DET,2023-10-14,Saturday 07:00 PM,2023020023,1,0,0
8475852,34,P. Mrazek,G,24/26,4/4,5/6,33/36,0.917,2,0,1,0,3,3486,CHI,MTL,2023-10-14,Saturday 07:00 PM,2023020024,1,0,0
8474593,25,J. Markstrom,G,17/21,6/6,1/1,24/28,0.857,4,0,0,0,4,3469,CGY,PIT,2023-10-14,Saturday 07:00 PM,2023020025,1,0,0
8479406,32,F. Gustavsson,G,23/28,2/4,1/1,26/33,0.788,5,2,0,0,7,3600,MIN,TOR,2023-10-14,Saturday 07:00 PM,2023020026,1,0,0
8482221,27,D. Levi,G,23/26,3/3,0/0,26/29,0.897,3,0,0,0,3,3572,BUF,NYI,2023-10-14,Saturday 07:30 PM,2023020027,1,0,0
8478916,35,J. Daccord,G,22/23,2/2,0/0,24/25,0.96,1,0,0,0,1,3900,SEA,STL,2023-10-14,Saturday 08:00 PM,2023020028,1,0,1
8479193,29,C. DeSmith,G,27/28,10/12,0/0,37/40,0.925,1,2,0,0,3,3600,VAN,EDM,2023-10-14,Saturday 10:00 PM,2023020029,1,0,4
8480382,40,A. Georgiev,G,14/15,4/4,2/2,20/21,0.952,1,0,0,0,1,3852,COL,SJS,2023-10-14,Saturday 10:00 PM,2023020030,1,0,4
8476434,36,J. Gibson,G,25/26,9/11,0/0,34/37,0.919,1,2,0,0,3,3591,ANA,VGK,2023-10-14,Saturday 10:00 PM,2023020031,1,0,0
8475883,31,F. Andersen,G,21/24,3/5,1/1,25/30,0.833,3,2,0,0,5,3900,CAR,LAK,2023-10-14,Saturday 10:30 PM,2023020032,1,0,4
8477035,90,M. Tomkins,G,29/33,3/3,1/1,33/37,0.892,4,0,0,0,4,3508,TBL,OTT,2023-10-15,Sunday 07:00 PM,2023020033,1,0,0
8477293,32,A. Raanta,G,18/22,1/1,0/0,19/23,0.826,4,0,0,0,4,3561,CAR,ANA,2023-10-15,Sunday 08:30 PM,2023020034,1,0,0
8473503,47,J. Reimer,G,17/17,6/6,0/0,23/23,1.0,0,0,0,0,0,3600,DET,CBJ,2023-10-16,Monday 07:00 PM,2023020035,1,1,4
8475683,72,S. Bobrovsky,G,20/21,11/13,0/0,31/34,0.912,1,2,0,0,3,3600,FLA,NJD,2023-10-16,Monday 07:00 PM,2023020036,1,0,4
8478971,39,C. Ingram,G,20/21,5/6,1/1,26/28,0.929,1,1,0,0,2,3523,ARI,NYR,2023-10-16,Monday 07:00 PM,2023020037,1,0,0
8482821,40,A. Soderblom,G,32/33,0/0,3/3,35/36,0.972,1,0,0,0,1,3600,CHI,TOR,2023-10-16,Monday 07:00 PM,2023020038,1,0,4
8474593,25,J. Markstrom,G,17/19,3/3,1/1,21/23,0.913,2,0,0,0,2,3888,CGY,WSH,2023-10-16,Monday 07:00 PM,2023020039,1,0,1
8477992,31,J. Johansson,G,24/27,4/4,0/0,28/31,0.903,3,0,0,0,3,3611,TBL,BUF,2023-10-17,Tuesday 07:30 PM,2023020040,1,0,1
8470594,29,M. Fleury,G,16/18,9/9,1/1,26/28,0.929,2,0,0,0,2,3594,MIN,MTL,2023-10-17,Tuesday 07:00 PM,2023020041,1,0,4
8477967,35,T. Demko,G,31/33,7/7,2/2,40/42,0.952,2,0,0,0,2,3450,VAN,PHI,2023-10-17,Tuesday 06:00 PM,2023020042,1,0,0
8478872,70,K. Vejmelka,G,28/28,5/6,0/0,33/34,0.971,0,1,0,0,1,3482,ARI,NYI,2023-10-17,Tuesday 07:30 PM,2023020043,1,0,0
8475789,36,J. Campbell,G,37/37,6/7,0/0,43/44,0.977,0,1,0,0,1,3600,EDM,NSH,2023-10-17,Tuesday 08:00 PM,2023020044,1,0,4
8475660,39,C. Talbot,G,17/18,7/7,2/2,26/27,0.963,1,0,0,2,1,3600,LAK,WPG,2023-10-17,Tuesday 08:00 PM,2023020045,1,0,4
8480382,40,A. Georgiev,G,27/28,6/6,4/4,37/38,0.974,1,0,0,0,1,3600,COL,SEA,2023-10-17,Tuesday 10:00 PM,2023020046,1,0,4
8475883,31,F. Andersen,G,0/1,1/1,0/0,1/2,0.5,1,0,0,0,1,327,CAR,SJS,2023-10-17,Tuesday 10:30 PM,2023020047,1,0,0
8477293,32,A. Raanta,G,9/9,3/5,0/0,12/14,0.857,0,2,0,0,2,3252,CAR,SJS,2023-10-17,Tuesday 10:30 PM,2023020047,0,0,4
8479979,29,J. Oettinger,G,23/25,9/9,0/0,32/34,0.941,2,0,0,0,2,3900,DAL,VGK,2023-10-17,Tuesday 10:30 PM,2023020048,1,0,1
8475311,35,D. Kuemper,G,17/22,5/6,1/1,23/29,0.793,5,1,0,0,6,3600,WSH,OTT,2023-10-18,Wednesday 07:00 PM,2023020049,1,0,0
8477465,35,T. Jarry,G,19/22,2/3,2/2,23/27,0.852,3,1,0,0,4,3565,PIT,DET,2023-10-18,Wednesday 07:30 PM,2023020050,1,0,0
8478435,80,D. Vladar,G,17/19,7/8,0/0,24/27,0.889,2,1,0,0,3,3600,CGY,BUF,2023-10-19,Thursday 07:00 PM,2023020051,1,0,4
8478492,35,I. Samsonov,G,13/15,8/8,0/0,21/23,0.913,2,0,0,0,2,3470,TOR,FLA,2023-10-19,Thursday 07:00 PM,2023020052,1,0,0
8477424,74,J. Saros,G,19/19,4/5,0/0,23/24,0.958,0,1,0,0,1,3573,NSH,NYR,2023-10-19,Thursday 07:00 PM,2023020053,1,0,4
8475789,36,J. Campbell,G,24/27,4/4,0/1,28/32,0.875,3,0,1,0,4,3600,EDM,PHI,2023-10-19,Thursday 07:30 PM,2023020054,1,0,0
8477967,35,T. Demko,G,23/25,8/10,1/1,32/36,0.889,2,2,0,0,4,3464,VAN,TBL,2023-10-19,Thursday 07:00 PM,2023020055,1,0,0
8475660,39,C. Talbot,G,25/28,4/4,0/0,29/32,0.906,3,0,0,0,3,3600,LAK,MIN,2023-10-19,Thursday 08:00 PM,2023020056,1,0,4
8478971,39,C. Ingram,G,18/20,6/6,0/0,24/26,0.923,2,0,0,0,2,3591,ARI,STL,2023-10-19,Thursday 08:00 PM,2023020057,1,0,4
8480313,36,L. Thompson,G,36/38,0/1,0/0,36/39,0.923,2,1,0,0,3,3599,VGK,WPG,2023-10-19,Thursday 08:00 PM,2023020058,1,0,4
8479979,29,J. Oettinger,G,22/24,4/4,1/1,27/29,0.931,2,0,0,0,2,3600,DAL,ANA,2023-10-19,Thursday 10:00 PM,2023020059,1,0,4
8477293,32,A. Raanta,G,12/13,1/3,1/2,14/18,0.778,1,2,1,0,4,1358,CAR,SEA,2023-10-19,Thursday 10:00 PM,2023020060,1,0,0
8481611,52,P. Kochetkov,G,15/17,0/0,0/0,15/17,0.882,2,0,0,0,2,2200,CAR,SEA,2023-10-19,Thursday 10:00 PM,2023020060,0,0,0
8475852,34,P. Mrazek,G,30/32,7/8,0/1,37/41,0.902,2,1,1,0,4,3600,CHI,COL,2023-10-19,Thursday 10:30 PM,2023020061,1,0,0
8476999,35,L. Ullmark,G,23/24,1/1,2/2,26/27,0.963,1,0,0,0,1,3600,BOS,SJS,2023-10-19,Thursday 10:30 PM,2023020062,1,0,4
8474593,25,J. Markstrom,G,23/25,2/2,1/1,26/28,0.929,2,0,0,0,2,3472,CGY,CBJ,2023-10-20,Friday 07:00 PM,2023020063,1,0,0
8481033,40,A. Schmid,G,26/30,2/2,0/0,28/32,0.875,4,0,0,0,4,3739,NJD,NYI,2023-10-20,Friday 07:30 PM,2023020064,1,0,4
8478024,35,V. Husso,G,24/25,11/12,0/0,35/37,0.946,1,1,0,0,2,3561,DET,OTT,2023-10-21,Saturday 01:00 PM,2023020065,1,0,4
8480843,1,L. Dostal,G,18/19,7/8,0/0,25/27,0.926,1,1,0,0,2,3472,ANA,ARI,2023-10-21,Saturday 04:00 PM,2023020066,1,0,0
8473575,40,S. Varlamov,G,30/33,7/7,2/2,39/42,0.929,3,0,0,0,3,3547,NYI,BUF,2023-10-21,Saturday 07:00 PM,2023020067,1,0,0
8479193,29,C. DeSmith,G,31/33,3/3,0/0,34/36,0.944,3,0,0,0,3,3600,VAN,FLA,2023-10-21,Saturday 07:00 PM,2023020068,1,0,4
8475311,35,D. Kuemper,G,19/21,6/7,0/0,25/28,0.893,2,1,0,0,3,3631,WSH,MTL,2023-10-21,Saturday 07:00 PM,2023020069,1,0,1
8478492,35,I. Samsonov,G,1/2,0/2,0/0,1/4,0.25,1,2,0,0,3,809,TOR,TBL,2023-10-21,Saturday 07:00 PM,2023020070,1,0,0
8479361,60,J. Woll,G,24/24,3/3,0/0,27/27,1.0,0,0,0,0,0,3036,TOR,TBL,2023-10-21,Saturday 07:00 PM,2023020070,0,0,4
8478499,33,A. Hill,G,15/17,5/6,1/1,21/24,0.875,2,1,0,0,3,3567,VGK,CHI,2023-10-21,Saturday 08:00 PM,2023020071,1,0,4
8481035,33,S. Ersson,G,20/25,0/0,0/0,20/25,0.8,5,0,0,0,5,3733,PHI,DAL,2023-10-21,Saturday 08:00 PM,2023020072,1,0,1
8478007,90,E. Merzlikins,G,19/23,5/5,0/0,24/28,0.857,4,0,0,0,4,3782,CBJ,MIN,2023-10-21,Saturday 08:00 PM,2023020073,1,0,4
8478406,29,M. Blackwood,G,21/24,8/10,0/0,29/34,0.853,3,2,0,2,5,3600,SJS,NSH,2023-10-21,Saturday 08:00 PM,2023020074,1,0,0
8477465,35,T. Jarry,G,14/18,3/3,0/0,17/21,0.81,4,0,0,0,4,3482,PIT,STL,2023-10-21,Saturday 08:00 PM,2023020075,1,0,0
8481611,52,P. Kochetkov,G,16/18,4/7,1/2,21/27,0.778,2,3,1,0,6,3417,CAR,COL,2023-10-21,Saturday 09:00 PM,2023020076,1,0,0
8476945,37,C. Hellebuyck,G,35/36,1/2,2/2,38/40,0.95,1,1,0,0,2,3833,WPG,EDM,2023-10-21,Saturday 10:00 PM,2023020077,1,0,4
8471734,32,J. Quick,G,18/19,0/0,0/0,18/19,0.947,1,0,0,0,1,3600,NYR,SEA,2023-10-21,Saturday 10:00 PM,2023020078,1,0,4
8480280,1,J. Swayman,G,23/24,8/9,1/1,32/34,0.941,1,1,0,0,2,3600,BOS,LAK,2023-10-21,Saturday 10:30 PM,2023020079,1,0,4
8478435,80,D. Vladar,G,15/21,9/9,0/0,24/30,0.8,6,0,0,0,6,3591,CGY,DET,2023-10-22,Sunday 05:00 PM,2023020080,1,0,0
8476999,35,L. Ullmark,G,24/25,5/5,1/1,30/31,0.968,1,0,0,0,1,3600,BOS,ANA,2023-10-22,Sunday 08:30 PM,2023020081,1,0,4
8474596,34,J. Allen,G,26/26,10/11,0/0,36/37,0.973,0,1,0,0,1,3600,MTL,BUF,2023-10-23,Monday 07:00 PM,2023020082,1,0,4
8479361,60,J. Woll,G,23/23,13/14,1/1,37/38,0.974,0,1,0,0,1,3573,TOR,WSH,2023-10-24,Tuesday 06:00 PM,2023020083,1,0,4
8480843,1,L. Dostal,G,21/22,14/15,0/0,35/37,0.946,1,1,0,0,2,3740,ANA,CBJ,2023-10-24,Tuesday 08:30 PM,2023020084,1,0,4
8480045,1,U. Luukkonen,G,26/29,8/9,0/0,34/38,0.895,3,1,0,0,4,3582,BUF,OTT,2023-10-24,Tuesday 06:45 PM,2023020085,1,0,4
8481611,52,P. Kochetkov,G,15/17,4/5,1/1,20/23,0.87,2,1,0,0,3,3534,CAR,TBL,2023-10-24,Tuesday 07:00 PM,2023020086,1,0,0
8477970,41,V. Vanecek,G,24/25,3/4,0/0,27/29,0.931,1,1,0,0,2,3579,NJD,MTL,2023-10-24,Tuesday 07:15 PM,2023020087,1,0,4
8479979,29,J. Oettinger,G,28/29,10/10,0/0,38/39,0.974,1,0,0,0,1,3600,DAL,PIT,2023-10-24,Tuesday 07:30 PM,2023020088,1,0,4
8478406,29,M. Blackwood,G,24/25,9/10,0/0,33/35,0.943,1,1,0,0,2,3412,SJS,FLA,2023-10-24,Tuesday 07:45 PM,2023020089,1,0,0
8480382,40,A. Georgiev,G,21/24,6/7,1/1,28/32,0.875,3,1,0,0,4,3572,COL,NYI,2023-10-24,Tuesday 08:00 PM,2023020090,1,0,4
8478916,35,J. Daccord,G,18/19,5/8,0/0,23/27,0.852,1,3,0,0,4,3876,SEA,DET,2023-10-24,Tuesday 08:15 PM,2023020091,1,0,4
8480280,1,J. Swayman,G,21/21,2/2,0/0,23/23,1.0,0,0,0,0,0,3589,BOS,CHI,2023-10-24,Tuesday 08:30 PM,2023020092,1,1,4
8476412,50,J. Binnington,G,24/27,1/1,1/1,26/29,0.897,3,0,0,0,3,3538,STL,WPG,2023-10-24,Tuesday 08:45 PM,2023020093,1,0,0
8475789,36,J. Campbell,G,17/23,7/7,1/1,25/31,0.806,6,0,0,0,6,3557,EDM,MIN,2023-10-24,Tuesday 09:00 PM,2023020094,1,0,0
8477967,35,T. Demko,G,12/14,4/4,0/0,16/18,0.889,2,0,0,0,2,3600,VAN,NSH,2023-10-24,Tuesday 09:15 PM,2023020095,1,0,4
8478048,31,I. Shesterkin,G,21/22,4/4,0/0,25/26,0.962,1,0,0,0,1,3588,NYR,CGY,2023-10-24,Tuesday 09:45 PM,2023020096,1,0,4
8478971,39,C. Ingram,G,5/7,1/2,0/0,6/9,0.667,2,1,0,0,3,754,ARI,LAK,2023-10-24,Tuesday 10:30 PM,2023020097,1,0,0
8478872,70,K. Vejmelka,G,12/14,3/3,1/1,16/18,0.889,2,0,0,0,2,2725,ARI,LAK,2023-10-24,Tuesday 10:30 PM,2023020097,0,0,0
8479394,79,C. Hart,G,24/27,1/1,1/1,26/29,0.897,3,0,0,0,3,3585,PHI,VGK,2023-10-24,Tuesday 11:00 PM,2023020098,1,0,0
8482411,31,H. Shepard,G,18/22,0/0,0/0,18/22,0.818,4,0,0,0,4,3600,WSH,NJD,2023-10-25,Wednesday 07:30 PM,2023020099,1,0,4
8476434,36,J. Gibson,G,22/24,5/6,0/0,27/30,0.9,2,1,0,0,3,3536,ANA,BOS,2023-10-26,Thursday 07:00 PM,2023020100,1,0,4
8478916,35,J. Daccord,G,40/43,2/2,0/0,42/45,0.933,3,0,0,0,3,3890,SEA,CAR,2023-10-26,Thursday 07:00 PM,2023020101,1,0,1
8476945,37,C. Hellebuyck,G,27/28,7/7,1/1,35/36,0.972,1,0,0,0,1,3600,WPG,DET,2023-10-26,Thursday 07:00 PM,2023020102,1,0,4
8478007,90,E. Merzlikins,G,21/23,4/6,0/0,25/29,0.862,2,2,0,0,4,3857,CBJ,MTL,2023-10-26,Thursday 07:00 PM,2023020103,1,0,1
8479406,32,F. Gustavsson,G,25/29,2/4,2/2,29/35,0.829,4,2,0,0,6,3595,MIN,PHI,2023-10-26,Thursday 07:30 PM,2023020104,1,0,0
8480382,40,A. Georgiev,G,19/23,0/0,1/1,20/24,0.833,4,0,0,0,4,3115,COL,PIT,2023-10-26,Thursday 07:00 PM,2023020105,1,0,0
8481031,50,I. Prosvetov,G,5/5,0/0,0/0,5/5,1.0,0,0,0,0,0,485,COL,PIT,2023-10-26,Thursday 07:00 PM,2023020105,0,0,0
8478406,29,M. Blackwood,G,13/17,3/4,0/0,16/21,0.762,4,1,0,0,5,1649,SJS,TBL,2023-10-26,Thursday 07:00 PM,2023020106,1,0,0
8478039,36,K. Kahkonen,G,9/10,0/0,0/0,9/10,0.9,1,0,0,0,1,1923,SJS,TBL,2023-10-26,Thursday 07:00 PM,2023020106,0,0,0
8476914,70,J. Korpisalo,G,28/30,5/6,2/2,35/38,0.921,2,1,0,0,3,3535,OTT,NYI,2023-10-26,Thursday 07:30 PM,2023020107,1,0,0
8479361,60,J. Woll,G,27/28,2/2,2/2,31/32,0.969,1,0,0,0,1,3596,TOR,DAL,2023-10-26,Thursday 08:00 PM,2023020108,1,0,4
8480981,30,J. Hofer,G,26/26,1/1,0/0,27/27,1.0,0,0,0,0,0,3596,STL,CGY,2023-10-26,Thursday 09:00 PM,2023020109,1,1,4
8471734,32,J. Quick,G,27/27,1/1,1/1,29/29,1.0,0,0,0,0,0,3585,NYR,EDM,2023-10-26,Thursday 09:00 PM,2023020110,1,1,4
8475852,34,P. Mrazek,G,13/16,5/5,0/0,18/21,0.857,3,0,0,0,3,3736,CHI,VGK,2023-10-27,Friday 06:00 PM,2023020111,1,0,4
8478039,36,K. Kahkonen,G,25/27,12/13,0/0,37/40,0.925,2,1,0,0,3,3600,SJS,CAR,2023-10-27,Friday 07:00 PM,2023020112,1,0,0
8480045,1,U. Luukkonen,G,11/12,6/7,1/2,18/21,0.857,1,1,1,2,3,1688,BUF,NJD,2023-10-27,Friday 07:00 PM,2023020113,0,0,0
8477480,31,E. Comrie,G,9/11,7/7,0/0,16/18,0.889,2,0,0,0,2,1786,BUF,NJD,2023-10-27,Friday 07:00 PM,2023020113,1,0,0
8470594,29,M. Fleury,G,25/25,6/7,0/1,31/33,0.939,0,1,1,0,2,3853,MIN,WSH,2023-10-27,Friday 07:00 PM,2023020114,1,0,1
8477831,29,P. Copley,G,3/6,0/0,0/0,3/6,0.5,3,0,0,0,3,501,LAK,ARI,2023-10-27,Friday 10:00 PM,2023020115,1,0,0
8475660,39,C. Talbot,G,14/15,3/3,0/0,17/18,0.944,1,0,0,0,1,3064,LAK,ARI,2023-10-27,Friday 10:00 PM,2023020115,0,0,4
8476412,50,J. Binnington,G,24/28,6/6,0/1,30/35,0.857,4,0,1,0,5,3600,STL,VAN,2023-10-27,Friday 10:00 PM,2023020116,1,0,0
8480843,1,L. Dostal,G,23/26,3/4,0/0,26/30,0.867,3,1,0,0,4,3584,ANA,PHI,2023-10-28,Saturday 01:00 PM,2023020117,1,0,4
8478916,35,J. Daccord,G,33/35,0/1,1/1,34/37,0.919,2,1,0,0,3,3500,SEA,FLA,2023-10-28,Saturday 06:00 PM,2023020118,1,0,0
8478024,35,V. Husso,G,16/18,9/10,2/2,27/30,0.9,2,1,0,0,3,3466,DET,BOS,2023-10-28,Saturday 07:00 PM,2023020119,1,0,0
8473575,40,S. Varlamov,G,28/28,5/5,1/1,34/34,1.0,0,0,0,0,0,3600,NYI,CBJ,2023-10-28,Saturday 07:00 PM,2023020120,1,1,4
8476316,39,L. Brossoit,G,23/25,1/2,2/2,26/29,0.897,2,1,0,0,3,3900,WPG,MTL,2023-10-28,Saturday 07:00 PM,2023020121,1,0,1
8478492,35,I. Samsonov,G,17/18,3/5,1/1,21/24,0.875,1,2,0,0,3,3725,TOR,NSH,2023-10-28,Saturday 07:00 PM,2023020122,1,0,1
8476914,70,J. Korpisalo,G,36/38,5/5,0/0,41/43,0.953,2,0,0,0,2,3600,OTT,PIT,2023-10-28,Saturday 07:00 PM,2023020123,1,0,4
8478048,31,I. Shesterkin,G,18/19,9/10,3/4,30/33,0.909,1,1,1,0,3,3802,NYR,VAN,2023-10-28,Saturday 10:00 PM,2023020124,1,0,4
8480313,36,L. Thompson,G,30/33,7/7,0/0,37/40,0.925,3,0,0,0,3,3900,VGK,LAK,2023-10-28,Saturday 10:30 PM,2023020125,1,0,4
8480382,40,A. Georgiev,G,18/21,7/7,0/0,25/28,0.893,3,0,0,0,3,3553,COL,BUF,2023-10-29,Sunday 01:00 PM,2023020126,1,0,0
8470594,29,M. Fleury,G,24/26,2/4,0/0,26/30,0.867,2,2,0,0,4,3438,MIN,NJD,2023-10-29,Sunday 05:00 PM,2023020127,1,0,0
8478406,29,M. Blackwood,G,33/35,6/6,0/0,39/41,0.951,2,0,0,0,2,3570,SJS,WSH,2023-10-29,Sunday 05:00 PM,2023020128,1,0,0
8474593,25,J. Markstrom,G,25/29,3/3,0/0,28/32,0.875,4,0,0,0,4,3483,CGY,EDM,2023-10-29,Sunday 07:00 PM,2023020129,1,0,0
8475683,72,S. Bobrovsky,G,19/22,3/3,1/1,23/26,0.885,3,0,0,0,3,3816,FLA,BOS,2023-10-30,Monday 07:00 PM,2023020130,1,0,1
8475883,31,F. Andersen,G,19/21,7/7,0/0,26/28,0.929,2,0,0,0,2,3600,CAR,PHI,2023-10-30,Monday 07:00 PM,2023020131,1,0,4
8480843,1,L. Dostal,G,20/21,11/12,2/2,33/35,0.943,1,1,0,0,2,2400,ANA,PIT,2023-10-30,Monday 07:00 PM,2023020132,0,0,4
8476434,36,J. Gibson,G,2/2,4/5,0/0,6/7,0.857,0,1,0,0,1,1200,ANA,PIT,2023-10-30,Monday 07:00 PM,2023020132,1,0,0
8475831,31,P. Grubauer,G,26/28,7/8,1/1,34/37,0.919,2,1,0,0,3,3773,SEA,TBL,2023-10-30,Monday 07:00 PM,2023020133,1,0,4
8478024,35,V. Husso,G,32/33,4/5,1/2,37/40,0.925,1,1,1,0,3,3685,DET,NYI,2023-10-30,Monday 07:30 PM,2023020134,1,0,4
8478048,31,I. Shesterkin,G,20/22,6/6,1/1,27/29,0.931,2,0,0,0,2,3851,NYR,WPG,2023-10-30,Monday 07:30 PM,2023020135,1,0,4
8478007,90,E. Merzlikins,G,19/23,8/8,1/1,28/32,0.875,4,0,0,0,4,3433,CBJ,DAL,2023-10-30,Monday 08:00 PM,2023020136,1,0,0
8475852,34,P. Mrazek,G,9/10,1/1,0/0,10/11,0.909,1,0,0,0,1,1474,CHI,ARI,2023-10-30,Monday 10:00 PM,2023020137,0,0,0
8482821,40,A. Soderblom,G,15/21,0/1,0/0,15/22,0.682,6,1,0,0,7,2126,CHI,ARI,2023-10-30,Monday 10:00 PM,2023020137,1,0,0
8478470,35,S. Montembeault,G,22/23,0/1,1/1,23/25,0.92,1,1,0,0,2,3900,MTL,VGK,2023-10-30,Monday 10:00 PM,2023020138,1,0,1
8475660,39,C. Talbot,G,23/23,6/7,0/0,29/30,0.967,0,1,0,0,1,3600,LAK,TOR,2023-10-31,Tuesday 08:00 PM,2023020139,1,0,4
8480947,32,K. Lankinen,G,21/24,1/2,0/0,22/26,0.846,3,1,0,0,4,3568,NSH,VAN,2023-10-31,Tuesday 10:00 PM,2023020140,1,0,0
8480045,1,U. Luukkonen,G,30/32,7/7,1/1,38/40,0.95,2,0,0,0,2,3600,BUF,PHI,2023-11-01,Wednesday 07:00 PM,2023020141,1,0,4
8479979,29,J. Oettinger,G,33/35,11/12,0/0,44/47,0.936,2,1,0,0,3,3600,DAL,CGY,2023-11-01,Wednesday 08:30 PM,2023020142,1,0,4
8476412,50,J. Binnington,G,22/25,2/3,0/0,24/28,0.857,3,1,0,0,4,3572,STL,COL,2023-11-01,Wednesday 09:30 PM,2023020143,1,0,0
8478872,70,K. Vejmelka,G,20/22,4/6,1/1,25/29,0.862,2,2,0,0,4,3768,ARI,ANA,2023-11-01,Wednesday 10:00 PM,2023020144,1,0,1
8478492,35,I. Samsonov,G,36/38,2/2,0/0,38/40,0.95,2,0,0,0,2,3894,TOR,BOS,2023-11-02,Thursday 07:30 PM,2023020145,1,0,1
8477035,90,M. Tomkins,G,17/20,6/6,1/1,24/27,0.889,3,0,0,0,3,3467,TBL,CBJ,2023-11-02,Thursday 07:00 PM,2023020146,1,0,0
8475683,72,S. Bobrovsky,G,15/15,7/7,0/0,22/22,1.0,0,0,0,0,0,3589,FLA,DET,2023-11-02,Thursday 07:00 PM,2023020147,1,1,4
8475883,31,F. Andersen,G,19/20,5/6,0/0,24/26,0.923,1,1,0,0,2,3528,CAR,NYR,2023-11-02,Thursday 07:00 PM,2023020148,1,0,0
8475660,39,C. Talbot,G,18/19,5/6,1/1,24/26,0.923,1,1,0,0,2,3600,LAK,OTT,2023-11-02,Thursday 07:00 PM,2023020149,1,0,4
8473575,40,S. Varlamov,G,27/27,4/4,1/1,32/32,1.0,0,0,0,0,0,3600,NYI,WSH,2023-11-02,Thursday 07:00 PM,2023020150,1,1,4
8477970,41,V. Vanecek,G,19/21,3/4,0/0,22/25,0.88,2,1,0,0,3,3600,NJD,MIN,2023-11-02,Thursday 08:00 PM,2023020151,1,0,4
8475809,41,S. Wedgewood,G,36/39,7/7,3/3,46/49,0.939,3,0,0,0,3,3596,DAL,EDM,2023-11-02,Thursday 09:00 PM,2023020152,1,0,4
8474596,34,J. Allen,G,24/26,7/8,1/1,32/35,0.914,2,1,0,0,3,3465,MTL,ARI,2023-11-02,Thursday 10:00 PM,2023020153,1,0,0
8477424,74,J. Saros,G,25/28,2/3,0/0,27/31,0.871,3,1,0,0,4,3472,NSH,SEA,2023-11-02,Thursday 10:00 PM,2023020154,1,0,0
8476945,37,C. Hellebuyck,G,18/20,3/5,0/0,21/25,0.84,2,2,0,0,4,3563,WPG,VGK,2023-11-02,Thursday 10:00 PM,2023020155,1,0,0
8477967,35,T. Demko,G,25/25,5/6,0/0,30/31,0.968,0,1,0,0,1,3600,VAN,SJS,2023-11-02,Thursday 10:30 PM,2023020156,1,0,4
8481035,33,S. Ersson,G,18/19,3/3,0/0,21/22,0.955,1,0,0,0,1,3600,PHI,BUF,2023-11-03,Friday 07:00 PM,2023020157,1,0,4
8481033,40,A. Schmid,G,27/29,3/3,1/1,31/33,0.939,2,0,0,0,2,3470,NJD,STL,2023-11-03,Friday 08:00 PM,2023020158,1,0,0
8480947,32,K. Lankinen,G,30/30,2/4,1/1,33/35,0.943,0,2,0,0,2,3600,NSH,EDM,2023-11-04,Saturday 03:00 PM,2023020159,1,0,4
8476945,37,C. Hellebuyck,G,19/21,3/4,0/0,22/25,0.88,2,1,0,0,3,3600,WPG,ARI,2023-11-04,Saturday 04:00 PM,2023020160,1,0,4
8476999,35,L. Ullmark,G,28/31,5/7,2/2,35/40,0.875,3,2,0,0,5,3588,BOS,DET,2023-11-04,Saturday 07:00 PM,2023020161,1,0,0
8477992,31,J. Johansson,G,18/21,6/7,0/0,24/28,0.857,3,1,0,0,4,3590,TBL,OTT,2023-11-04,Saturday 07:00 PM,2023020162,1,0,4
8475660,39,C. Talbot,G,16/16,5/5,3/3,24/24,1.0,0,0,0,0,0,3592,LAK,PHI,2023-11-04,Saturday 07:30 PM,2023020163,1,1,4
8478470,35,S. Montembeault,G,26/30,0/0,3/4,29/34,0.853,4,0,1,0,5,3585,MTL,STL,2023-11-04,Saturday 07:00 PM,2023020164,1,0,0
8482221,27,D. Levi,G,12/15,11/12,1/1,24/28,0.857,3,1,0,0,4,3600,BUF,TOR,2023-11-04,Saturday 07:00 PM,2023020165,1,0,4
8478007,90,E. Merzlikins,G,23/25,0/0,2/2,25/27,0.926,2,0,0,0,2,3483,CBJ,WSH,2023-11-04,Saturday 07:00 PM,2023020166,1,0,0
8477293,32,A. Raanta,G,21/23,1/1,0/1,22/25,0.88,2,0,1,0,3,3670,CAR,NYI,2023-11-04,Saturday 07:30 PM,2023020167,1,0,4
8476932,41,A. Stolarz,G,20/23,0/1,0/0,20/24,0.833,3,1,0,2,4,3424,FLA,CHI,2023-11-04,Saturday 08:00 PM,2023020168,1,0,0
8471734,32,J. Quick,G,24/28,11/11,0/0,35/39,0.897,4,0,0,2,4,3900,NYR,MIN,2023-11-04,Saturday 08:00 PM,2023020169,1,0,1
8478435,80,D. Vladar,G,15/17,2/3,0/0,17/20,0.85,2,1,0,0,3,3600,CGY,SEA,2023-11-04,Saturday 10:00 PM,2023020170,1,0,4
8477465,35,T. Jarry,G,19/19,4/6,1/1,24/26,0.923,0,2,0,0,2,3546,PIT,SJS,2023-11-04,Saturday 10:00 PM,2023020171,1,0,4
8479979,29,J. Oettinger,G,13/15,12/12,1/1,26/28,0.929,2,0,0,0,2,3353,DAL,VAN,2023-11-04,Saturday 10:00 PM,2023020172,1,0,0
8480382,40,A. Georgiev,G,17/21,10/11,0/2,27/34,0.794,4,1,2,0,7,3600,COL,VGK,2023-11-04,Saturday 10:00 PM,2023020173,1,0,0
8477970,41,V. Vanecek,G,29/31,2/2,1/1,32/34,0.941,2,0,0,0,2,3595,NJD,CHI,2023-11-05,Sunday 07:00 PM,2023020174,1,0,4
8480313,36,L. Thompson,G,18/20,1/2,0/0,19/22,0.864,2,1,0,0,3,3569,VGK,ANA,2023-11-05,Sunday 08:00 PM,2023020175,1,0,0
8477484,30,S. Martin,G,33/35,1/1,0/0,34/36,0.944,2,0,0,0,2,3317,CBJ,FLA,2023-11-06,Monday 07:00 PM,2023020176,0,0,1
8478007,90,E. Merzlikins,G,7/10,0/0,0/0,7/10,0.7,3,0,0,0,3,369,CBJ,FLA,2023-11-06,Monday 07:00 PM,2023020176,1,0,0
8477992,31,J. Johansson,G,23/29,5/5,0/0,28/34,0.824,6,0,0,0,6,3646,TBL,TOR,2023-11-06,Monday 07:00 PM,2023020177,1,0,1
8480280,1,J. Swayman,G,30/32,4/4,1/1,35/37,0.946,2,0,0,0,2,3571,BOS,DAL,2023-11-06,Monday 08:00 PM,2023020178,1,0,4
8479973,74,S. Skinner,G,23/26,6/9,1/1,30/36,0.833,3,3,0,0,6,3600,EDM,VAN,2023-11-06,Monday 10:00 PM,2023020179,1,0,0
8480045,1,U. Luukkonen,G,17/19,4/5,3/3,24/27,0.889,2,1,0,0,3,3684,BUF,CAR,2023-11-07,Tuesday 07:00 PM,2023020180,1,0,1
8477035,90,M. Tomkins,G,15/17,8/9,0/0,23/26,0.885,2,1,0,0,3,3600,TBL,MTL,2023-11-07,Tuesday 07:00 PM,2023020181,1,0,4
8470594,29,M. Fleury,G,20/21,7/8,0/0,27/29,0.931,1,1,0,0,2,3592,MIN,NYI,2023-11-07,Tuesday 07:30 PM,2023020182,1,0,4
8478024,35,V. Husso,G,23/26,3/5,1/1,27/32,0.844,3,2,0,0,5,3402,DET,NYR,2023-11-07,Tuesday 07:30 PM,2023020183,1,0,0
8476945,37,C. Hellebuyck,G,17/19,3/3,0/0,20/22,0.909,2,0,0,0,2,3572,WPG,STL,2023-11-07,Tuesday 08:00 PM,2023020184,1,0,4
8478916,35,J. Daccord,G,19/20,4/6,1/1,24/27,0.889,1,2,0,0,3,3900,SEA,ARI,2023-11-07,Tuesday 09:00 PM,2023020185,1,0,1
8477424,74,J. Saros,G,33/36,2/2,0/0,35/38,0.921,3,0,0,0,3,3480,NSH,CGY,2023-11-07,Tuesday 09:00 PM,2023020186,1,0,0
8477465,35,T. Jarry,G,16/16,3/3,1/1,20/20,1.0,0,0,0,0,0,2295,PIT,ANA,2023-11-07,Tuesday 10:00 PM,2023020187,1,0,4
8476433,45,M. Hellberg,G,11/11,0/0,0/0,11/11,1.0,0,0,0,0,0,1296,PIT,ANA,2023-11-07,Tuesday 10:00 PM,2023020187,0,0,0
8477970,41,V. Vanecek,G,18/21,7/8,1/2,26/31,0.839,3,1,1,0,5,3508,NJD,COL,2023-11-07,Tuesday 10:00 PM,2023020188,1,0,0
8481035,33,S. Ersson,G,15/16,2/3,0/0,17/19,0.895,1,1,0,0,2,3508,PHI,SJS,2023-11-07,Tuesday 10:30 PM,2023020189,1,0,0
8476914,70,J. Korpisalo,G,26/28,0/1,1/1,27/30,0.9,2,1,0,0,3,3600,OTT,TOR,2023-11-08,Wednesday 07:00 PM,2023020190,1,0,4
8475683,72,S. Bobrovsky,G,21/23,4/4,0/1,25/28,0.893,2,0,1,0,3,3615,FLA,WSH,2023-11-08,Wednesday 07:30 PM,2023020191,1,0,4
8475660,39,C. Talbot,G,36/37,0/0,1/1,37/38,0.974,1,0,0,0,1,3600,LAK,VGK,2023-11-08,Wednesday 10:00 PM,2023020192,1,0,4
8478009,30,I. Sorokin,G,23/25,7/9,0/0,30/34,0.882,2,2,0,0,4,3531,NYI,BOS,2023-11-09,Thursday 07:00 PM,2023020193,1,0,0
8479979,29,J. Oettinger,G,25/27,2/2,0/0,27/29,0.931,2,0,0,2,2,3600,DAL,CBJ,2023-11-09,Thursday 07:30 PM,2023020194,1,0,4
8480051,30,C. Primeau,G,17/19,8/8,2/2,27/29,0.931,2,0,0,0,2,3856,MTL,DET,2023-11-09,Thursday 07:00 PM,2023020195,1,0,4
8470594,29,M. Fleury,G,22/24,1/2,1/1,24/27,0.889,2,1,0,0,3,3464,MIN,NYR,2023-11-09,Thursday 07:00 PM,2023020196,1,0,0
8479193,29,C. DeSmith,G,23/25,3/3,2/2,28/30,0.933,2,0,0,0,2,3563,VAN,OTT,2023-11-09,Thursday 07:00 PM,2023020197,1,0,4
8475852,34,P. Mrazek,G,20/22,8/9,2/2,30/33,0.909,2,1,0,0,3,3574,CHI,TBL,2023-11-09,Thursday 07:00 PM,2023020198,1,0,4
8478872,70,K. Vejmelka,G,22/24,8/8,1/1,31/33,0.939,2,0,0,0,2,3484,ARI,STL,2023-11-09,Thursday 08:00 PM,2023020199,1,0,0
8477424,74,J. Saros,G,21/25,7/8,3/3,31/36,0.861,4,1,0,0,5,3466,NSH,WPG,2023-11-09,Thursday 08:00 PM,2023020200,1,0,0
8475831,31,P. Grubauer,G,21/24,1/1,1/1,23/26,0.885,3,0,0,0,3,3600,SEA,COL,2023-11-09,Thursday 09:00 PM,2023020201,1,0,4
8476433,45,M. Hellberg,G,29/31,3/3,1/2,33/36,0.917,2,0,1,0,3,3825,PIT,LAK,2023-11-09,Thursday 10:30 PM,2023020202,1,0,4
8479973,74,S. Skinner,G,14/17,0/0,1/1,15/18,0.833,3,0,0,0,3,3487,EDM,SJS,2023-11-09,Thursday 10:30 PM,2023020203,1,0,0
8479406,32,F. Gustavsson,G,12/15,7/7,3/3,22/25,0.88,3,0,0,0,3,3495,MIN,BUF,2023-11-10,Friday 07:00 PM,2023020204,1,0,0
8477293,32,A. Raanta,G,26/30,2/2,2/2,30/34,0.882,4,0,0,0,4,3583,CAR,FLA,2023-11-10,Friday 07:00 PM,2023020205,1,0,0
8479292,79,C. Lindgren,G,20/22,4/4,0/0,24/26,0.923,2,0,0,0,2,3546,WSH,NJD,2023-11-10,Friday 07:00 PM,2023020206,1,0,4
8478435,80,D. Vladar,G,30/32,1/2,1/2,32/36,0.889,2,1,1,0,4,3900,CGY,TOR,2023-11-10,Friday 07:00 PM,2023020207,1,0,1
8481035,33,S. Ersson,G,22/23,10/12,3/3,35/38,0.921,1,2,0,0,3,3600,PHI,ANA,2023-11-10,Friday 10:00 PM,2023020208,1,0,4
8478039,36,K. Kahkonen,G,33/37,0/0,1/2,34/39,0.872,4,0,1,0,5,3600,SJS,VGK,2023-11-10,Friday 10:00 PM,2023020209,1,0,0
8477484,30,S. Martin,G,20/25,3/3,0/0,23/28,0.821,5,0,0,0,5,3479,CBJ,DET,2023-11-11,Saturday 01:00 PM,2023020210,1,0,0
8475809,41,S. Wedgewood,G,28/30,1/1,2/2,31/33,0.939,2,0,0,0,2,3600,DAL,WPG,2023-11-11,Saturday 03:00 PM,2023020211,1,0,4
8480280,1,J. Swayman,G,20/22,3/4,1/1,24/27,0.889,2,1,0,0,3,3733,BOS,MTL,2023-11-11,Saturday 07:00 PM,2023020212,1,0,1
8481692,32,D. Wolf,G,21/24,10/11,3/3,34/38,0.895,3,1,0,0,4,3585,CGY,OTT,2023-11-11,Saturday 07:00 PM,2023020213,1,0,0
8481611,52,P. Kochetkov,G,20/20,2/2,0/0,22/22,1.0,0,0,0,0,0,3594,CAR,TBL,2023-11-11,Saturday 07:00 PM,2023020214,1,1,4
8477967,35,T. Demko,G,10/15,4/4,3/3,17/22,0.773,5,0,0,0,5,3600,VAN,TOR,2023-11-11,Saturday 07:00 PM,2023020215,1,0,0
8482411,31,H. Shepard,G,36/37,0/0,0/0,36/37,0.973,1,0,0,0,1,3600,WSH,NYI,2023-11-11,Saturday 07:30 PM,2023020216,1,0,4
8480045,1,U. Luukkonen,G,29/31,5/6,1/1,35/38,0.921,2,1,0,0,3,3541,BUF,PIT,2023-11-11,Saturday 07:30 PM,2023020217,1,0,0
8478971,39,C. Ingram,G,26/30,10/11,1/1,37/42,0.881,4,1,0,0,5,3586,ARI,NSH,2023-11-11,Saturday 08:00 PM,2023020218,1,0,4
8476412,50,J. Binnington,G,26/28,8/8,2/2,36/38,0.947,2,0,0,0,2,3600,STL,COL,2023-11-11,Saturday 09:00 PM,2023020219,1,0,4
8479973,74,S. Skinner,G,14/14,2/3,1/1,17/18,0.944,0,1,0,0,1,3600,EDM,SEA,2023-11-11,Saturday 10:00 PM,2023020220,1,0,4
8477361,40,C. Petersen,G,25/27,8/8,2/2,35/37,0.946,2,0,0,0,2,3600,PHI,LAK,2023-11-11,Saturday 10:30 PM,2023020221,1,0,4
8482821,40,A. Soderblom,G,22/24,5/7,0/0,27/31,0.871,2,2,0,0,4,3476,CHI,FLA,2023-11-12,Sunday 01:00 PM,2023020222,1,0,0
8479979,29,J. Oettinger,G,10/12,12/13,1/1,23/26,0.885,2,1,0,0,3,3600,DAL,MIN,2023-11-12,Sunday 06:00 PM,2023020223,1,0,4
8479193,29,C. DeSmith,G,27/28,3/4,0/0,30/32,0.938,1,1,0,0,2,3573,VAN,MTL,2023-11-12,Sunday 07:00 PM,2023020224,1,0,4
8478007,90,E. Merzlikins,G,30/33,7/7,0/0,37/40,0.925,3,0,0,0,3,3900,CBJ,NYR,2023-11-12,Sunday 07:00 PM,2023020225,1,0,1
8478406,29,M. Blackwood,G,27/29,12/14,1/1,40/44,0.909,2,2,0,0,4,3600,SJS,ANA,2023-11-12,Sunday 08:00 PM,2023020226,1,0,0
8479973,74,S. Skinner,G,28/29,3/3,1/1,32/33,0.97,1,0,0,0,1,3600,EDM,NYI,2023-11-13 00:00:00,Monday 08:30 PM,2023020227,1,0,4
8478916,35,J. Daccord,G,17/20,7/9,2/2,26/31,0.839,3,2,0,0,5,3600,SEA,COL,2023-11-13 00:00:00,Monday 10:00 PM,2023020228,1,0,0
8480045,1,U. Luukkonen,G,8/8,6/6,0/0,14/14,1.0,0,0,0,2,0,1362,BUF,BOS,2023-11-14 00:00:00,Tuesday 07:00 PM,2023020229,0,0,0
8482221,27,D. Levi,G,13/17,0/1,0/0,13/18,0.722,4,1,0,0,5,2107,BUF,BOS,2023-11-14 00:00:00,Tuesday 07:00 PM,2023020229,1,0,0
8478007,90,E. Merzlikins,G,31/35,4/4,1/1,36/40,0.9,4,0,0,0,4,3534,CBJ,PIT,2023-11-14 00:00:00,Tuesday 07:00 PM,2023020230,1,0,0
8478470,35,S. Montembeault,G,24/26,2/2,1/1,27/29,0.931,2,0,0,0,2,3515,MTL,CGY,2023-11-14 00:00:00,Tuesday 07:00 PM,2023020231,1,0,0
8479292,79,C. Lindgren,G,32/32,2/2,1/1,35/35,1.0,0,0,0,0,0,3600,WSH,VGK,2023-11-14 00:00:00,Tuesday 07:00 PM,2023020232,1,1,4
8479979,29,J. Oettinger,G,20/22,3/4,0/0,23/26,0.885,2,1,0,0,3,3642,DAL,ARI,2023-11-14 00:00:00,Tuesday 08:00 PM,2023020233,1,0,4
8477424,74,J. Saros,G,14/17,2/2,1/1,17/20,0.85,3,0,0,0,3,3548,NSH,ANA,2023-11-14 00:00:00,Tuesday 08:00 PM,2023020234,1,0,0
8476412,50,J. Binnington,G,29/29,1/1,0/0,30/30,1.0,0,0,0,0,0,3600,STL,TBL,2023-11-14 00:00:00,Tuesday 08:00 PM,2023020235,1,1,4
8476945,37,C. Hellebuyck,G,29/30,2/4,0/0,31/34,0.912,1,2,0,0,3,3591,WPG,NJD,2023-11-14 00:00:00,Tuesday 08:00 PM,2023020236,1,0,4
8478406,29,M. Blackwood,G,21/23,4/6,1/1,26/30,0.867,2,2,0,0,4,3434,SJS,FLA,2023-11-14 00:00:00,Tuesday 10:30 PM,2023020237,1,0,0
8481611,52,P. Kochetkov,G,19/22,0/0,2/2,21/24,0.875,3,0,0,0,3,3485,CAR,PHI,2023-11-15 00:00:00,Wednesday 07:30 PM,2023020238,1,0,0
8479973,74,S. Skinner,G,28/31,4/4,0/0,32/35,0.914,3,0,0,0,3,3705,EDM,SEA,2023-11-15 00:00:00,Wednesday 08:30 PM,2023020239,1,0,4
8480382,40,A. Georgiev,G,13/15,1/1,1/1,15/17,0.882,2,0,0,0,2,3593,COL,ANA,2023-11-15 00:00:00,Wednesday 09:00 PM,2023020240,1,0,4
8477967,35,T. Demko,G,26/27,3/5,1/1,30/33,0.909,1,2,0,0,3,3751,VAN,NYI,2023-11-15 00:00:00,Wednesday 10:00 PM,2023020241,1,0,4
8478009,30,I. Sorokin,G,26/27,2/4,0/0,28/31,0.903,1,2,0,0,3,3588,NYI,EDM,2023-11-13 00:00:00,Monday 08:30 PM,2023020227,1,0,0
8480382,40,A. Georgiev,G,16/17,0/0,2/2,18/19,0.947,1,0,0,0,1,3584,COL,SEA,2023-11-13 00:00:00,Monday 10:00 PM,2023020228,1,0,4
8476999,35,L. Ullmark,G,27/29,4/4,1/1,32/34,0.941,2,0,0,0,2,3561,BOS,BUF,2023-11-14 00:00:00,Tuesday 07:00 PM,2023020229,1,0,4
8477465,35,T. Jarry,G,17/20,10/10,0/0,27/30,0.9,3,0,0,0,3,3600,PIT,CBJ,2023-11-14 00:00:00,Tuesday 07:00 PM,2023020230,1,0,4
8474593,25,J. Markstrom,G,24/25,9/9,1/1,34/35,0.971,1,0,0,0,1,3600,CGY,MTL,2023-11-14 00:00:00,Tuesday 07:00 PM,2023020231,1,0,4
8480313,36,L. Thompson,G,21/23,7/7,0/0,28/30,0.933,2,0,0,0,2,3509,VGK,WSH,2023-11-14 00:00:00,Tuesday 07:00 PM,2023020232,1,0,0
8478872,70,K. Vejmelka,G,27/30,5/6,0/0,32/36,0.889,3,1,0,0,4,3642,ARI,DAL,2023-11-14 00:00:00,Tuesday 08:00 PM,2023020233,1,0,1
8476434,36,J. Gibson,G,17/18,11/12,0/0,28/30,0.933,1,1,0,0,2,3578,ANA,NSH,2023-11-14 00:00:00,Tuesday 08:00 PM,2023020234,1,0,4
8477992,31,J. Johansson,G,24/28,0/0,0/0,24/28,0.857,4,0,0,0,4,3572,TBL,STL,2023-11-14 00:00:00,Tuesday 08:00 PM,2023020235,1,0,0
8481033,40,A. Schmid,G,20/23,4/6,1/1,25/30,0.833,3,2,0,0,5,3586,NJD,WPG,2023-11-14 00:00:00,Tuesday 08:00 PM,2023020236,1,0,0
8476932,41,A. Stolarz,G,18/20,1/2,0/0,19/22,0.864,2,1,0,0,3,3600,FLA,SJS,2023-11-14 00:00:00,Tuesday 10:30 PM,2023020237,1,0,4
8479394,79,C. Hart,G,29/30,2/2,0/0,31/32,0.969,1,0,0,0,1,3600,PHI,CAR,2023-11-15 00:00:00,Wednesday 07:30 PM,2023020238,1,0,4
8478916,35,J. Daccord,G,21/25,5/5,1/1,27/31,0.871,4,0,0,0,4,3738,SEA,EDM,2023-11-15 00:00:00,Wednesday 08:30 PM,2023020239,1,0,1
8480843,1,L. Dostal,G,19/26,8/9,3/3,30/38,0.789,7,1,0,0,8,3600,ANA,COL,2023-11-15 00:00:00,Wednesday 09:00 PM,2023020240,1,0,0
8478009,30,I. Sorokin,G,35/36,4/7,0/0,39/43,0.907,1,3,0,0,4,3756,NYI,VAN,2023-11-15 00:00:00,Wednesday 10:00 PM,2023020241,1,0,1
8476914,70,J. Korpisalo,G,29/33,6/6,2/2,37/41,0.902,4,0,0,0,4,3898,OTT,DET,2023-11-16 00:00:00,Thursday 02:00 PM,2023020242,1,0,4
8478007,90,E. Merzlikins,G,27/29,1/2,1/1,29/32,0.906,2,1,0,0,3,3400,CBJ,ARI,2023-11-16 00:00:00,Thursday 07:00 PM,2023020243,1,0,0
8480051,30,C. Primeau,G,25/27,11/14,0/1,36/42,0.857,2,3,1,0,6,3544,MTL,VGK,2023-11-16 00:00:00,Thursday 07:00 PM,2023020244,1,0,0
8477465,35,T. Jarry,G,23/27,0/0,3/4,26/31,0.839,4,0,1,0,5,3600,PIT,NJD,2023-11-16 00:00:00,Thursday 07:00 PM,2023020245,1,0,0
8475852,34,P. Mrazek,G,25/27,2/3,1/1,28/31,0.903,2,1,0,0,3,3525,CHI,TBL,2023-11-16 00:00:00,Thursday 08:00 PM,2023020246,1,0,0
8474593,25,J. Markstrom,G,18/19,2/3,0/0,20/22,0.909,1,1,0,0,2,3521,CGY,VAN,2023-11-16 00:00:00,Thursday 09:00 PM,2023020247,1,0,4
8475831,31,P. Grubauer,G,16/17,4/6,0/0,20/23,0.870,1,2,0,0,3,3900,SEA,NYI,2023-11-16 00:00:00,Thursday 10:00 PM,2023020248,1,0,4
8475660,39,C. Talbot,G,20/21,10/10,0/0,30/31,0.968,1,0,0,0,1,3580,LAK,FLA,2023-11-16 00:00:00,Thursday 10:30 PM,2023020249,1,0,4
8478039,36,K. Kahkonen,G,34/35,9/9,1/1,44/45,0.978,1,0,0,0,1,3584,SJS,STL,2023-11-16 00:00:00,Thursday 10:30 PM,2023020250,1,0,4
8479312,34,A. Lyon,G,20/22,4/5,2/2,26/29,0.897,2,1,0,0,3,3508,DET,TOR,2023-11-17 00:00:00,Friday 02:00 PM,2023020251,1,0,0
8476945,37,C. Hellebuyck,G,23/25,3/3,0/0,26/28,0.929,2,0,0,0,2,3600,WPG,BUF,2023-11-17 00:00:00,Friday 08:00 PM,2023020252,1,0,4
8476434,36,J. Gibson,G,25/27,8/8,0/0,33/35,0.943,2,0,0,0,2,3471,ANA,FLA,2023-11-17 00:00:00,Friday 10:00 PM,2023020253,1,0,0
8476341,31,A. Forsberg,G,18/19,6/6,0/0,24/25,0.960,1,0,0,0,1,3900,OTT,MIN,2023-11-18 00:00:00,Saturday 11:00 AM,2023020254,1,0,4
8479394,79,C. Hart,G,21/23,5/6,2/2,28/31,0.903,2,1,0,0,3,3660,PHI,VGK,2023-11-18 00:00:00,Saturday 01:00 PM,2023020255,1,0,4
8480947,32,K. Lankinen,G,25/27,2/2,2/2,29/31,0.935,2,0,0,0,2,3600,NSH,CHI,2023-11-18 00:00:00,Saturday 02:00 PM,2023020256,1,0,4
8477992,31,J. Johansson,G,33/36,6/6,0/1,39/43,0.907,3,0,1,0,4,3600,TBL,EDM,2023-11-18 00:00:00,Saturday 04:00 PM,2023020257,1,0,4
8480280,1,J. Swayman,G,15/17,4/4,1/1,20/22,0.909,2,0,0,0,2,3600,BOS,MTL,2023-11-18 00:00:00,Saturday 07:00 PM,2023020258,1,0,4
8477293,32,A. Raanta,G,24/26,1/1,1/1,26/28,0.929,2,0,0,0,2,3600,CAR,PIT,2023-11-18 00:00:00,Saturday 07:00 PM,2023020259,1,0,4
8474593,25,J. Markstrom,G,27/30,1/2,1/1,29/33,0.879,3,1,0,0,4,3900,CGY,NYI,2023-11-18 00:00:00,Saturday 07:00 PM,2023020260,1,0,1
8477970,41,V. Vanecek,G,26/29,4/5,0/0,30/34,0.882,3,1,0,0,4,3456,NJD,NYR,2023-11-18 00:00:00,Saturday 07:00 PM,2023020261,1,0,0
8476316,39,L. Brossoit,G,14/16,2/2,0/0,16/18,0.889,2,0,0,0,2,3600,WPG,ARI,2023-11-18 00:00:00,Saturday 07:00 PM,2023020262,1,0,4
8479292,79,C. Lindgren,G,25/28,7/7,1/1,33/36,0.917,3,0,0,0,3,3600,WSH,CBJ,2023-11-18 00:00:00,Saturday 07:30 PM,2023020263,1,0,4
8479979,29,J. Oettinger,G,27/31,4/5,1/1,32/37,0.865,4,1,0,0,5,3444,DAL,COL,2023-11-18 00:00:00,Saturday 08:00 PM,2023020264,1,0,0
8477967,35,T. Demko,G,21/25,0/0,1/1,22/26,0.846,4,0,0,0,4,3445,VAN,SEA,2023-11-18 00:00:00,Saturday 10:00 PM,2023020265,1,0,0
8475660,39,C. Talbot,G,22/23,7/7,0/0,29/30,0.967,1,0,0,0,1,3600,LAK,STL,2023-11-18 00:00:00,Saturday 10:30 PM,2023020266,1,0,4
8470594,29,M. Fleury,G,19/22,2/3,0/0,21/25,0.840,3,1,0,0,4,3789,MIN,TOR,2023-11-19 00:00:00,Sunday 08:00 AM,2023020267,1,0,1
8473503,47,J. Reimer,G,23/27,6/7,0/0,29/34,0.853,4,1,0,0,5,3898,DET,OTT,2023-11-16 00:00:00,Thursday 02:00 PM,2023020242,1,0,1
8478971,39,C. Ingram,G,33/35,4/4,2/2,39/41,0.951,2,0,0,0,2,3600,ARI,CBJ,2023-11-16 00:00:00,Thursday 07:00 PM,2023020243,1,0,4
8478499,33,A. Hill,G,17/22,4/4,2/2,23/28,0.821,5,0,0,0,5,3600,VGK,MTL,2023-11-16 00:00:00,Thursday 07:00 PM,2023020244,1,0,4
8477970,41,V. Vanecek,G,20/22,1/1,0/0,21/23,0.913,2,0,0,0,2,3597,NJD,PIT,2023-11-16 00:00:00,Thursday 07:00 PM,2023020245,1,0,4
8477992,31,J. Johansson,G,7/8,3/4,2/2,12/14,0.857,1,1,0,0,2,3600,TBL,CHI,2023-11-16 00:00:00,Thursday 08:00 PM,2023020246,1,0,4
8479193,29,C. DeSmith,G,33/37,0/0,1/1,34/38,0.895,4,0,0,0,4,3556,VAN,CGY,2023-11-16 00:00:00,Thursday 09:00 PM,2023020247,1,0,0
8473575,40,S. Varlamov,G,25/25,3/6,1/1,29/32,0.906,0,3,0,0,3,3875,NYI,SEA,2023-11-16 00:00:00,Thursday 10:00 PM,2023020248,1,0,1
8475683,72,S. Bobrovsky,G,21/22,3/4,1/1,25/27,0.926,1,1,0,0,2,3463,FLA,LAK,2023-11-16 00:00:00,Thursday 10:30 PM,2023020249,1,0,0
8480981,30,J. Hofer,G,16/20,0/0,1/1,17/21,0.810,4,0,0,0,4,1375,STL,SJS,2023-11-16 00:00:00,Thursday 10:30 PM,2023020250,1,0,0
8476412,50,J. Binnington,G,12/13,1/1,0/0,13/14,0.929,1,0,0,0,1,2195,STL,SJS,2023-11-16 00:00:00,Thursday 10:30 PM,2023020250,0,0,0
8478492,35,I. Samsonov,G,20/22,5/5,2/2,27/29,0.931,2,0,0,0,2,3596,TOR,DET,2023-11-17 00:00:00,Friday 02:00 PM,2023020251,1,0,4
8477480,31,E. Comrie,G,10/13,4/4,1/1,15/18,0.833,3,0,0,0,3,3560,BUF,WPG,2023-11-17 00:00:00,Friday 08:00 PM,2023020252,1,0,0
8476932,41,A. Stolarz,G,29/29,3/4,2/2,34/35,0.971,0,1,0,0,1,3590,FLA,ANA,2023-11-17 00:00:00,Friday 10:00 PM,2023020253,1,0,4
8479406,32,F. Gustavsson,G,24/25,6/6,0/0,30/31,0.968,1,0,0,0,1,3881,MIN,OTT,2023-11-18 00:00:00,Saturday 11:00 AM,2023020254,1,0,1
8480313,36,L. Thompson,G,26/28,7/9,1/1,34/38,0.895,2,2,0,0,4,3658,VGK,PHI,2023-11-18 00:00:00,Saturday 01:00 PM,2023020255,1,0,1
8482821,40,A. Soderblom,G,21/23,7/8,0/0,28/31,0.903,2,1,0,0,3,3488,CHI,NSH,2023-11-18 00:00:00,Saturday 02:00 PM,2023020256,1,0,0
8479973,74,S. Skinner,G,13/16,5/7,0/0,18/23,0.783,3,2,0,0,5,3540,EDM,TBL,2023-11-18 00:00:00,Saturday 04:00 PM,2023020257,1,0,0
8474596,34,J. Allen,G,30/33,8/10,1/1,39/44,0.886,3,2,0,0,5,3600,MTL,BOS,2023-11-18 00:00:00,Saturday 07:00 PM,2023020258,1,0,0
8477465,35,T. Jarry,G,26/29,3/3,1/1,30/33,0.909,3,0,0,0,3,3564,PIT,CAR,2023-11-18 00:00:00,Saturday 07:00 PM,2023020259,1,0,0
8478009,30,I. Sorokin,G,32/36,1/1,2/2,35/39,0.897,4,0,0,0,4,3900,NYI,CGY,2023-11-18 00:00:00,Saturday 07:00 PM,2023020260,1,0,4
8478048,31,I. Shesterkin,G,28/30,0/1,2/2,30/33,0.909,2,1,0,0,3,3600,NYR,NJD,2023-11-18 00:00:00,Saturday 07:00 PM,2023020261,1,0,4
8478872,70,K. Vejmelka,G,19/23,2/2,0/0,21/25,0.840,4,0,0,0,4,3536,ARI,WPG,2023-11-18 00:00:00,Saturday 07:00 PM,2023020262,1,0,0
8478007,90,E. Merzlikins,G,19/23,3/3,0/0,22/26,0.846,4,0,0,0,4,3527,CBJ,WSH,2023-11-18 00:00:00,Saturday 07:30 PM,2023020263,1,0,0
8480382,40,A. Georgiev,G,18/20,6/7,1/1,25/28,0.893,2,1,0,0,3,3600,COL,DAL,2023-11-18 00:00:00,Saturday 08:00 PM,2023020264,1,0,4
8475831,31,P. Grubauer,G,20/23,1/1,0/0,21/24,0.875,3,0,0,0,3,3600,SEA,VAN,2023-11-18 00:00:00,Saturday 10:00 PM,2023020265,1,0,4
8476412,50,J. Binnington,G,24/27,2/3,0/1,26/31,0.839,3,1,1,0,5,3592,STL,LAK,2023-11-18 00:00:00,Saturday 10:30 PM,2023020266,1,0,0
8479361,60,J. Woll,G,27/30,5/5,1/1,33/36,0.917,3,0,0,0,3,3789,TOR,MIN,2023-11-19 00:00:00,Sunday 08:00 AM,2023020267,1,0,4
