gameID,gameDate,gameTime,awayTeam,homeTeam,gameDT,winningGoalie
2023020037,2023-10-16,Monday 07:00 PM,ARI,NYR,2023-10-16 23:00:00,8478048
2023020053,2023-10-19,Thursday 07:00 PM,NSH,NYR,2023-10-19 23:00:00,8477424
2023020148,2023-11-02,Thursday 07:00 PM,CAR,NYR,2023-11-02 23:00:00,8478048
2023020183,2023-11-07,Tuesday 07:30 PM,DET,NYR,2023-11-08 00:30:00,8471734
2023020196,2023-11-09,Thursday 07:00 PM,MIN,NYR,2023-11-10 00:00:00,8475839
2023020225,2023-11-12,Sunday 07:00 PM,CBJ,NYR,2023-11-13 00:00:00,8471734
2023020308,2023-11-25,Saturday 01:00 PM,BOS,NYR,2023-11-25 18:00:00,8471734
2023020322,2023-11-27,Monday 07:00 PM,BUF,NYR,2023-11-28 00:00:00,8480045
2023020338,2023-11-29,Wednesday 07:30 PM,DET,NYR,2023-11-30 00:30:00,0
2023020370,2023-12-03,Sunday 06:00 PM,SJS,NYR,2023-12-03 23:00:00,0
2023020424,2023-12-10,Sunday 07:00 PM,LAK,NYR,2023-12-11 00:00:00,0
2023020432,2023-12-12,Tuesday 07:00 PM,TOR,NYR,2023-12-13 00:00:00,0
2023020456,2023-12-15,Friday 07:00 PM,ANA,NYR,2023-12-16 00:00:00,0
2023020511,2023-12-22,Friday 07:30 PM,EDM,NYR,2023-12-23 00:30:00,0
2023020522,2023-12-23,Saturday 07:30 PM,BUF,NYR,2023-12-24 00:30:00,0
2023020529,2023-12-27,Wednesday 07:00 PM,WSH,NYR,2023-12-28 00:00:00,0
2023020575,2024-01-02,Tuesday 07:00 PM,CAR,NYR,2024-01-03 00:00:00,0
2023020591,2024-01-04,Thursday 07:00 PM,CHI,NYR,2024-01-05 00:00:00,0
2023020621,2024-01-08,Monday 07:00 PM,VAN,NYR,2024-01-09 00:00:00,0
2023020669,2024-01-14,Sunday 01:00 PM,WSH,NYR,2024-01-14 18:00:00,0
2023020681,2024-01-16,Tuesday 07:00 PM,SEA,NYR,2024-01-17 00:00:00,0
2023020755,2024-01-26,Friday 07:00 PM,VGK,NYR,2024-01-27 00:00:00,0
2023020781,2024-02-05,Monday 07:00 PM,COL,NYR,2024-02-06 00:00:00,0
2023020791,2024-02-07,Wednesday 07:00 PM,TBL,NYR,2024-02-08 00:00:00,0
2023020820,2024-02-12,Monday 07:00 PM,CGY,NYR,2024-02-13 00:00:00,0
2023020840,2024-02-15,Thursday 07:00 PM,MTL,NYR,2024-02-16 00:00:00,0
2023020877,2024-02-20,Tuesday 07:00 PM,DAL,NYR,2024-02-21 00:00:00,0
2023020939,2024-02-28,Wednesday 07:00 PM,CBJ,NYR,2024-02-29 00:00:00,0
2023020976,2024-03-04,Monday 07:00 PM,FLA,NYR,2024-03-05 00:00:00,0
2023021018,2024-03-09,Saturday 07:30 PM,STL,NYR,2024-03-10 00:30:00,0
2023021028,2024-03-11,Monday 07:00 PM,NJD,NYR,2024-03-11 23:00:00,0
2023021073,2024-03-17,Sunday 01:00 PM,NYI,NYR,2024-03-17 17:00:00,0
2023021085,2024-03-19,Tuesday 07:00 PM,WPG,NYR,2024-03-19 23:00:00,0
2023021119,2024-03-23,Saturday 08:00 PM,FLA,NYR,2024-03-24 00:00:00,0
2023021137,2024-03-26,Tuesday 07:00 PM,PHI,NYR,2024-03-26 23:00:00,0
2023021182,2024-04-01,Monday 07:00 PM,PIT,NYR,2024-04-01 23:00:00,0
2023021198,2024-04-03,Wednesday 07:00 PM,NJD,NYR,2024-04-03 23:00:00,0
2023021234,2024-04-07,Sunday 07:00 PM,MTL,NYR,2024-04-07 23:00:00,0
2023021257,2024-04-11,Thursday 07:00 PM,PHI,NYR,2024-04-11 23:00:00,0
2023021270,2024-04-13,Saturday 12:30 PM,NYI,NYR,2024-04-13 16:30:00,0
2023021292,2024-04-15,Monday 07:30 PM,OTT,NYR,2024-04-15 23:30:00,0
2023020006,2023-10-11,Wednesday 07:30 PM,CHI,BOS,2023-10-11 23:30:00,8476999
2023020021,2023-10-14,Saturday 07:00 PM,NSH,BOS,2023-10-14 23:00:00,8480280
2023020100,2023-10-26,Thursday 07:00 PM,ANA,BOS,2023-10-26 23:00:00,8476434
2023020119,2023-10-28,Saturday 07:00 PM,DET,BOS,2023-10-28 23:00:00,8480280
2023020130,2023-10-30,Monday 07:00 PM,FLA,BOS,2023-10-30 23:00:00,8476999
2023020145,2023-11-02,Thursday 07:30 PM,TOR,BOS,2023-11-02 23:30:00,8480280
2023020193,2023-11-09,Thursday 07:00 PM,NYI,BOS,2023-11-10 00:00:00,8476999
2023020258,2023-11-18,Saturday 07:00 PM,MTL,BOS,2023-11-19 00:00:00,8480280
2023020293,2023-11-24,Friday 01:00 PM,DET,BOS,2023-11-24 18:00:00,8478024
2023020340,2023-11-30,Thursday 07:00 PM,SJS,BOS,2023-12-01 00:00:00,0
2023020371,2023-12-03,Sunday 07:00 PM,CBJ,BOS,2023-12-04 00:00:00,0
2023020392,2023-12-07,Thursday 07:00 PM,BUF,BOS,2023-12-08 00:00:00,0
2023020408,2023-12-09,Saturday 01:00 PM,ARI,BOS,2023-12-09 18:00:00,0
2023020462,2023-12-16,Saturday 07:00 PM,NYR,BOS,2023-12-17 00:00:00,0
2023020484,2023-12-19,Tuesday 07:00 PM,MIN,BOS,2023-12-20 00:00:00,0
2023020557,2023-12-30,Saturday 07:00 PM,NJD,BOS,2023-12-31 00:00:00,0
2023020589,2024-01-04,Thursday 07:00 PM,PIT,BOS,2024-01-05 00:00:00,0
2023020607,2024-01-06,Saturday 07:00 PM,TBL,BOS,2024-01-07 00:00:00,0
2023020671,2024-01-15,Monday 01:00 PM,NJD,BOS,2024-01-15 18:00:00,0
2023020692,2024-01-18,Thursday 07:00 PM,COL,BOS,2024-01-19 00:00:00,0
2023020710,2024-01-20,Saturday 07:00 PM,MTL,BOS,2024-01-21 00:00:00,0
2023020724,2024-01-22,Monday 07:00 PM,WPG,BOS,2024-01-23 00:00:00,0
2023020741,2024-01-24,Wednesday 07:30 PM,CAR,BOS,2024-01-25 00:30:00,0
2023020783,2024-02-06,Tuesday 07:00 PM,CGY,BOS,2024-02-07 00:00:00,0
2023020794,2024-02-08,Thursday 07:00 PM,VAN,BOS,2024-02-09 00:00:00,0
2023020808,2024-02-10,Saturday 03:30 PM,WSH,BOS,2024-02-10 20:30:00,0
2023020823,2024-02-13,Tuesday 07:00 PM,TBL,BOS,2024-02-14 00:00:00,0
2023020837,2024-02-15,Thursday 07:00 PM,SEA,BOS,2024-02-16 00:00:00,0
2023020853,2024-02-17,Saturday 12:30 PM,LAK,BOS,2024-02-17 17:30:00,0
2023020867,2024-02-19,Monday 01:00 PM,DAL,BOS,2024-02-19 18:00:00,0
2023020941,2024-02-29,Thursday 07:00 PM,VGK,BOS,2024-03-01 00:00:00,0
2023020981,2024-03-05,Tuesday 07:30 PM,EDM,BOS,2024-03-06 00:30:00,0
2023020993,2024-03-07,Thursday 07:00 PM,TOR,BOS,2024-03-08 00:00:00,0
2023021012,2024-03-09,Saturday 03:00 PM,PIT,BOS,2024-03-09 20:00:00,0
2023021027,2024-03-11,Monday 07:00 PM,STL,BOS,2024-03-11 23:00:00,0
2023021064,2024-03-16,Saturday 07:00 PM,PHI,BOS,2024-03-16 23:00:00,0
2023021082,2024-03-19,Tuesday 07:00 PM,OTT,BOS,2024-03-19 23:00:00,0
2023021098,2024-03-21,Thursday 07:00 PM,NYR,BOS,2024-03-21 23:00:00,0
2023021218,2024-04-06,Saturday 03:30 PM,FLA,BOS,2024-04-06 19:30:00,0
2023021239,2024-04-09,Tuesday 07:00 PM,CAR,BOS,2024-04-09 23:00:00,0
2023021295,2024-04-16,Tuesday 07:00 PM,OTT,BOS,2024-04-16 23:00:00,0
2023020003,2023-10-10,Tuesday 10:30 PM,SEA,VGK,2023-10-11 02:30:00,8478499
2023020031,2023-10-14,Saturday 10:00 PM,ANA,VGK,2023-10-15 02:00:00,8478499
2023020048,2023-10-17,Tuesday 10:30 PM,DAL,VGK,2023-10-18 02:30:00,8478499
2023020098,2023-10-24,Tuesday 11:00 PM,PHI,VGK,2023-10-25 03:00:00,8480313
2023020111,2023-10-27,Friday 06:00 PM,CHI,VGK,2023-10-27 22:00:00,8475852
2023020138,2023-10-30,Monday 10:00 PM,MTL,VGK,2023-10-31 02:00:00,8478499
2023020155,2023-11-02,Thursday 10:00 PM,WPG,VGK,2023-11-03 02:00:00,8480313
2023020173,2023-11-04,Saturday 10:00 PM,COL,VGK,2023-11-05 02:00:00,8478499
2023020192,2023-11-08,Wednesday 10:00 PM,LAK,VGK,2023-11-09 03:00:00,8475660
2023020209,2023-11-10,Friday 10:00 PM,SJS,VGK,2023-11-11 03:00:00,8478499
2023020315,2023-11-25,Saturday 10:00 PM,ARI,VGK,2023-11-26 03:00:00,8478971
2023020368,2023-12-02,Saturday 10:00 PM,WSH,VGK,2023-12-03 03:00:00,0
2023020379,2023-12-04,Monday 10:00 PM,STL,VGK,2023-12-05 03:00:00,0
2023020427,2023-12-10,Sunday 10:00 PM,SJS,VGK,2023-12-11 03:00:00,0
2023020440,2023-12-12,Tuesday 10:00 PM,CGY,VGK,2023-12-13 03:00:00,0
2023020460,2023-12-15,Friday 10:00 PM,BUF,VGK,2023-12-16 03:00:00,0
2023020478,2023-12-17,Sunday 08:00 PM,OTT,VGK,2023-12-18 01:00:00,0
2023020544,2023-12-28,Thursday 10:00 PM,LAK,VGK,2023-12-29 03:00:00,0
2023020599,2024-01-04,Thursday 10:00 PM,FLA,VGK,2024-01-05 03:00:00,0
2023020616,2024-01-06,Saturday 10:00 PM,NYI,VGK,2024-01-07 03:00:00,0
2023020650,2024-01-11,Thursday 10:00 PM,BOS,VGK,2024-01-12 03:00:00,0
2023020668,2024-01-13,Saturday 10:00 PM,CGY,VGK,2024-01-14 03:00:00,0
2023020680,2024-01-15,Monday 06:00 PM,NSH,VGK,2024-01-15 23:00:00,0
2023020701,2024-01-18,Thursday 10:00 PM,NYR,VGK,2024-01-19 03:00:00,0
2023020716,2024-01-20,Saturday 10:00 PM,PIT,VGK,2024-01-21 03:00:00,0
2023020790,2024-02-06,Tuesday 10:00 PM,EDM,VGK,2024-02-07 03:00:00,0
2023020822,2024-02-12,Monday 10:00 PM,MIN,VGK,2024-02-13 03:00:00,0
2023020862,2024-02-17,Saturday 10:30 PM,CAR,VGK,2024-02-18 03:30:00,0
2023020882,2024-02-20,Tuesday 10:00 PM,NSH,VGK,2024-02-21 03:00:00,0
2023020898,2024-02-22,Thursday 10:00 PM,TOR,VGK,2024-02-23 03:00:00,0
2023021002,2024-03-07,Thursday 10:00 PM,VAN,VGK,2024-03-08 03:00:00,0
2023021020,2024-03-09,Saturday 10:00 PM,DET,VGK,2024-03-10 03:00:00,0
2023021074,2024-03-17,Sunday 03:30 PM,NJD,VGK,2024-03-17 19:30:00,0
2023021094,2024-03-19,Tuesday 10:00 PM,TBL,VGK,2024-03-20 02:00:00,0
2023021107,2024-03-21,Thursday 10:30 PM,SEA,VGK,2024-03-22 02:30:00,0
2023021123,2024-03-23,Saturday 10:30 PM,CBJ,VGK,2024-03-24 02:30:00,0
2023021196,2024-04-02,Tuesday 10:00 PM,VAN,VGK,2024-04-03 02:00:00,0
2023021269,2024-04-12,Friday 10:00 PM,MIN,VGK,2024-04-13 02:00:00,0
2023021284,2024-04-14,Sunday 03:30 PM,COL,VGK,2024-04-14 19:30:00,0
2023021301,2024-04-16,Tuesday 10:00 PM,CHI,VGK,2024-04-17 02:00:00,0
2023021311,2024-04-18,Thursday 10:00 PM,ANA,VGK,2024-04-19 02:00:00,0
2023020061,2023-10-19,Thursday 10:30 PM,CHI,COL,2023-10-20 02:30:00,8480382
2023020076,2023-10-21,Saturday 09:00 PM,CAR,COL,2023-10-22 01:00:00,8480382
2023020143,2023-11-01,Wednesday 09:30 PM,STL,COL,2023-11-02 01:30:00,8481031
2023020188,2023-11-07,Tuesday 10:00 PM,NJD,COL,2023-11-08 03:00:00,8480382
2023020201,2023-11-09,Thursday 09:00 PM,SEA,COL,2023-11-10 02:00:00,8475831
2023020219,2023-11-11,Saturday 09:00 PM,STL,COL,2023-11-12 02:00:00,8476412
2023020240,2023-11-15,Wednesday 09:00 PM,ANA,COL,2023-11-16 02:00:00,8480382
2023020291,2023-11-22,Wednesday 10:00 PM,VAN,COL,2023-11-23 03:00:00,8480382
2023020313,2023-11-25,Saturday 10:00 PM,CGY,COL,2023-11-26 03:00:00,8481031
2023020324,2023-11-27,Monday 09:00 PM,TBL,COL,2023-11-28 02:00:00,8480382
2023020386,2023-12-05,Tuesday 09:00 PM,ANA,COL,2023-12-06 02:00:00,0
2023020402,2023-12-07,Thursday 09:00 PM,WPG,COL,2023-12-08 02:00:00,0
2023020417,2023-12-09,Saturday 09:00 PM,PHI,COL,2023-12-10 02:00:00,0
2023020431,2023-12-11,Monday 09:30 PM,CGY,COL,2023-12-12 02:30:00,0
2023020445,2023-12-13,Wednesday 10:00 PM,BUF,COL,2023-12-14 03:00:00,0
2023020477,2023-12-17,Sunday 08:00 PM,SJS,COL,2023-12-18 01:00:00,0
2023020507,2023-12-21,Thursday 09:00 PM,OTT,COL,2023-12-22 02:00:00,0
2023020525,2023-12-23,Saturday 09:00 PM,ARI,COL,2023-12-24 02:00:00,0
2023020571,2023-12-31,Sunday 08:00 PM,SJS,COL,2024-01-01 01:00:00,0
2023020582,2024-01-02,Tuesday 09:00 PM,NYI,COL,2024-01-03 02:00:00,0
2023020606,2024-01-06,Saturday 04:00 PM,FLA,COL,2024-01-06 21:00:00,0
2023020624,2024-01-08,Monday 09:00 PM,BOS,COL,2024-01-09 02:00:00,0
2023020637,2024-01-10,Wednesday 10:00 PM,VGK,COL,2024-01-11 03:00:00,0
2023020742,2024-01-24,Wednesday 09:30 PM,WSH,COL,2024-01-25 02:30:00,0
2023020757,2024-01-26,Friday 09:00 PM,LAK,COL,2024-01-27 02:00:00,0
2023020864,2024-02-18,Sunday 06:00 PM,ARI,COL,2024-02-18 23:00:00,0
2023020881,2024-02-20,Tuesday 09:00 PM,VAN,COL,2024-02-21 02:00:00,0
2023020908,2024-02-24,Saturday 07:00 PM,TOR,COL,2024-02-25 00:00:00,0
2023020936,2024-02-27,Tuesday 09:30 PM,DAL,COL,2024-02-28 02:30:00,0
2023020979,2024-03-04,Monday 09:00 PM,CHI,COL,2024-03-05 02:00:00,0
2023020991,2024-03-06,Wednesday 09:30 PM,DET,COL,2024-03-07 02:30:00,0
2023021006,2024-03-08,Friday 09:00 PM,MIN,COL,2024-03-09 02:00:00,0
2023021111,2024-03-22,Friday 09:00 PM,CBJ,COL,2024-03-23 01:00:00,0
2023021125,2024-03-24,Sunday 02:00 PM,PIT,COL,2024-03-24 18:00:00,0
2023021144,2024-03-26,Tuesday 09:00 PM,MTL,COL,2024-03-27 01:00:00,0
2023021159,2024-03-28,Thursday 09:00 PM,NYR,COL,2024-03-29 01:00:00,0
2023021169,2024-03-30,Saturday 06:00 PM,NSH,COL,2024-03-30 22:00:00,0
2023021236,2024-04-07,Sunday 10:00 PM,DAL,COL,2024-04-08 02:00:00,0
2023021248,2024-04-09,Tuesday 09:30 PM,MIN,COL,2024-04-10 01:30:00,0
2023021272,2024-04-13,Saturday 04:00 PM,WPG,COL,2024-04-13 20:00:00,0
2023021310,2024-04-18,Thursday 09:30 PM,EDM,COL,2024-04-19 01:30:00,0
2023020008,2023-10-11,Wednesday 10:00 PM,COL,LAK,2023-10-12 02:00:00,8480382
2023020032,2023-10-14,Saturday 10:30 PM,CAR,LAK,2023-10-15 02:30:00,8475883
2023020079,2023-10-21,Saturday 10:30 PM,BOS,LAK,2023-10-22 02:30:00,8480280
2023020097,2023-10-24,Tuesday 10:30 PM,ARI,LAK,2023-10-25 02:30:00,8477831
2023020125,2023-10-28,Saturday 10:30 PM,VGK,LAK,2023-10-29 02:30:00,8480313
2023020202,2023-11-09,Thursday 10:30 PM,PIT,LAK,2023-11-10 03:30:00,8476433
2023020221,2023-11-11,Saturday 10:30 PM,PHI,LAK,2023-11-12 03:30:00,8477361
2023020249,2023-11-16,Thursday 10:30 PM,FLA,LAK,2023-11-17 03:30:00,8475660
2023020266,2023-11-18,Saturday 10:30 PM,STL,LAK,2023-11-19 03:30:00,8475660
2023020309,2023-11-25,Saturday 04:00 PM,MTL,LAK,2023-11-25 21:00:00,8477831
2023020339,2023-11-29,Wednesday 10:30 PM,WSH,LAK,2023-11-30 03:30:00,0
2023020373,2023-12-03,Sunday 08:00 PM,COL,LAK,2023-12-04 01:00:00,0
2023020446,2023-12-13,Wednesday 10:30 PM,WPG,LAK,2023-12-14 03:30:00,0
2023020497,2023-12-20,Wednesday 10:00 PM,SEA,LAK,2023-12-21 03:00:00,0
2023020526,2023-12-23,Saturday 10:00 PM,CGY,LAK,2023-12-24 03:00:00,0
2023020541,2023-12-27,Wednesday 10:00 PM,SJS,LAK,2023-12-28 03:00:00,0
2023020563,2023-12-30,Saturday 10:00 PM,EDM,LAK,2023-12-31 03:00:00,0
2023020585,2024-01-02,Tuesday 10:30 PM,TOR,LAK,2024-01-03 03:30:00,0
2023020600,2024-01-04,Thursday 10:30 PM,DET,LAK,2024-01-05 03:30:00,0
2023020699,2024-01-18,Thursday 09:30 PM,NSH,LAK,2024-01-19 02:30:00,0
2023020717,2024-01-20,Saturday 10:30 PM,NYR,LAK,2024-01-21 03:30:00,0
2023020729,2024-01-22,Monday 10:30 PM,SJS,LAK,2024-01-23 03:30:00,0
2023020745,2024-01-24,Wednesday 10:30 PM,BUF,LAK,2024-01-25 03:30:00,0
2023020816,2024-02-10,Saturday 10:00 PM,EDM,LAK,2024-02-11 03:00:00,0
2023020883,2024-02-20,Tuesday 10:30 PM,CBJ,LAK,2024-02-21 03:30:00,0
2023020899,2024-02-22,Thursday 10:30 PM,NSH,LAK,2024-02-23 03:30:00,0
2023020915,2024-02-24,Saturday 10:30 PM,ANA,LAK,2024-02-25 03:30:00,0
2023020970,2024-03-03,Sunday 03:30 PM,NJD,LAK,2024-03-03 20:30:00,0
2023020988,2024-03-05,Tuesday 10:30 PM,VAN,LAK,2024-03-06 03:30:00,0
2023021003,2024-03-07,Thursday 10:30 PM,OTT,LAK,2024-03-08 03:30:00,0
2023021021,2024-03-09,Saturday 10:30 PM,DAL,LAK,2024-03-10 03:30:00,0
2023021030,2024-03-11,Monday 10:30 PM,NYI,LAK,2024-03-12 02:30:00,0
2023021092,2024-03-19,Tuesday 10:00 PM,CHI,LAK,2024-03-20 02:00:00,0
2023021097,2024-03-20,Wednesday 10:00 PM,MIN,LAK,2024-03-21 02:00:00,0
2023021121,2024-03-23,Saturday 10:30 PM,TBL,LAK,2024-03-24 02:30:00,0
2023021201,2024-04-03,Wednesday 09:30 PM,SEA,LAK,2024-04-04 01:30:00,0
2023021227,2024-04-06,Saturday 10:00 PM,VAN,LAK,2024-04-07 02:00:00,0
2023021264,2024-04-11,Thursday 10:30 PM,CGY,LAK,2024-04-12 02:30:00,0
2023021281,2024-04-13,Saturday 10:30 PM,ANA,LAK,2024-04-14 02:30:00,0
2023021294,2024-04-15,Monday 09:30 PM,MIN,LAK,2024-04-16 01:30:00,0
2023021312,2024-04-18,Thursday 10:30 PM,CHI,LAK,2024-04-19 02:30:00,0
2023020009,2023-10-11,Wednesday 10:00 PM,EDM,VAN,2023-10-12 02:00:00,8477967
2023020116,2023-10-27,Friday 10:00 PM,STL,VAN,2023-10-28 02:00:00,8477967
2023020124,2023-10-28,Saturday 10:00 PM,NYR,VAN,2023-10-29 02:00:00,8478048
2023020140,2023-10-31,Tuesday 10:00 PM,NSH,VAN,2023-11-01 02:00:00,8477967
2023020172,2023-11-04,Saturday 10:00 PM,DAL,VAN,2023-11-05 02:00:00,8477967
2023020179,2023-11-06,Monday 10:00 PM,EDM,VAN,2023-11-07 03:00:00,8477967
2023020241,2023-11-15,Wednesday 10:00 PM,NYI,VAN,2023-11-16 03:00:00,8477967
2023020265,2023-11-18,Saturday 10:00 PM,SEA,VAN,2023-11-19 03:00:00,8475831
2023020278,2023-11-20,Monday 10:00 PM,SJS,VAN,2023-11-21 03:00:00,8477967
2023020336,2023-11-28,Tuesday 10:00 PM,ANA,VAN,2023-11-29 03:00:00,0
2023020353,2023-11-30,Thursday 10:00 PM,VGK,VAN,2023-12-01 03:00:00,0
2023020387,2023-12-05,Tuesday 10:00 PM,NJD,VAN,2023-12-06 03:00:00,0
2023020404,2023-12-07,Thursday 10:00 PM,MIN,VAN,2023-12-08 03:00:00,0
2023020419,2023-12-09,Saturday 10:00 PM,CAR,VAN,2023-12-10 03:00:00,0
2023020439,2023-12-12,Tuesday 10:00 PM,TBL,VAN,2023-12-13 03:00:00,0
2023020454,2023-12-14,Thursday 10:00 PM,FLA,VAN,2023-12-15 03:00:00,0
2023020527,2023-12-23,Saturday 10:00 PM,SJS,VAN,2023-12-24 03:00:00,0
2023020543,2023-12-28,Thursday 10:00 PM,PHI,VAN,2023-12-29 03:00:00,0
2023020584,2024-01-02,Tuesday 10:00 PM,OTT,VAN,2024-01-03 03:00:00,0
2023020700,2024-01-18,Thursday 10:00 PM,ARI,VAN,2024-01-19 03:00:00,0
2023020712,2024-01-20,Saturday 07:00 PM,TOR,VAN,2024-01-21 00:00:00,0
2023020728,2024-01-22,Monday 10:00 PM,CHI,VAN,2024-01-23 03:00:00,0
2023020744,2024-01-24,Wednesday 10:00 PM,STL,VAN,2024-01-25 03:00:00,0
2023020772,2024-01-27,Saturday 10:00 PM,CBJ,VAN,2024-01-28 03:00:00,0
2023020848,2024-02-15,Thursday 10:00 PM,DET,VAN,2024-02-16 03:00:00,0
2023020860,2024-02-17,Saturday 10:00 PM,WPG,VAN,2024-02-18 03:00:00,0
2023020911,2024-02-24,Saturday 07:00 PM,BOS,VAN,2024-02-25 00:00:00,0
2023020937,2024-02-27,Tuesday 10:00 PM,PIT,VAN,2024-02-28 03:00:00,0
2023020951,2024-02-29,Thursday 10:00 PM,LAK,VAN,2024-03-01 03:00:00,0
2023021019,2024-03-09,Saturday 10:00 PM,WPG,VAN,2024-03-10 03:00:00,0
2023021044,2024-03-13,Wednesday 10:30 PM,COL,VAN,2024-03-14 02:30:00,0
2023021072,2024-03-16,Saturday 10:00 PM,WSH,VAN,2024-03-17 02:00:00,0
2023021093,2024-03-19,Tuesday 10:00 PM,BUF,VAN,2024-03-20 02:00:00,0
2023021106,2024-03-21,Thursday 10:00 PM,MTL,VAN,2024-03-22 02:00:00,0
2023021120,2024-03-23,Saturday 10:00 PM,CGY,VAN,2024-03-24 02:00:00,0
2023021135,2024-03-25,Monday 09:00 PM,LAK,VAN,2024-03-26 01:00:00,0
2023021163,2024-03-28,Thursday 10:00 PM,DAL,VAN,2024-03-29 02:00:00,0
2023021180,2024-03-31,Sunday 03:30 PM,ANA,VAN,2024-03-31 19:30:00,0
2023021238,2024-04-08,Monday 10:00 PM,VGK,VAN,2024-04-09 02:00:00,0
2023021254,2024-04-10,Wednesday 10:30 PM,ARI,VAN,2024-04-11 02:30:00,0
2023021302,2024-04-16,Tuesday 10:00 PM,CGY,VAN,2024-04-17 02:00:00,0
2023020052,2023-10-19,Thursday 07:00 PM,TOR,FLA,2023-10-19 23:00:00,8475683
2023020068,2023-10-21,Saturday 07:00 PM,VAN,FLA,2023-10-21 23:00:00,8479193
2023020089,2023-10-24,Tuesday 07:45 PM,SJS,FLA,2023-10-24 23:45:00,8476932
2023020118,2023-10-28,Saturday 06:00 PM,SEA,FLA,2023-10-28 22:00:00,8475683
2023020176,2023-11-06,Monday 07:00 PM,CBJ,FLA,2023-11-07 00:00:00,8475683
2023020205,2023-11-10,Friday 07:00 PM,CAR,FLA,2023-11-11 00:00:00,8475683
2023020222,2023-11-12,Sunday 01:00 PM,CHI,FLA,2023-11-12 18:00:00,8475683
2023020272,2023-11-20,Monday 07:00 PM,EDM,FLA,2023-11-21 00:00:00,8475683
2023020282,2023-11-22,Wednesday 07:00 PM,BOS,FLA,2023-11-23 00:00:00,8476999
2023020304,2023-11-24,Friday 08:00 PM,WPG,FLA,2023-11-25 01:00:00,8476945
2023020359,2023-12-02,Saturday 06:00 PM,NYI,FLA,2023-12-02 23:00:00,0
2023020388,2023-12-06,Wednesday 07:00 PM,DAL,FLA,2023-12-07 00:00:00,0
2023020406,2023-12-08,Friday 07:00 PM,PIT,FLA,2023-12-09 00:00:00,0
2023020500,2023-12-21,Thursday 07:00 PM,STL,FLA,2023-12-22 00:00:00,0
2023020514,2023-12-23,Saturday 03:00 PM,VGK,FLA,2023-12-23 20:00:00,0
2023020548,2023-12-29,Friday 07:00 PM,NYR,FLA,2023-12-30 00:00:00,0
2023020558,2023-12-30,Saturday 07:00 PM,MTL,FLA,2023-12-31 00:00:00,0
2023020641,2024-01-11,Thursday 07:00 PM,LAK,FLA,2024-01-12 00:00:00,0
2023020656,2024-01-13,Saturday 06:00 PM,NJD,FLA,2024-01-13 23:00:00,0
2023020674,2024-01-15,Monday 01:00 PM,ANA,FLA,2024-01-15 18:00:00,0
2023020689,2024-01-17,Wednesday 07:00 PM,DET,FLA,2024-01-18 00:00:00,0
2023020704,2024-01-19,Friday 07:00 PM,MIN,FLA,2024-01-20 00:00:00,0
2023020739,2024-01-24,Wednesday 07:00 PM,ARI,FLA,2024-01-25 00:00:00,0
2023020786,2024-02-06,Tuesday 07:00 PM,PHI,FLA,2024-02-07 00:00:00,0
2023020795,2024-02-08,Thursday 07:00 PM,WSH,FLA,2024-02-09 00:00:00,0
2023020809,2024-02-10,Saturday 06:00 PM,COL,FLA,2024-02-10 23:00:00,0
2023020876,2024-02-20,Tuesday 07:00 PM,OTT,FLA,2024-02-21 00:00:00,0
2023020906,2024-02-24,Saturday 06:00 PM,WSH,FLA,2024-02-24 23:00:00,0
2023020928,2024-02-27,Tuesday 07:00 PM,BUF,FLA,2024-02-28 00:00:00,0
2023020944,2024-02-29,Thursday 07:00 PM,MTL,FLA,2024-03-01 00:00:00,0
2023020996,2024-03-07,Thursday 07:00 PM,PHI,FLA,2024-03-08 00:00:00,0
2023021013,2024-03-09,Saturday 04:00 PM,CGY,FLA,2024-03-09 21:00:00,0
2023021063,2024-03-16,Saturday 06:00 PM,TBL,FLA,2024-03-16 22:00:00,0
2023021101,2024-03-21,Thursday 07:30 PM,NSH,FLA,2024-03-21 23:30:00,0
2023021136,2024-03-26,Tuesday 07:00 PM,BOS,FLA,2024-03-26 23:00:00,0
2023021151,2024-03-28,Thursday 07:00 PM,NYI,FLA,2024-03-28 23:00:00,0
2023021165,2024-03-30,Saturday 12:30 PM,DET,FLA,2024-03-30 16:30:00,0
2023021241,2024-04-09,Tuesday 07:00 PM,OTT,FLA,2024-04-09 23:00:00,0
2023021256,2024-04-11,Thursday 07:30 PM,CBJ,FLA,2024-04-11 23:30:00,0
2023021273,2024-04-13,Saturday 05:00 PM,BUF,FLA,2024-04-13 21:00:00,0
2023021297,2024-04-16,Tuesday 07:30 PM,TOR,FLA,2024-04-16 23:30:00,0
2023020013,2023-10-12,Thursday 08:00 PM,STL,DAL,2023-10-13 00:00:00,8479979
2023020072,2023-10-21,Saturday 08:00 PM,PHI,DAL,2023-10-22 00:00:00,8475809
2023020108,2023-10-26,Thursday 08:00 PM,TOR,DAL,2023-10-27 00:00:00,8479361
2023020136,2023-10-30,Monday 08:00 PM,CBJ,DAL,2023-10-31 00:00:00,8479979
2023020178,2023-11-06,Monday 08:00 PM,BOS,DAL,2023-11-07 01:00:00,8480280
2023020233,2023-11-14,Tuesday 08:00 PM,ARI,DAL,2023-11-15 01:00:00,8479979
2023020264,2023-11-18,Saturday 08:00 PM,COL,DAL,2023-11-19 01:00:00,8480382
2023020274,2023-11-20,Monday 08:00 PM,NYR,DAL,2023-11-21 01:00:00,8475809
2023020289,2023-11-22,Wednesday 09:30 PM,VGK,DAL,2023-11-23 02:30:00,8478499
2023020305,2023-11-24,Friday 08:30 PM,CGY,DAL,2023-11-25 01:30:00,8474593
2023020356,2023-12-02,Saturday 02:00 PM,TBL,DAL,2023-12-02 19:00:00,0
2023020410,2023-12-09,Saturday 04:00 PM,VGK,DAL,2023-12-09 21:00:00,0
2023020430,2023-12-11,Monday 08:00 PM,DET,DAL,2023-12-12 01:00:00,0
2023020458,2023-12-15,Friday 08:00 PM,OTT,DAL,2023-12-16 01:00:00,0
2023020482,2023-12-18,Monday 08:00 PM,SEA,DAL,2023-12-19 01:00:00,0
2023020505,2023-12-21,Thursday 08:00 PM,VAN,DAL,2023-12-22 01:00:00,0
2023020551,2023-12-29,Friday 08:00 PM,CHI,DAL,2023-12-30 01:00:00,0
2023020572,2023-12-31,Sunday 08:00 PM,CHI,DAL,2024-01-01 01:00:00,0
2023020577,2024-01-02,Tuesday 08:00 PM,MTL,DAL,2024-01-03 01:00:00,0
2023020593,2024-01-04,Thursday 08:00 PM,COL,DAL,2024-01-05 01:00:00,0
2023020614,2024-01-06,Saturday 08:00 PM,NSH,DAL,2024-01-07 01:00:00,0
2023020636,2024-01-10,Wednesday 07:30 PM,MIN,DAL,2024-01-11 00:30:00,0
2023020651,2024-01-12,Friday 08:00 PM,NSH,DAL,2024-01-13 01:00:00,0
2023020684,2024-01-16,Tuesday 08:00 PM,LAK,DAL,2024-01-17 01:00:00,0
2023020751,2024-01-25,Thursday 08:00 PM,ANA,DAL,2024-01-26 01:00:00,0
2023020760,2024-01-27,Saturday 02:00 PM,WSH,DAL,2024-01-27 19:00:00,0
2023020830,2024-02-13,Tuesday 08:00 PM,CAR,DAL,2024-02-14 01:00:00,0
2023020850,2024-02-17,Saturday 03:00 PM,EDM,DAL,2024-02-17 20:00:00,0
2023020924,2024-02-26,Monday 08:00 PM,NYI,DAL,2024-02-27 01:00:00,0
2023020947,2024-02-29,Thursday 08:00 PM,WPG,DAL,2024-03-01 01:00:00,0
2023020966,2024-03-02,Saturday 08:00 PM,SJS,DAL,2024-03-03 01:00:00,0
2023021036,2024-03-12,Tuesday 08:00 PM,FLA,DAL,2024-03-13 00:00:00,0
2023021053,2024-03-14,Thursday 08:00 PM,NJD,DAL,2024-03-15 00:00:00,0
2023021068,2024-03-16,Saturday 08:00 PM,LAK,DAL,2024-03-17 00:00:00,0
2023021096,2024-03-20,Wednesday 08:00 PM,ARI,DAL,2024-03-21 00:00:00,0
2023021110,2024-03-22,Friday 08:00 PM,PIT,DAL,2024-03-23 00:00:00,0
2023021199,2024-04-03,Wednesday 09:00 PM,EDM,DAL,2024-04-04 01:00:00,0
2023021246,2024-04-09,Tuesday 08:00 PM,BUF,DAL,2024-04-10 00:00:00,0
2023021262,2024-04-11,Thursday 08:00 PM,WPG,DAL,2024-04-12 00:00:00,0
2023021271,2024-04-13,Saturday 03:00 PM,SEA,DAL,2024-04-13 19:00:00,0
2023021305,2024-04-17,Wednesday 09:30 PM,STL,DAL,2024-04-18 01:30:00,0
2023020020,2023-10-14,Saturday 04:00 PM,FLA,WPG,2023-10-14 20:00:00,8476945
2023020045,2023-10-17,Tuesday 08:00 PM,LAK,WPG,2023-10-18 00:00:00,8475660
2023020058,2023-10-19,Thursday 08:00 PM,VGK,WPG,2023-10-20 00:00:00,8480313
2023020093,2023-10-24,Tuesday 08:45 PM,STL,WPG,2023-10-25 00:45:00,8476945
2023020135,2023-10-30,Monday 07:30 PM,NYR,WPG,2023-10-30 23:30:00,8478048
2023020200,2023-11-09,Thursday 08:00 PM,NSH,WPG,2023-11-10 01:00:00,8476316
2023020211,2023-11-11,Saturday 03:00 PM,DAL,WPG,2023-11-11 20:00:00,8475809
2023020236,2023-11-14,Tuesday 08:00 PM,NJD,WPG,2023-11-15 01:00:00,8476945
2023020252,2023-11-17,Friday 08:00 PM,BUF,WPG,2023-11-18 01:00:00,8476945
2023020262,2023-11-18,Saturday 07:00 PM,ARI,WPG,2023-11-19 00:00:00,8476316
2023020332,2023-11-28,Tuesday 08:00 PM,DAL,WPG,2023-11-29 01:00:00,0
2023020349,2023-11-30,Thursday 08:00 PM,EDM,WPG,2023-12-01 01:00:00,0
2023020357,2023-12-02,Saturday 03:00 PM,CHI,WPG,2023-12-02 20:00:00,0
2023020377,2023-12-04,Monday 07:30 PM,CAR,WPG,2023-12-05 00:30:00,0
2023020467,2023-12-16,Saturday 07:00 PM,COL,WPG,2023-12-17 00:00:00,0
2023020481,2023-12-18,Monday 07:30 PM,MTL,WPG,2023-12-19 00:30:00,0
2023020495,2023-12-20,Wednesday 07:30 PM,DET,WPG,2023-12-21 00:30:00,0
2023020512,2023-12-22,Friday 08:00 PM,BOS,WPG,2023-12-23 01:00:00,0
2023020555,2023-12-30,Saturday 02:00 PM,MIN,WPG,2023-12-30 19:00:00,0
2023020580,2024-01-02,Tuesday 08:00 PM,TBL,WPG,2024-01-03 01:00:00,0
2023020631,2024-01-09,Tuesday 08:00 PM,CBJ,WPG,2024-01-10 01:00:00,0
2023020648,2024-01-11,Thursday 08:00 PM,CHI,WPG,2024-01-12 01:00:00,0
2023020663,2024-01-13,Saturday 07:00 PM,PHI,WPG,2024-01-14 00:00:00,0
2023020685,2024-01-16,Tuesday 08:00 PM,NYI,WPG,2024-01-17 01:00:00,0
2023020768,2024-01-27,Saturday 07:00 PM,TOR,WPG,2024-01-28 00:00:00,0
2023020814,2024-02-10,Saturday 07:00 PM,PIT,WPG,2024-02-11 00:00:00,0
2023020835,2024-02-14,Wednesday 07:30 PM,SJS,WPG,2024-02-15 00:30:00,0
2023020880,2024-02-20,Tuesday 08:00 PM,MIN,WPG,2024-02-21 01:00:00,0
2023020921,2024-02-25,Sunday 06:00 PM,ARI,WPG,2024-02-25 23:00:00,0
2023020934,2024-02-27,Tuesday 08:00 PM,STL,WPG,2024-02-28 01:00:00,0
2023020986,2024-03-05,Tuesday 08:00 PM,SEA,WPG,2024-03-06 01:00:00,0
2023021029,2024-03-11,Monday 07:30 PM,WSH,WPG,2024-03-11 23:30:00,0
2023021042,2024-03-13,Wednesday 07:30 PM,NSH,WPG,2024-03-13 23:30:00,0
2023021057,2024-03-15,Friday 08:00 PM,ANA,WPG,2024-03-16 00:00:00,0
2023021142,2024-03-26,Tuesday 08:00 PM,EDM,WPG,2024-03-27 00:00:00,0
2023021158,2024-03-28,Thursday 08:00 PM,VGK,WPG,2024-03-29 00:00:00,0
2023021175,2024-03-30,Saturday 07:00 PM,OTT,WPG,2024-03-30 23:00:00,0
2023021187,2024-04-01,Monday 09:00 PM,LAK,WPG,2024-04-02 01:00:00,0
2023021209,2024-04-04,Thursday 08:00 PM,CGY,WPG,2024-04-05 00:00:00,0
2023021300,2024-04-16,Tuesday 08:00 PM,SEA,WPG,2024-04-17 00:00:00,0
2023021308,2024-04-18,Thursday 08:00 PM,VAN,WPG,2024-04-19 00:00:00,0
2023020023,2023-10-14,Saturday 07:00 PM,TBL,DET,2023-10-14 23:00:00,8478024
2023020050,2023-10-18,Wednesday 07:30 PM,PIT,DET,2023-10-18 23:30:00,8478024
2023020080,2023-10-22,Sunday 05:00 PM,CGY,DET,2023-10-22 21:00:00,8473503
2023020091,2023-10-24,Tuesday 08:15 PM,SEA,DET,2023-10-25 00:15:00,8478916
2023020102,2023-10-26,Thursday 07:00 PM,WPG,DET,2023-10-26 23:00:00,8476945
2023020147,2023-11-02,Thursday 07:00 PM,FLA,DET,2023-11-02 23:00:00,8475683
2023020161,2023-11-04,Saturday 07:00 PM,BOS,DET,2023-11-04 23:00:00,8478024
2023020195,2023-11-09,Thursday 07:00 PM,MTL,DET,2023-11-10 00:00:00,8480051
2023020210,2023-11-11,Saturday 01:00 PM,CBJ,DET,2023-11-11 18:00:00,8478024
2023020251,2023-11-17,Friday 02:00 PM,TOR,DET,2023-11-17 19:00:00,8478492
2023020281,2023-11-22,Wednesday 07:00 PM,NJD,DET,2023-11-23 00:00:00,8479312
2023020316,2023-11-26,Sunday 01:00 PM,MIN,DET,2023-11-26 18:00:00,8479312
2023020342,2023-11-30,Thursday 07:00 PM,CHI,DET,2023-12-01 00:00:00,0
2023020393,2023-12-07,Thursday 07:00 PM,SJS,DET,2023-12-08 00:00:00,0
2023020412,2023-12-09,Saturday 07:00 PM,OTT,DET,2023-12-10 00:00:00,0
2023020447,2023-12-14,Thursday 07:30 PM,CAR,DET,2023-12-15 00:30:00,0
2023020479,2023-12-18,Monday 07:00 PM,ANA,DET,2023-12-19 00:00:00,0
2023020510,2023-12-22,Friday 07:00 PM,PHI,DET,2023-12-23 00:00:00,0
2023020547,2023-12-29,Friday 07:00 PM,NSH,DET,2023-12-30 00:00:00,0
2023020565,2023-12-31,Sunday 05:00 PM,BOS,DET,2023-12-31 22:00:00,0
2023020640,2024-01-11,Thursday 07:00 PM,EDM,DET,2024-01-12 00:00:00,0
2023020659,2024-01-13,Saturday 07:00 PM,LAK,DET,2024-01-14 00:00:00,0
2023020720,2024-01-21,Sunday 05:00 PM,TBL,DET,2024-01-21 22:00:00,0
2023020730,2024-01-23,Tuesday 07:00 PM,DAL,DET,2024-01-24 00:00:00,0
2023020747,2024-01-25,Thursday 07:00 PM,PHI,DET,2024-01-26 00:00:00,0
2023020764,2024-01-27,Saturday 07:00 PM,VGK,DET,2024-01-28 00:00:00,0
2023020778,2024-01-31,Wednesday 07:00 PM,OTT,DET,2024-02-01 00:00:00,0
2023020805,2024-02-10,Saturday 01:00 PM,VAN,DET,2024-02-10 18:00:00,0
2023020890,2024-02-22,Thursday 07:00 PM,COL,DET,2024-02-23 00:00:00,0
2023020909,2024-02-24,Saturday 12:00 PM,STL,DET,2024-02-24 17:00:00,0
2023020927,2024-02-27,Tuesday 07:00 PM,WSH,DET,2024-02-28 00:00:00,0
2023020943,2024-02-29,Thursday 07:00 PM,NYI,DET,2024-03-01 00:00:00,0
2023020961,2024-03-02,Saturday 07:00 PM,FLA,DET,2024-03-03 00:00:00,0
2023021048,2024-03-14,Thursday 07:00 PM,ARI,DET,2024-03-14 23:00:00,0
2023021059,2024-03-16,Saturday 12:30 PM,BUF,DET,2024-03-16 16:30:00,0
2023021083,2024-03-19,Tuesday 07:00 PM,CBJ,DET,2024-03-19 23:00:00,0
2023021100,2024-03-21,Thursday 07:00 PM,NYI,DET,2024-03-21 23:00:00,0
2023021213,2024-04-05,Friday 07:00 PM,NYR,DET,2024-04-05 23:00:00,0
2023021228,2024-04-07,Sunday 01:00 PM,BUF,DET,2024-04-07 17:00:00,0
2023021240,2024-04-09,Tuesday 07:00 PM,WSH,DET,2024-04-09 23:00:00,0
2023021287,2024-04-15,Monday 07:00 PM,MTL,DET,2024-04-15 23:00:00,0
2023020001,2023-10-10,Tuesday 05:30 PM,NSH,TBL,2023-10-10 21:30:00,8477992
2023020055,2023-10-19,Thursday 07:00 PM,VAN,TBL,2023-10-19 23:00:00,8477992
2023020070,2023-10-21,Saturday 07:00 PM,TOR,TBL,2023-10-21 23:00:00,8479361
2023020086,2023-10-24,Tuesday 07:00 PM,CAR,TBL,2023-10-24 23:00:00,8477992
2023020106,2023-10-26,Thursday 07:00 PM,SJS,TBL,2023-10-26 23:00:00,8477992
2023020133,2023-10-30,Monday 07:00 PM,SEA,TBL,2023-10-30 23:00:00,8475831
2023020198,2023-11-09,Thursday 07:00 PM,CHI,TBL,2023-11-10 00:00:00,8475852
2023020214,2023-11-11,Saturday 07:00 PM,CAR,TBL,2023-11-12 00:00:00,8481611
2023020257,2023-11-18,Saturday 04:00 PM,EDM,TBL,2023-11-18 21:00:00,8477992
2023020273,2023-11-20,Monday 07:00 PM,BOS,TBL,2023-11-21 00:00:00,8477992
2023020284,2023-11-22,Wednesday 07:00 PM,WPG,TBL,2023-11-23 00:00:00,8476945
2023020345,2023-11-30,Thursday 07:00 PM,PIT,TBL,2023-12-01 00:00:00,0
2023020375,2023-12-04,Monday 07:00 PM,DAL,TBL,2023-12-05 00:00:00,0
2023020389,2023-12-06,Wednesday 07:00 PM,PIT,TBL,2023-12-07 00:00:00,0
2023020488,2023-12-19,Tuesday 07:00 PM,STL,TBL,2023-12-20 00:00:00,0
2023020504,2023-12-21,Thursday 07:00 PM,VGK,TBL,2023-12-22 00:00:00,0
2023020530,2023-12-27,Wednesday 07:00 PM,FLA,TBL,2023-12-28 00:00:00,0
2023020560,2023-12-30,Saturday 07:00 PM,NYR,TBL,2023-12-31 00:00:00,0
2023020568,2023-12-31,Sunday 07:00 PM,MTL,TBL,2024-01-01 00:00:00,0
2023020626,2024-01-09,Tuesday 07:00 PM,LAK,TBL,2024-01-10 00:00:00,0
2023020644,2024-01-11,Thursday 07:00 PM,NJD,TBL,2024-01-12 00:00:00,0
2023020661,2024-01-13,Saturday 07:00 PM,ANA,TBL,2024-01-14 00:00:00,0
2023020695,2024-01-18,Thursday 07:00 PM,MIN,TBL,2024-01-19 00:00:00,0
2023020750,2024-01-25,Thursday 07:00 PM,ARI,TBL,2024-01-26 00:00:00,0
2023020767,2024-01-27,Saturday 07:00 PM,NJD,TBL,2024-01-28 00:00:00,0
2023020842,2024-02-15,Thursday 07:00 PM,COL,TBL,2024-02-16 00:00:00,0
2023020856,2024-02-17,Saturday 05:00 PM,FLA,TBL,2024-02-17 22:00:00,0
2023020875,2024-02-19,Monday 07:00 PM,OTT,TBL,2024-02-20 00:00:00,0
2023020894,2024-02-22,Thursday 07:00 PM,WSH,TBL,2024-02-23 00:00:00,0
2023020945,2024-02-29,Thursday 07:00 PM,BUF,TBL,2024-03-01 00:00:00,0
2023020963,2024-03-02,Saturday 07:00 PM,MTL,TBL,2024-03-03 00:00:00,0
2023020999,2024-03-07,Thursday 07:00 PM,CGY,TBL,2024-03-08 00:00:00,0
2023021016,2024-03-09,Saturday 07:00 PM,PHI,TBL,2024-03-10 00:00:00,0
2023021052,2024-03-14,Thursday 07:00 PM,NYR,TBL,2024-03-14 23:00:00,0
2023021149,2024-03-27,Wednesday 07:30 PM,BOS,TBL,2024-03-27 23:30:00,0
2023021174,2024-03-30,Saturday 07:00 PM,NYI,TBL,2024-03-30 23:00:00,0
2023021184,2024-04-01,Monday 07:00 PM,DET,TBL,2024-04-01 23:00:00,0
2023021245,2024-04-09,Tuesday 07:00 PM,CBJ,TBL,2024-04-09 23:00:00,0
2023021259,2024-04-11,Thursday 07:00 PM,OTT,TBL,2024-04-11 23:00:00,0
2023021290,2024-04-15,Monday 07:00 PM,BUF,TBL,2024-04-15 23:00:00,0
2023021304,2024-04-17,Wednesday 07:00 PM,TOR,TBL,2024-04-17 23:00:00,0
2023020004,2023-10-11,Wednesday 07:00 PM,OTT,CAR,2023-10-11 23:00:00,8475883
2023020101,2023-10-26,Thursday 07:00 PM,SEA,CAR,2023-10-26 23:00:00,8475883
2023020112,2023-10-27,Friday 07:00 PM,SJS,CAR,2023-10-27 23:00:00,8477293
2023020180,2023-11-07,Tuesday 07:00 PM,BUF,CAR,2023-11-08 00:00:00,8477293
2023020238,2023-11-15,Wednesday 07:30 PM,PHI,CAR,2023-11-16 00:30:00,8479394
2023020259,2023-11-18,Saturday 07:00 PM,PIT,CAR,2023-11-19 00:00:00,8477293
2023020279,2023-11-22,Wednesday 07:00 PM,EDM,CAR,2023-11-23 00:00:00,8477293
2023020303,2023-11-24,Friday 08:00 PM,TBL,CAR,2023-11-25 01:00:00,8476883
2023020318,2023-11-26,Sunday 05:00 PM,CBJ,CAR,2023-11-26 22:00:00,8481611
2023020341,2023-11-30,Thursday 07:30 PM,NYI,CAR,2023-12-01 00:30:00,0
2023020360,2023-12-02,Saturday 07:00 PM,BUF,CAR,2023-12-03 00:00:00,0
2023020455,2023-12-15,Friday 07:30 PM,NSH,CAR,2023-12-16 00:30:00,0
2023020475,2023-12-17,Sunday 06:00 PM,WSH,CAR,2023-12-17 23:00:00,0
2023020486,2023-12-19,Tuesday 07:00 PM,VGK,CAR,2023-12-20 00:00:00,0
2023020516,2023-12-23,Saturday 07:30 PM,NYI,CAR,2023-12-24 00:30:00,0
2023020542,2023-12-28,Thursday 07:00 PM,MTL,CAR,2023-12-29 00:00:00,0
2023020608,2024-01-06,Saturday 08:00 PM,STL,CAR,2024-01-07 01:00:00,0
2023020639,2024-01-11,Thursday 07:00 PM,ANA,CAR,2024-01-12 00:00:00,0
2023020657,2024-01-13,Saturday 07:00 PM,PIT,CAR,2024-01-14 00:00:00,0
2023020675,2024-01-15,Monday 03:00 PM,LAK,CAR,2024-01-15 20:00:00,0
2023020702,2024-01-19,Friday 07:00 PM,DET,CAR,2024-01-20 00:00:00,0
2023020719,2024-01-21,Sunday 05:00 PM,MIN,CAR,2024-01-21 22:00:00,0
2023020746,2024-01-25,Thursday 07:30 PM,NJD,CAR,2024-01-26 00:30:00,0
2023020763,2024-01-27,Saturday 07:00 PM,ARI,CAR,2024-01-28 00:00:00,0
2023020785,2024-02-06,Tuesday 07:00 PM,VAN,CAR,2024-02-07 00:00:00,0
2023020799,2024-02-08,Thursday 08:00 PM,COL,CAR,2024-02-09 01:00:00,0
2023020810,2024-02-10,Saturday 07:00 PM,NJD,CAR,2024-02-11 00:00:00,0
2023020874,2024-02-19,Monday 07:00 PM,CHI,CAR,2024-02-20 00:00:00,0
2023020889,2024-02-22,Thursday 07:00 PM,FLA,CAR,2024-02-23 00:00:00,0
2023020907,2024-02-24,Saturday 08:00 PM,DAL,CAR,2024-02-25 01:00:00,0
2023020956,2024-03-02,Saturday 12:30 PM,WPG,CAR,2024-03-02 17:30:00,0
2023020994,2024-03-07,Thursday 07:00 PM,MTL,CAR,2024-03-08 00:00:00,0
2023021024,2024-03-10,Sunday 05:00 PM,CGY,CAR,2024-03-10 21:00:00,0
2023021032,2024-03-12,Tuesday 07:00 PM,NYR,CAR,2024-03-12 23:00:00,0
2023021046,2024-03-14,Thursday 07:00 PM,FLA,CAR,2024-03-14 23:00:00,0
2023021099,2024-03-21,Thursday 07:00 PM,PHI,CAR,2024-03-21 23:00:00,0
2023021127,2024-03-24,Sunday 06:00 PM,TOR,CAR,2024-03-24 22:00:00,0
2023021150,2024-03-28,Thursday 07:30 PM,DET,CAR,2024-03-28 23:30:00,0
2023021202,2024-04-04,Thursday 07:00 PM,BOS,CAR,2024-04-04 23:00:00,0
2023021212,2024-04-05,Friday 07:00 PM,WSH,CAR,2024-04-05 23:00:00,0
2023021230,2024-04-07,Sunday 05:00 PM,CBJ,CAR,2024-04-07 21:00:00,0
2023020005,2023-10-11,Wednesday 07:00 PM,MTL,TOR,2023-10-11 23:00:00,8478492
2023020026,2023-10-14,Saturday 07:00 PM,MIN,TOR,2023-10-14 23:00:00,8478492
2023020038,2023-10-16,Monday 07:00 PM,CHI,TOR,2023-10-16 23:00:00,8482821
2023020139,2023-10-31,Tuesday 08:00 PM,LAK,TOR,2023-11-01 00:00:00,8475660
2023020165,2023-11-04,Saturday 07:00 PM,BUF,TOR,2023-11-04 23:00:00,8482221
2023020177,2023-11-06,Monday 07:00 PM,TBL,TOR,2023-11-07 00:00:00,8479361
2023020190,2023-11-08,Wednesday 07:00 PM,OTT,TOR,2023-11-09 00:00:00,8476914
2023020207,2023-11-10,Friday 07:00 PM,CGY,TOR,2023-11-11 00:00:00,8479361
2023020215,2023-11-11,Saturday 07:00 PM,VAN,TOR,2023-11-12 00:00:00,8478492
2023020329,2023-11-28,Tuesday 07:00 PM,FLA,TOR,2023-11-29 00:00:00,0
2023020346,2023-11-30,Thursday 07:00 PM,SEA,TOR,2023-12-01 00:00:00,0
2023020364,2023-12-02,Saturday 07:00 PM,BOS,TOR,2023-12-03 00:00:00,0
2023020413,2023-12-09,Saturday 07:00 PM,NSH,TOR,2023-12-10 00:00:00,0
2023020449,2023-12-14,Thursday 07:00 PM,CBJ,TOR,2023-12-15 00:00:00,0
2023020466,2023-12-16,Saturday 07:00 PM,PIT,TOR,2023-12-17 00:00:00,0
2023020489,2023-12-19,Tuesday 07:00 PM,NYR,TOR,2023-12-20 00:00:00,0
2023020531,2023-12-27,Wednesday 07:00 PM,OTT,TOR,2023-12-28 00:00:00,0
2023020561,2023-12-30,Saturday 07:00 PM,CAR,TOR,2023-12-31 00:00:00,0
2023020627,2024-01-09,Tuesday 07:00 PM,SJS,TOR,2024-01-10 00:00:00,0
2023020662,2024-01-13,Saturday 07:00 PM,COL,TOR,2024-01-14 00:00:00,0
2023020670,2024-01-14,Sunday 07:00 PM,DET,TOR,2024-01-15 00:00:00,0
2023020740,2024-01-24,Wednesday 07:00 PM,WPG,TOR,2024-01-25 00:00:00,0
2023020782,2024-02-05,Monday 07:00 PM,NYI,TOR,2024-02-06 00:00:00,0
2023020792,2024-02-07,Wednesday 07:00 PM,DAL,TOR,2024-02-08 00:00:00,0
2023020827,2024-02-13,Tuesday 07:00 PM,STL,TOR,2024-02-14 00:00:00,0
2023020843,2024-02-15,Thursday 07:00 PM,PHI,TOR,2024-02-16 00:00:00,0
2023020858,2024-02-17,Saturday 07:00 PM,ANA,TOR,2024-02-18 00:00:00,0
2023020931,2024-02-27,Tuesday 07:00 PM,VGK,TOR,2024-02-28 00:00:00,0
2023020946,2024-02-29,Thursday 07:00 PM,ARI,TOR,2024-03-01 00:00:00,0
2023020964,2024-03-02,Saturday 07:00 PM,NYR,TOR,2024-03-03 00:00:00,0
2023020978,2024-03-04,Monday 07:00 PM,BOS,TOR,2024-03-05 00:00:00,0
2023020990,2024-03-06,Wednesday 07:00 PM,BUF,TOR,2024-03-07 00:00:00,0
2023021067,2024-03-16,Saturday 07:00 PM,CAR,TOR,2024-03-16 23:00:00,0
2023021118,2024-03-23,Saturday 07:00 PM,EDM,TOR,2024-03-23 23:00:00,0
2023021139,2024-03-26,Tuesday 07:30 PM,NJD,TOR,2024-03-26 23:30:00,0
2023021155,2024-03-28,Thursday 07:00 PM,WSH,TOR,2024-03-28 23:00:00,0
2023021185,2024-04-01,Monday 07:00 PM,FLA,TOR,2024-04-01 23:00:00,0
2023021197,2024-04-03,Wednesday 07:00 PM,TBL,TOR,2024-04-03 23:00:00,0
2023021237,2024-04-08,Monday 07:00 PM,PIT,TOR,2024-04-08 23:00:00,0
2023021260,2024-04-11,Thursday 07:00 PM,NJD,TOR,2024-04-11 23:00:00,0
2023021277,2024-04-13,Saturday 07:00 PM,DET,TOR,2024-04-13 23:00:00,0
2023020028,2023-10-14,Saturday 08:00 PM,SEA,STL,2023-10-15 00:00:00,8476412
2023020057,2023-10-19,Thursday 08:00 PM,ARI,STL,2023-10-20 00:00:00,8478971
2023020075,2023-10-21,Saturday 08:00 PM,PIT,STL,2023-10-22 00:00:00,8476412
2023020158,2023-11-03,Friday 08:00 PM,NJD,STL,2023-11-04 00:00:00,8476412
2023020164,2023-11-04,Saturday 07:00 PM,MTL,STL,2023-11-04 23:00:00,8480981
2023020184,2023-11-07,Tuesday 08:00 PM,WPG,STL,2023-11-08 01:00:00,8476945
2023020199,2023-11-09,Thursday 08:00 PM,ARI,STL,2023-11-10 01:00:00,8480981
2023020235,2023-11-14,Tuesday 08:00 PM,TBL,STL,2023-11-15 01:00:00,8476412
2023020297,2023-11-24,Friday 03:00 PM,NSH,STL,2023-11-24 20:00:00,8480947
2023020348,2023-11-30,Thursday 08:00 PM,BUF,STL,2023-12-01 01:00:00,0
2023020390,2023-12-06,Wednesday 09:00 PM,VGK,STL,2023-12-07 02:00:00,0
2023020436,2023-12-12,Tuesday 07:30 PM,DET,STL,2023-12-13 00:30:00,0
2023020451,2023-12-14,Thursday 08:00 PM,OTT,STL,2023-12-15 01:00:00,0
2023020469,2023-12-16,Saturday 08:00 PM,DAL,STL,2023-12-17 01:00:00,0
2023020524,2023-12-23,Saturday 08:00 PM,CHI,STL,2023-12-24 01:00:00,0
2023020536,2023-12-27,Wednesday 08:00 PM,DAL,STL,2023-12-28 01:00:00,0
2023020552,2023-12-29,Friday 08:00 PM,COL,STL,2023-12-30 01:00:00,0
2023020596,2024-01-04,Thursday 08:00 PM,VAN,STL,2024-01-05 01:00:00,0
2023020630,2024-01-09,Tuesday 08:00 PM,FLA,STL,2024-01-10 01:00:00,0
2023020647,2024-01-11,Thursday 08:00 PM,NYR,STL,2024-01-12 01:00:00,0
2023020667,2024-01-13,Saturday 08:00 PM,BOS,STL,2024-01-14 01:00:00,0
2023020679,2024-01-15,Monday 08:00 PM,PHI,STL,2024-01-16 01:00:00,0
2023020713,2024-01-20,Saturday 08:00 PM,WSH,STL,2024-01-21 01:00:00,0
2023020773,2024-01-28,Sunday 02:00 PM,LAK,STL,2024-01-28 19:00:00,0
2023020776,2024-01-30,Tuesday 08:00 PM,CBJ,STL,2024-01-31 01:00:00,0
2023020844,2024-02-15,Thursday 08:00 PM,EDM,STL,2024-02-16 01:00:00,0
2023020855,2024-02-17,Saturday 05:00 PM,NSH,STL,2024-02-17 22:00:00,0
2023020868,2024-02-19,Monday 01:00 PM,TOR,STL,2024-02-19 18:00:00,0
2023020895,2024-02-22,Thursday 08:00 PM,NYI,STL,2024-02-23 01:00:00,0
2023020967,2024-03-02,Saturday 03:00 PM,MIN,STL,2024-03-02 20:00:00,0
2023021041,2024-03-13,Wednesday 07:30 PM,LAK,STL,2024-03-13 23:30:00,0
2023021069,2024-03-16,Saturday 08:00 PM,MIN,STL,2024-03-17 00:00:00,0
2023021079,2024-03-17,Sunday 07:00 PM,ANA,STL,2024-03-17 23:00:00,0
2023021089,2024-03-19,Tuesday 08:00 PM,COL,STL,2024-03-20 00:00:00,0
2023021134,2024-03-25,Monday 08:00 PM,VGK,STL,2024-03-26 00:00:00,0
2023021157,2024-03-28,Thursday 08:00 PM,CGY,STL,2024-03-29 00:00:00,0
2023021177,2024-03-30,Saturday 08:00 PM,SJS,STL,2024-03-31 00:00:00,0
2023021186,2024-04-01,Monday 09:00 PM,EDM,STL,2024-04-02 01:00:00,0
2023021252,2024-04-10,Wednesday 08:00 PM,CHI,STL,2024-04-11 00:00:00,0
2023021265,2024-04-12,Friday 08:00 PM,CAR,STL,2024-04-13 00:00:00,0
2023021283,2024-04-14,Sunday 01:00 PM,SEA,STL,2024-04-14 17:00:00,0
2023020042,2023-10-17,Tuesday 06:00 PM,VAN,PHI,2023-10-17 22:00:00,8479394
2023020054,2023-10-19,Thursday 07:30 PM,EDM,PHI,2023-10-19 23:30:00,8479394
2023020104,2023-10-26,Thursday 07:30 PM,MIN,PHI,2023-10-26 23:30:00,8479394
2023020117,2023-10-28,Saturday 01:00 PM,ANA,PHI,2023-10-28 17:00:00,8480843
2023020131,2023-10-30,Monday 07:00 PM,CAR,PHI,2023-10-30 23:00:00,8475883
2023020141,2023-11-01,Wednesday 07:00 PM,BUF,PHI,2023-11-01 23:00:00,8480045
2023020163,2023-11-04,Saturday 07:30 PM,LAK,PHI,2023-11-04 23:30:00,8475660
2023020255,2023-11-18,Saturday 01:00 PM,VGK,PHI,2023-11-18 18:00:00,8479394
2023020268,2023-11-19,Sunday 05:30 PM,CBJ,PHI,2023-11-19 22:30:00,8481035
2023020294,2023-11-24,Friday 01:00 PM,NYR,PHI,2023-11-24 18:00:00,8478048
2023020328,2023-11-28,Tuesday 07:30 PM,CAR,PHI,2023-11-29 00:30:00,0
2023020344,2023-11-30,Thursday 07:00 PM,NJD,PHI,2023-12-01 00:00:00,0
2023020374,2023-12-04,Monday 07:00 PM,PIT,PHI,2023-12-05 00:00:00,0
2023020448,2023-12-14,Thursday 07:00 PM,WSH,PHI,2023-12-15 00:00:00,0
2023020465,2023-12-16,Saturday 07:00 PM,DET,PHI,2023-12-17 00:00:00,0
2023020502,2023-12-21,Thursday 07:00 PM,NSH,PHI,2023-12-22 00:00:00,0
2023020592,2024-01-04,Thursday 07:00 PM,CBJ,PHI,2024-01-05 00:00:00,0
2023020605,2024-01-06,Saturday 01:00 PM,CGY,PHI,2024-01-06 18:00:00,0
2023020622,2024-01-08,Monday 07:00 PM,PIT,PHI,2024-01-09 00:00:00,0
2023020635,2024-01-10,Wednesday 07:00 PM,MTL,PHI,2024-01-11 00:00:00,0
2023020694,2024-01-18,Thursday 07:00 PM,DAL,PHI,2024-01-19 00:00:00,0
2023020707,2024-01-20,Saturday 01:00 PM,COL,PHI,2024-01-20 18:00:00,0
2023020718,2024-01-21,Sunday 01:00 PM,OTT,PHI,2024-01-21 18:00:00,0
2023020732,2024-01-23,Tuesday 07:00 PM,TBL,PHI,2024-01-24 00:00:00,0
2023020759,2024-01-27,Saturday 12:30 PM,BOS,PHI,2024-01-27 17:30:00,0
2023020797,2024-02-08,Thursday 07:00 PM,WPG,PHI,2024-02-09 00:00:00,0
2023020813,2024-02-10,Saturday 07:00 PM,SEA,PHI,2024-02-11 00:00:00,0
2023020821,2024-02-12,Monday 07:00 PM,ARI,PHI,2024-02-13 00:00:00,0
2023020905,2024-02-24,Saturday 03:00 PM,NYR,PHI,2024-02-24 20:00:00,0
2023020930,2024-02-27,Tuesday 07:00 PM,TBL,PHI,2024-02-28 00:00:00,0
2023020962,2024-03-02,Saturday 07:00 PM,OTT,PHI,2024-03-03 00:00:00,0
2023020977,2024-03-04,Monday 07:30 PM,STL,PHI,2024-03-05 00:30:00,0
2023021035,2024-03-12,Tuesday 07:00 PM,SJS,PHI,2024-03-12 23:00:00,0
2023021050,2024-03-14,Thursday 07:00 PM,TOR,PHI,2024-03-14 23:00:00,0
2023021086,2024-03-19,Tuesday 07:00 PM,TOR,PHI,2024-03-19 23:00:00,0
2023021114,2024-03-23,Saturday 01:00 PM,BOS,PHI,2024-03-23 17:00:00,0
2023021129,2024-03-24,Sunday 06:00 PM,FLA,PHI,2024-03-24 22:00:00,0
2023021173,2024-03-30,Saturday 07:00 PM,CHI,PHI,2024-03-30 23:00:00,0
2023021183,2024-04-01,Monday 07:00 PM,NYI,PHI,2024-04-01 23:00:00,0
2023021274,2024-04-13,Saturday 05:00 PM,NJD,PHI,2024-04-13 21:00:00,0
2023021299,2024-04-16,Tuesday 07:00 PM,WSH,PHI,2024-04-16 23:00:00,0
2023020018,2023-10-13,Friday 07:30 PM,PIT,WSH,2023-10-13 23:30:00,8477465
2023020039,2023-10-16,Monday 07:00 PM,CGY,WSH,2023-10-16 23:00:00,8475311
2023020083,2023-10-24,Tuesday 06:00 PM,TOR,WSH,2023-10-24 22:00:00,8479361
2023020114,2023-10-27,Friday 07:00 PM,MIN,WSH,2023-10-27 23:00:00,8475311
2023020128,2023-10-29,Sunday 05:00 PM,SJS,WSH,2023-10-29 21:00:00,8475311
2023020150,2023-11-02,Thursday 07:00 PM,NYI,WSH,2023-11-02 23:00:00,8473575
2023020166,2023-11-04,Saturday 07:00 PM,CBJ,WSH,2023-11-04 23:00:00,8479292
2023020191,2023-11-08,Wednesday 07:30 PM,FLA,WSH,2023-11-09 00:30:00,8475683
2023020232,2023-11-14,Tuesday 07:00 PM,VGK,WSH,2023-11-15 00:00:00,8479292
2023020263,2023-11-18,Saturday 07:30 PM,CBJ,WSH,2023-11-19 00:30:00,8479292
2023020285,2023-11-22,Wednesday 07:00 PM,BUF,WSH,2023-11-23 00:00:00,8475311
2023020298,2023-11-24,Friday 03:00 PM,EDM,WSH,2023-11-24 20:00:00,8479973
2023020396,2023-12-07,Thursday 08:00 PM,DAL,WSH,2023-12-08 01:00:00,0
2023020414,2023-12-09,Saturday 07:00 PM,NYR,WSH,2023-12-10 00:00:00,0
2023020496,2023-12-20,Wednesday 07:30 PM,NYI,WSH,2023-12-21 00:30:00,0
2023020521,2023-12-23,Saturday 07:00 PM,TBL,WSH,2023-12-24 00:00:00,0
2023020562,2023-12-30,Saturday 07:00 PM,NSH,WSH,2023-12-31 00:00:00,0
2023020587,2024-01-03,Wednesday 07:30 PM,NJD,WSH,2024-01-04 00:30:00,0
2023020603,2024-01-05,Friday 07:00 PM,CAR,WSH,2024-01-06 00:00:00,0
2023020618,2024-01-07,Sunday 03:00 PM,LAK,WSH,2024-01-07 20:00:00,0
2023020645,2024-01-11,Thursday 07:00 PM,SEA,WSH,2024-01-12 00:00:00,0
2023020653,2024-01-13,Saturday 01:00 PM,NYR,WSH,2024-01-13 18:00:00,0
2023020683,2024-01-16,Tuesday 07:00 PM,ANA,WSH,2024-01-17 00:00:00,0
2023020696,2024-01-18,Thursday 07:00 PM,STL,WSH,2024-01-19 00:00:00,0
2023020789,2024-02-06,Tuesday 07:00 PM,MTL,WSH,2024-02-07 00:00:00,0
2023020818,2024-02-11,Sunday 01:30 PM,VAN,WSH,2024-02-11 18:30:00,0
2023020828,2024-02-13,Tuesday 07:00 PM,COL,WSH,2024-02-14 00:00:00,0
2023020879,2024-02-20,Tuesday 07:00 PM,NJD,WSH,2024-02-21 00:00:00,0
2023020923,2024-02-26,Monday 07:00 PM,OTT,WSH,2024-02-27 00:00:00,0
2023020954,2024-03-01,Friday 07:00 PM,PHI,WSH,2024-03-02 00:00:00,0
2023020969,2024-03-03,Sunday 01:00 PM,ARI,WSH,2024-03-03 18:00:00,0
2023021017,2024-03-09,Saturday 07:00 PM,CHI,WSH,2024-03-10 00:00:00,0
2023021095,2024-03-20,Wednesday 07:30 PM,TOR,WSH,2024-03-20 23:30:00,0
2023021109,2024-03-22,Friday 07:00 PM,CAR,WSH,2024-03-22 23:00:00,0
2023021124,2024-03-24,Sunday 12:30 PM,WPG,WSH,2024-03-24 16:30:00,0
2023021140,2024-03-26,Tuesday 07:00 PM,DET,WSH,2024-03-26 23:00:00,0
2023021176,2024-03-30,Saturday 07:00 PM,BOS,WSH,2024-03-30 23:00:00,0
2023021206,2024-04-04,Thursday 07:00 PM,PIT,WSH,2024-04-04 23:00:00,0
2023021232,2024-04-07,Sunday 06:00 PM,OTT,WSH,2024-04-07 22:00:00,0
2023021275,2024-04-13,Saturday 05:30 PM,TBL,WSH,2024-04-13 21:30:00,0
2023021291,2024-04-15,Monday 07:00 PM,BOS,WSH,2024-04-15 23:00:00,0
2023020027,2023-10-14,Saturday 07:30 PM,BUF,NYI,2023-10-14 23:30:00,8478009
2023020043,2023-10-17,Tuesday 07:30 PM,ARI,NYI,2023-10-17 23:30:00,8478009
2023020064,2023-10-20,Friday 07:30 PM,NJD,NYI,2023-10-20 23:30:00,8481033
2023020090,2023-10-24,Tuesday 08:00 PM,COL,NYI,2023-10-25 00:00:00,8480382
2023020107,2023-10-26,Thursday 07:30 PM,OTT,NYI,2023-10-26 23:30:00,8478009
2023020134,2023-10-30,Monday 07:30 PM,DET,NYI,2023-10-30 23:30:00,8478024
2023020167,2023-11-04,Saturday 07:30 PM,CAR,NYI,2023-11-04 23:30:00,8477293
2023020182,2023-11-07,Tuesday 07:30 PM,MIN,NYI,2023-11-08 00:30:00,8470594
2023020216,2023-11-11,Saturday 07:30 PM,WSH,NYI,2023-11-12 00:30:00,8482411
2023020286,2023-11-22,Wednesday 07:30 PM,PHI,NYI,2023-11-23 00:30:00,8478009
2023020312,2023-11-25,Saturday 07:30 PM,PHI,NYI,2023-11-26 00:30:00,8481035
2023020383,2023-12-05,Tuesday 07:30 PM,SJS,NYI,2023-12-06 00:30:00,0
2023020397,2023-12-07,Thursday 07:30 PM,CBJ,NYI,2023-12-08 00:30:00,0
2023020415,2023-12-09,Saturday 07:30 PM,LAK,NYI,2023-12-10 00:30:00,0
2023020429,2023-12-11,Monday 07:00 PM,TOR,NYI,2023-12-12 00:00:00,0
2023020444,2023-12-13,Wednesday 07:30 PM,ANA,NYI,2023-12-14 00:30:00,0
2023020457,2023-12-15,Friday 07:30 PM,BOS,NYI,2023-12-16 00:30:00,0
2023020490,2023-12-19,Tuesday 07:30 PM,EDM,NYI,2023-12-20 00:30:00,0
2023020533,2023-12-27,Wednesday 07:30 PM,PIT,NYI,2023-12-28 00:30:00,0
2023020550,2023-12-29,Friday 07:30 PM,WSH,NYI,2023-12-30 00:30:00,0
2023020628,2024-01-09,Tuesday 07:30 PM,VAN,NYI,2024-01-10 00:30:00,0
2023020646,2024-01-11,Thursday 07:00 PM,TOR,NYI,2024-01-12 00:00:00,0
2023020721,2024-01-21,Sunday 07:30 PM,DAL,NYI,2024-01-22 00:30:00,0
2023020733,2024-01-23,Tuesday 07:30 PM,VGK,NYI,2024-01-24 00:30:00,0
2023020769,2024-01-27,Saturday 07:30 PM,FLA,NYI,2024-01-28 00:30:00,0
2023020798,2024-02-08,Thursday 08:00 PM,TBL,NYI,2024-02-09 01:00:00,0
2023020807,2024-02-10,Saturday 01:00 PM,CGY,NYI,2024-02-10 18:00:00,0
2023020829,2024-02-13,Tuesday 07:30 PM,SEA,NYI,2024-02-14 00:30:00,0
2023020863,2024-02-18,Sunday 03:00 PM,NYR,NYI,2024-02-18 20:00:00,0
2023020904,2024-02-24,Saturday 02:00 PM,TBL,NYI,2024-02-24 19:00:00,0
2023020957,2024-03-02,Saturday 07:30 PM,BOS,NYI,2024-03-03 00:30:00,0
2023020984,2024-03-05,Tuesday 07:30 PM,STL,NYI,2024-03-06 00:30:00,0
2023021060,2024-03-16,Saturday 12:30 PM,OTT,NYI,2024-03-16 16:30:00,0
2023021087,2024-03-19,Tuesday 07:30 PM,CAR,NYI,2024-03-19 23:30:00,0
2023021113,2024-03-23,Saturday 01:00 PM,WPG,NYI,2024-03-23 17:00:00,0
2023021126,2024-03-24,Sunday 05:00 PM,NJD,NYI,2024-03-24 21:00:00,0
2023021192,2024-04-02,Tuesday 07:30 PM,CHI,NYI,2024-04-02 23:30:00,0
2023021225,2024-04-06,Saturday 07:30 PM,NSH,NYI,2024-04-06 23:30:00,0
2023021244,2024-04-09,Tuesday 07:00 PM,NYR,NYI,2024-04-09 23:00:00,0
2023021261,2024-04-11,Thursday 07:30 PM,MTL,NYI,2024-04-11 23:30:00,0
2023021303,2024-04-17,Wednesday 07:00 PM,PIT,NYI,2024-04-17 23:00:00,0
2023020010,2023-10-12,Thursday 07:00 PM,NYR,BUF,2023-10-12 23:00:00,8478048
2023020040,2023-10-17,Tuesday 07:30 PM,TBL,BUF,2023-10-17 23:30:00,8482221
2023020051,2023-10-19,Thursday 07:00 PM,CGY,BUF,2023-10-19 23:00:00,8478435
2023020067,2023-10-21,Saturday 07:00 PM,NYI,BUF,2023-10-21 23:00:00,8477480
2023020082,2023-10-23,Monday 07:00 PM,MTL,BUF,2023-10-23 23:00:00,8474596
2023020126,2023-10-29,Sunday 01:00 PM,COL,BUF,2023-10-29 17:00:00,8480045
2023020157,2023-11-03,Friday 07:00 PM,PHI,BUF,2023-11-03 23:00:00,8481035
2023020204,2023-11-10,Friday 07:00 PM,MIN,BUF,2023-11-11 00:00:00,8482221
2023020229,2023-11-14,Tuesday 07:00 PM,BOS,BUF,2023-11-15 00:00:00,8476999
2023020301,2023-11-24,Friday 06:00 PM,PIT,BUF,2023-11-24 23:00:00,8480045
2023020372,2023-12-03,Sunday 07:00 PM,NSH,BUF,2023-12-04 00:00:00,0
2023020380,2023-12-05,Tuesday 07:30 PM,DET,BUF,2023-12-06 00:30:00,0
2023020411,2023-12-09,Saturday 07:00 PM,MTL,BUF,2023-12-10 00:00:00,0
2023020428,2023-12-11,Monday 07:00 PM,ARI,BUF,2023-12-12 00:00:00,0
2023020485,2023-12-19,Tuesday 07:00 PM,CBJ,BUF,2023-12-20 00:00:00,0
2023020498,2023-12-21,Thursday 07:00 PM,TOR,BUF,2023-12-22 00:00:00,0
2023020532,2023-12-27,Wednesday 07:30 PM,BOS,BUF,2023-12-28 00:30:00,0
2023020556,2023-12-30,Saturday 05:00 PM,CBJ,BUF,2023-12-30 22:00:00,0
2023020625,2024-01-09,Tuesday 07:00 PM,SEA,BUF,2024-01-10 00:00:00,0
2023020638,2024-01-11,Thursday 07:00 PM,OTT,BUF,2024-01-12 00:00:00,0
2023020654,2024-01-13,Saturday 04:00 PM,VAN,BUF,2024-01-13 21:00:00,0
2023020672,2024-01-15,Monday 01:00 PM,SJS,BUF,2024-01-15 18:00:00,0
2023020691,2024-01-17,Wednesday 07:30 PM,CHI,BUF,2024-01-18 00:30:00,0
2023020706,2024-01-20,Saturday 12:30 PM,TBL,BUF,2024-01-20 17:30:00,0
2023020784,2024-02-06,Tuesday 07:00 PM,DAL,BUF,2024-02-07 00:00:00,0
2023020804,2024-02-10,Saturday 01:00 PM,STL,BUF,2024-02-10 18:00:00,0
2023020824,2024-02-13,Tuesday 07:00 PM,LAK,BUF,2024-02-14 00:00:00,0
2023020838,2024-02-15,Thursday 07:00 PM,FLA,BUF,2024-02-16 00:00:00,0
2023020866,2024-02-19,Monday 12:30 PM,ANA,BUF,2024-02-19 17:30:00,0
2023020918,2024-02-25,Sunday 06:00 PM,CAR,BUF,2024-02-25 23:00:00,0
2023020960,2024-03-02,Saturday 07:00 PM,VGK,BUF,2024-03-03 00:00:00,0
2023020971,2024-03-03,Sunday 07:00 PM,WPG,BUF,2024-03-04 00:00:00,0
2023021009,2024-03-09,Saturday 12:30 PM,EDM,BUF,2024-03-09 17:30:00,0
2023021031,2024-03-12,Tuesday 07:00 PM,DET,BUF,2024-03-12 23:00:00,0
2023021045,2024-03-14,Thursday 07:30 PM,NYI,BUF,2024-03-14 23:30:00,0
2023021148,2024-03-27,Wednesday 07:00 PM,OTT,BUF,2024-03-27 23:00:00,0
2023021164,2024-03-29,Friday 07:00 PM,NJD,BUF,2024-03-29 23:00:00,0
2023021170,2024-03-30,Saturday 07:00 PM,TOR,BUF,2024-03-30 23:00:00,0
2023021189,2024-04-02,Tuesday 07:00 PM,WSH,BUF,2024-04-02 23:00:00,0
2023021211,2024-04-05,Friday 07:00 PM,PHI,BUF,2024-04-05 23:00:00,0
2023021255,2024-04-11,Thursday 07:00 PM,WSH,BUF,2024-04-11 23:00:00,0
2023020007,2023-10-11,Wednesday 10:00 PM,WPG,CGY,2023-10-12 02:00:00,8474593
2023020096,2023-10-24,Tuesday 09:45 PM,NYR,CGY,2023-10-25 01:45:00,8478048
2023020109,2023-10-26,Thursday 09:00 PM,STL,CGY,2023-10-27 01:00:00,8480981
2023020142,2023-11-01,Wednesday 08:30 PM,DAL,CGY,2023-11-02 00:30:00,8479979
2023020186,2023-11-07,Tuesday 09:00 PM,NSH,CGY,2023-11-08 02:00:00,8474593
2023020247,2023-11-16,Thursday 09:00 PM,VAN,CGY,2023-11-17 02:00:00,8474593
2023020260,2023-11-18,Saturday 07:00 PM,NYI,CGY,2023-11-19 00:00:00,8478009
2023020325,2023-11-27,Monday 09:30 PM,VGK,CGY,2023-11-28 02:30:00,8478435
2023020351,2023-11-30,Thursday 09:00 PM,DAL,CGY,2023-12-01 02:00:00,0
2023020367,2023-12-02,Saturday 10:00 PM,VAN,CGY,2023-12-03 03:00:00,0
2023020385,2023-12-05,Tuesday 09:00 PM,MIN,CGY,2023-12-06 02:00:00,0
2023020401,2023-12-07,Thursday 09:00 PM,CAR,CGY,2023-12-08 02:00:00,0
2023020409,2023-12-09,Saturday 04:00 PM,NJD,CGY,2023-12-09 21:00:00,0
2023020471,2023-12-16,Saturday 10:00 PM,TBL,CGY,2023-12-17 03:00:00,0
2023020483,2023-12-18,Monday 09:30 PM,FLA,CGY,2023-12-19 02:30:00,0
2023020539,2023-12-27,Wednesday 09:30 PM,SEA,CGY,2023-12-28 02:30:00,0
2023020570,2023-12-31,Sunday 08:00 PM,PHI,CGY,2024-01-01 01:00:00,0
2023020634,2024-01-09,Tuesday 09:00 PM,OTT,CGY,2024-01-10 02:00:00,0
2023020687,2024-01-16,Tuesday 09:00 PM,ARI,CGY,2024-01-17 02:00:00,0
2023020697,2024-01-18,Thursday 09:00 PM,TOR,CGY,2024-01-19 02:00:00,0
2023020714,2024-01-20,Saturday 10:00 PM,EDM,CGY,2024-01-21 03:00:00,0
2023020735,2024-01-23,Tuesday 09:00 PM,STL,CGY,2024-01-24 02:00:00,0
2023020753,2024-01-25,Thursday 09:00 PM,CBJ,CGY,2024-01-26 02:00:00,0
2023020771,2024-01-27,Saturday 10:00 PM,CHI,CGY,2024-01-28 03:00:00,0
2023020846,2024-02-15,Thursday 09:00 PM,SJS,CGY,2024-02-16 02:00:00,0
2023020852,2024-02-17,Saturday 04:00 PM,DET,CGY,2024-02-17 21:00:00,0
2023020872,2024-02-19,Monday 04:00 PM,WPG,CGY,2024-02-19 21:00:00,0
2023020896,2024-02-22,Thursday 09:00 PM,BOS,CGY,2024-02-23 02:00:00,0
2023020935,2024-02-27,Tuesday 09:00 PM,LAK,CGY,2024-02-28 02:00:00,0
2023020968,2024-03-02,Saturday 10:00 PM,PIT,CGY,2024-03-03 03:00:00,0
2023020980,2024-03-04,Monday 09:30 PM,SEA,CGY,2024-03-05 02:30:00,0
2023021039,2024-03-12,Tuesday 09:00 PM,COL,CGY,2024-03-13 01:00:00,0
2023021055,2024-03-14,Thursday 09:00 PM,VGK,CGY,2024-03-15 01:00:00,0
2023021066,2024-03-16,Saturday 07:00 PM,MTL,CGY,2024-03-16 23:00:00,0
2023021080,2024-03-18,Monday 08:30 PM,WSH,CGY,2024-03-19 00:30:00,0
2023021132,2024-03-24,Sunday 09:00 PM,BUF,CGY,2024-03-25 01:00:00,0
2023021178,2024-03-30,Saturday 10:00 PM,LAK,CGY,2024-03-31 02:00:00,0
2023021195,2024-04-02,Tuesday 09:00 PM,ANA,CGY,2024-04-03 01:00:00,0
2023021226,2024-04-06,Saturday 10:00 PM,EDM,CGY,2024-04-07 02:00:00,0
2023021286,2024-04-14,Sunday 08:00 PM,ARI,CGY,2024-04-15 00:00:00,0
2023021309,2024-04-18,Thursday 09:00 PM,SJS,CGY,2024-04-19 01:00:00,0
2023020046,2023-10-17,Tuesday 10:00 PM,COL,SEA,2023-10-18 02:00:00,8480382
2023020060,2023-10-19,Thursday 10:00 PM,CAR,SEA,2023-10-20 02:00:00,8478916
2023020078,2023-10-21,Saturday 10:00 PM,NYR,SEA,2023-10-22 02:00:00,8471734
2023020154,2023-11-02,Thursday 10:00 PM,NSH,SEA,2023-11-03 02:00:00,8475831
2023020170,2023-11-04,Saturday 10:00 PM,CGY,SEA,2023-11-05 02:00:00,8478435
2023020220,2023-11-11,Saturday 10:00 PM,EDM,SEA,2023-11-12 03:00:00,8479973
2023020228,2023-11-13,Monday 10:00 PM,COL,SEA,2023-11-14 03:00:00,8480382
2023020248,2023-11-16,Thursday 10:00 PM,NYI,SEA,2023-11-17 03:00:00,8475831
2023020277,2023-11-20,Monday 10:00 PM,CGY,SEA,2023-11-21 03:00:00,8478435
2023020292,2023-11-22,Wednesday 10:00 PM,SJS,SEA,2023-11-23 03:00:00,8478916
2023020307,2023-11-24,Friday 10:00 PM,VAN,SEA,2023-11-25 03:00:00,8477967
2023020403,2023-12-07,Thursday 10:30 PM,NJD,SEA,2023-12-08 03:30:00,0
2023020418,2023-12-09,Saturday 10:00 PM,TBL,SEA,2023-12-10 03:00:00,0
2023020426,2023-12-10,Sunday 09:00 PM,MIN,SEA,2023-12-11 02:00:00,0
2023020438,2023-12-12,Tuesday 10:00 PM,FLA,SEA,2023-12-13 03:00:00,0
2023020453,2023-12-14,Thursday 10:00 PM,CHI,SEA,2023-12-15 03:00:00,0
2023020473,2023-12-16,Saturday 10:00 PM,LAK,SEA,2023-12-17 03:00:00,0
2023020554,2023-12-29,Friday 10:00 PM,PHI,SEA,2023-12-30 03:00:00,0
2023020573,2024-01-01,Monday 03:00 PM,VGK,SEA,2024-01-01 20:00:00,0
2023020598,2024-01-04,Thursday 10:00 PM,OTT,SEA,2024-01-05 03:00:00,0
2023020723,2024-01-21,Sunday 09:00 PM,TOR,SEA,2024-01-22 02:00:00,0
2023020743,2024-01-24,Wednesday 10:00 PM,CHI,SEA,2024-01-25 03:00:00,0
2023020758,2024-01-26,Friday 10:00 PM,STL,SEA,2024-01-27 03:00:00,0
2023020774,2024-01-28,Sunday 09:00 PM,CBJ,SEA,2024-01-29 02:00:00,0
2023020870,2024-02-19,Monday 03:30 PM,DET,SEA,2024-02-19 20:30:00,0
2023020897,2024-02-22,Thursday 10:00 PM,VAN,SEA,2024-02-23 03:00:00,0
2023020913,2024-02-24,Saturday 10:00 PM,MIN,SEA,2024-02-25 03:00:00,0
2023020926,2024-02-26,Monday 10:00 PM,BOS,SEA,2024-02-27 03:00:00,0
2023020950,2024-02-29,Thursday 10:00 PM,PIT,SEA,2024-03-01 03:00:00,0
2023020958,2024-03-02,Saturday 04:00 PM,EDM,SEA,2024-03-02 21:00:00,0
2023021008,2024-03-08,Friday 10:00 PM,WPG,SEA,2024-03-09 03:00:00,0
2023021040,2024-03-12,Tuesday 10:00 PM,VGK,SEA,2024-03-13 02:00:00,0
2023021056,2024-03-14,Thursday 10:00 PM,WSH,SEA,2024-03-15 02:00:00,0
2023021071,2024-03-16,Saturday 10:00 PM,NSH,SEA,2024-03-17 02:00:00,0
2023021081,2024-03-18,Monday 10:00 PM,BUF,SEA,2024-03-19 02:00:00,0
2023021133,2024-03-24,Sunday 09:00 PM,MTL,SEA,2024-03-25 01:00:00,0
2023021146,2024-03-26,Tuesday 10:00 PM,ANA,SEA,2024-03-27 02:00:00,0
2023021162,2024-03-28,Thursday 10:00 PM,ANA,SEA,2024-03-29 02:00:00,0
2023021179,2024-03-30,Saturday 10:00 PM,DAL,SEA,2024-03-31 02:00:00,0
2023021250,2024-04-09,Tuesday 10:00 PM,ARI,SEA,2024-04-10 02:00:00,0
2023021263,2024-04-11,Thursday 10:00 PM,SJS,SEA,2024-04-12 02:00:00,0
2023020002,2023-10-10,Tuesday 08:00 PM,CHI,PIT,2023-10-11 00:00:00,8475852
2023020025,2023-10-14,Saturday 07:00 PM,CGY,PIT,2023-10-14 23:00:00,8477968
2023020088,2023-10-24,Tuesday 07:30 PM,DAL,PIT,2023-10-24 23:30:00,8479979
2023020105,2023-10-26,Thursday 07:00 PM,COL,PIT,2023-10-26 23:00:00,8477465
2023020123,2023-10-28,Saturday 07:00 PM,OTT,PIT,2023-10-28 23:00:00,8476914
2023020132,2023-10-30,Monday 07:00 PM,ANA,PIT,2023-10-30 23:00:00,8480843
2023020217,2023-11-11,Saturday 07:30 PM,BUF,PIT,2023-11-12 00:30:00,8477465
2023020245,2023-11-16,Thursday 07:00 PM,NJD,PIT,2023-11-17 00:00:00,8477970
2023020269,2023-11-19,Sunday 06:00 PM,VGK,PIT,2023-11-19 23:00:00,8477968
2023020283,2023-11-22,Wednesday 07:00 PM,NYR,PIT,2023-11-23 00:00:00,8471734
2023020311,2023-11-25,Saturday 07:00 PM,TOR,PIT,2023-11-26 00:00:00,8477465
2023020363,2023-12-02,Saturday 07:00 PM,PHI,PIT,2023-12-03 00:00:00,0
2023020434,2023-12-12,Tuesday 07:00 PM,ARI,PIT,2023-12-13 00:00:00,0
2023020480,2023-12-18,Monday 07:00 PM,MIN,PIT,2023-12-19 00:00:00,0
2023020503,2023-12-21,Thursday 07:00 PM,CAR,PIT,2023-12-22 00:00:00,0
2023020559,2023-12-30,Saturday 07:00 PM,STL,PIT,2023-12-31 00:00:00,0
2023020567,2023-12-31,Sunday 06:00 PM,NYI,PIT,2023-12-31 23:00:00,0
2023020576,2024-01-02,Tuesday 07:30 PM,WSH,PIT,2024-01-03 00:30:00,0
2023020612,2024-01-06,Saturday 07:00 PM,BUF,PIT,2024-01-07 00:00:00,0
2023020643,2024-01-11,Thursday 07:00 PM,VAN,PIT,2024-01-12 00:00:00,0
2023020677,2024-01-15,Monday 06:00 PM,SEA,PIT,2024-01-15 23:00:00,0
2023020756,2024-01-26,Friday 07:00 PM,FLA,PIT,2024-01-27 00:00:00,0
2023020766,2024-01-27,Saturday 07:00 PM,MTL,PIT,2024-01-28 00:00:00,0
2023020788,2024-02-06,Tuesday 07:00 PM,WPG,PIT,2024-02-07 00:00:00,0
2023020834,2024-02-14,Wednesday 07:30 PM,FLA,PIT,2024-02-15 00:30:00,0
2023020865,2024-02-18,Sunday 06:00 PM,LAK,PIT,2024-02-18 23:00:00,0
2023020878,2024-02-20,Tuesday 07:00 PM,NYI,PIT,2024-02-21 00:00:00,0
2023020893,2024-02-22,Thursday 07:00 PM,MTL,PIT,2024-02-23 00:00:00,0
2023020917,2024-02-25,Sunday 03:30 PM,PHI,PIT,2024-02-25 20:30:00,0
2023020983,2024-03-05,Tuesday 07:00 PM,CBJ,PIT,2024-03-06 00:00:00,0
2023020998,2024-03-07,Thursday 07:00 PM,WSH,PIT,2024-03-08 00:00:00,0
2023021022,2024-03-10,Sunday 01:00 PM,EDM,PIT,2024-03-10 17:00:00,0
2023021051,2024-03-14,Thursday 07:00 PM,SJS,PIT,2024-03-14 23:00:00,0
2023021061,2024-03-16,Saturday 03:00 PM,NYR,PIT,2024-03-16 19:00:00,0
2023021078,2024-03-17,Sunday 06:00 PM,DET,PIT,2024-03-17 22:00:00,0
2023021138,2024-03-26,Tuesday 07:00 PM,CAR,PIT,2024-03-26 23:00:00,0
2023021154,2024-03-28,Thursday 07:00 PM,CBJ,PIT,2024-03-28 23:00:00,0
2023021217,2024-04-06,Saturday 01:00 PM,TBL,PIT,2024-04-06 17:00:00,0
2023021258,2024-04-11,Thursday 07:00 PM,DET,PIT,2024-04-11 23:00:00,0
2023021279,2024-04-13,Saturday 08:00 PM,BOS,PIT,2024-04-14 00:00:00,0
2023021289,2024-04-15,Monday 07:00 PM,NSH,PIT,2024-04-15 23:00:00,0
2023020015,2023-10-12,Thursday 08:00 PM,SEA,NSH,2023-10-13 00:00:00,8477424
2023020044,2023-10-17,Tuesday 08:00 PM,EDM,NSH,2023-10-18 00:00:00,8475789
2023020074,2023-10-21,Saturday 08:00 PM,SJS,NSH,2023-10-22 00:00:00,8477424
2023020095,2023-10-24,Tuesday 09:15 PM,VAN,NSH,2023-10-25 01:15:00,8477967
2023020122,2023-10-28,Saturday 07:00 PM,TOR,NSH,2023-10-28 23:00:00,8477424
2023020218,2023-11-11,Saturday 08:00 PM,ARI,NSH,2023-11-12 01:00:00,8478971
2023020234,2023-11-14,Tuesday 08:00 PM,ANA,NSH,2023-11-15 01:00:00,8476434
2023020256,2023-11-18,Saturday 02:00 PM,CHI,NSH,2023-11-18 19:00:00,8480947
2023020275,2023-11-20,Monday 08:00 PM,COL,NSH,2023-11-21 01:00:00,8477424
2023020288,2023-11-22,Wednesday 09:00 PM,CGY,NSH,2023-11-23 02:00:00,8477424
2023020319,2023-11-26,Sunday 08:00 PM,WPG,NSH,2023-11-27 01:00:00,8477424
2023020331,2023-11-28,Tuesday 08:00 PM,PIT,NSH,2023-11-29 01:00:00,0
2023020347,2023-11-30,Thursday 08:00 PM,MIN,NSH,2023-12-01 01:00:00,0
2023020358,2023-12-02,Saturday 04:30 PM,NYR,NSH,2023-12-02 21:30:00,0
2023020398,2023-12-07,Thursday 08:00 PM,TBL,NSH,2023-12-08 01:00:00,0
2023020435,2023-12-12,Tuesday 08:00 PM,PHI,NSH,2023-12-13 01:00:00,0
2023020468,2023-12-16,Saturday 08:00 PM,WSH,NSH,2023-12-17 01:00:00,0
2023020491,2023-12-19,Tuesday 08:00 PM,VAN,NSH,2023-12-20 01:00:00,0
2023020515,2023-12-23,Saturday 02:00 PM,DAL,NSH,2023-12-23 19:00:00,0
2023020535,2023-12-27,Wednesday 08:00 PM,CAR,NSH,2023-12-28 01:00:00,0
2023020579,2024-01-02,Tuesday 08:00 PM,CHI,NSH,2024-01-03 01:00:00,0
2023020595,2024-01-04,Thursday 08:00 PM,CGY,NSH,2024-01-05 01:00:00,0
2023020629,2024-01-09,Tuesday 08:00 PM,ANA,NSH,2024-01-10 01:00:00,0
2023020666,2024-01-13,Saturday 08:00 PM,NYI,NSH,2024-01-14 01:00:00,0
2023020726,2024-01-22,Monday 08:00 PM,FLA,NSH,2024-01-23 01:00:00,0
2023020779,2024-01-31,Wednesday 07:30 PM,LAK,NSH,2024-02-01 00:30:00,0
2023020815,2024-02-10,Saturday 08:00 PM,ARI,NSH,2024-02-11 01:00:00,0
2023020831,2024-02-13,Tuesday 08:00 PM,NJD,NSH,2024-02-14 01:00:00,0
2023020847,2024-02-15,Thursday 09:00 PM,DAL,NSH,2024-02-16 02:00:00,0
2023020933,2024-02-27,Tuesday 08:00 PM,OTT,NSH,2024-02-28 01:00:00,0
2023020948,2024-02-29,Thursday 08:00 PM,MIN,NSH,2024-03-01 01:00:00,0
2023020959,2024-03-02,Saturday 06:00 PM,COL,NSH,2024-03-02 23:00:00,0
2023020985,2024-03-05,Tuesday 08:00 PM,MTL,NSH,2024-03-06 01:00:00,0
2023021000,2024-03-07,Thursday 08:00 PM,BUF,NSH,2024-03-08 01:00:00,0
2023021088,2024-03-19,Tuesday 08:00 PM,SJS,NSH,2024-03-20 00:00:00,0
2023021116,2024-03-23,Saturday 05:00 PM,DET,NSH,2024-03-23 21:00:00,0
2023021141,2024-03-26,Tuesday 08:00 PM,VGK,NSH,2024-03-27 00:00:00,0
2023021194,2024-04-02,Tuesday 08:00 PM,BOS,NSH,2024-04-03 00:00:00,0
2023021208,2024-04-04,Thursday 08:00 PM,STL,NSH,2024-04-05 00:00:00,0
2023021247,2024-04-09,Tuesday 08:00 PM,WPG,NSH,2024-04-10 00:00:00,0
2023021278,2024-04-13,Saturday 08:00 PM,CBJ,NSH,2024-04-14 00:00:00,0
2023020066,2023-10-21,Saturday 04:00 PM,ANA,ARI,2023-10-21 20:00:00,8478872
2023020115,2023-10-27,Friday 10:00 PM,LAK,ARI,2023-10-28 02:00:00,8475660
2023020137,2023-10-30,Monday 10:00 PM,CHI,ARI,2023-10-31 02:00:00,8478971
2023020153,2023-11-02,Thursday 10:00 PM,MTL,ARI,2023-11-03 02:00:00,8478971
2023020160,2023-11-04,Saturday 04:00 PM,WPG,ARI,2023-11-04 20:00:00,8476945
2023020185,2023-11-07,Tuesday 09:00 PM,SEA,ARI,2023-11-08 02:00:00,8478971
2023020276,2023-11-20,Monday 09:00 PM,LAK,ARI,2023-11-21 02:00:00,8477831
2023020287,2023-11-22,Wednesday 09:00 PM,STL,ARI,2023-11-23 02:00:00,8480981
2023020334,2023-11-28,Tuesday 09:00 PM,TBL,ARI,2023-11-29 02:00:00,0
2023020350,2023-11-30,Thursday 09:00 PM,COL,ARI,2023-12-01 02:00:00,0
2023020365,2023-12-02,Saturday 09:00 PM,STL,ARI,2023-12-03 02:00:00,0
2023020378,2023-12-04,Monday 09:00 PM,WSH,ARI,2023-12-05 02:00:00,0
2023020400,2023-12-07,Thursday 09:00 PM,PHI,ARI,2023-12-08 02:00:00,0
2023020459,2023-12-15,Friday 09:00 PM,SJS,ARI,2023-12-16 02:00:00,0
2023020470,2023-12-16,Saturday 09:00 PM,BUF,ARI,2023-12-17 02:00:00,0
2023020493,2023-12-19,Tuesday 09:00 PM,OTT,ARI,2023-12-20 02:00:00,0
2023020537,2023-12-27,Wednesday 09:00 PM,COL,ARI,2023-12-28 02:00:00,0
2023020581,2024-01-02,Tuesday 09:00 PM,FLA,ARI,2024-01-03 02:00:00,0
2023020597,2024-01-04,Thursday 09:00 PM,NYI,ARI,2024-01-05 02:00:00,0
2023020619,2024-01-07,Sunday 07:00 PM,WPG,ARI,2024-01-08 00:00:00,0
2023020633,2024-01-09,Tuesday 09:00 PM,BOS,ARI,2024-01-10 02:00:00,0
2023020649,2024-01-11,Thursday 09:00 PM,CGY,ARI,2024-01-12 02:00:00,0
2023020708,2024-01-20,Saturday 03:00 PM,NSH,ARI,2024-01-20 20:00:00,0
2023020727,2024-01-22,Monday 09:00 PM,PIT,ARI,2024-01-23 02:00:00,0
2023020800,2024-02-08,Thursday 09:00 PM,VGK,ARI,2024-02-09 02:00:00,0
2023020836,2024-02-14,Wednesday 09:30 PM,MIN,ARI,2024-02-15 02:30:00,0
2023020849,2024-02-16,Friday 09:00 PM,CAR,ARI,2024-02-17 02:00:00,0
2023020871,2024-02-19,Monday 04:00 PM,EDM,ARI,2024-02-19 21:00:00,0
2023020887,2024-02-21,Wednesday 10:00 PM,TOR,ARI,2024-02-22 03:00:00,0
2023020987,2024-03-05,Tuesday 09:00 PM,CHI,ARI,2024-03-06 02:00:00,0
2023021001,2024-03-07,Thursday 09:00 PM,MIN,ARI,2024-03-08 02:00:00,0
2023021005,2024-03-08,Friday 09:00 PM,DET,ARI,2024-03-09 02:00:00,0
2023021062,2024-03-16,Saturday 05:00 PM,NJD,ARI,2024-03-16 21:00:00,0
2023021112,2024-03-22,Friday 10:00 PM,SEA,ARI,2024-03-23 02:00:00,0
2023021130,2024-03-24,Sunday 08:00 PM,DAL,ARI,2024-03-25 00:00:00,0
2023021145,2024-03-26,Tuesday 10:00 PM,CBJ,ARI,2024-03-27 02:00:00,0
2023021161,2024-03-28,Thursday 10:00 PM,NSH,ARI,2024-03-29 02:00:00,0
2023021168,2024-03-30,Saturday 06:00 PM,NYR,ARI,2024-03-30 22:00:00,0
2023021200,2024-04-03,Wednesday 10:00 PM,VAN,ARI,2024-04-04 02:00:00,0
2023021216,2024-04-05,Friday 10:00 PM,VGK,ARI,2024-04-06 02:00:00,0
2023021306,2024-04-17,Wednesday 10:00 PM,EDM,ARI,2024-04-18 02:00:00,0
2023020024,2023-10-14,Saturday 07:00 PM,CHI,MTL,2023-10-14 23:00:00,8478470
2023020041,2023-10-17,Tuesday 07:00 PM,MIN,MTL,2023-10-17 23:00:00,8470594
2023020069,2023-10-21,Saturday 07:00 PM,WSH,MTL,2023-10-21 23:00:00,8474596
2023020087,2023-10-24,Tuesday 07:15 PM,NJD,MTL,2023-10-24 23:15:00,8477970
2023020103,2023-10-26,Thursday 07:00 PM,CBJ,MTL,2023-10-26 23:00:00,8478470
2023020121,2023-10-28,Saturday 07:00 PM,WPG,MTL,2023-10-28 23:00:00,8474596
2023020181,2023-11-07,Tuesday 07:00 PM,TBL,MTL,2023-11-08 00:00:00,8477035
2023020212,2023-11-11,Saturday 07:00 PM,BOS,MTL,2023-11-12 00:00:00,8478470
2023020224,2023-11-12,Sunday 07:00 PM,VAN,MTL,2023-11-13 00:00:00,8479193
2023020231,2023-11-14,Tuesday 07:00 PM,CGY,MTL,2023-11-15 00:00:00,8474593
2023020244,2023-11-16,Thursday 07:00 PM,VGK,MTL,2023-11-17 00:00:00,8478499
2023020343,2023-11-30,Thursday 07:00 PM,FLA,MTL,2023-12-01 00:00:00,0
2023020361,2023-12-02,Saturday 07:00 PM,DET,MTL,2023-12-03 00:00:00,0
2023020376,2023-12-04,Monday 07:30 PM,SEA,MTL,2023-12-05 00:30:00,0
2023020394,2023-12-07,Thursday 07:00 PM,LAK,MTL,2023-12-08 00:00:00,0
2023020423,2023-12-10,Sunday 07:00 PM,NSH,MTL,2023-12-11 00:00:00,0
2023020442,2023-12-13,Wednesday 07:00 PM,PIT,MTL,2023-12-14 00:00:00,0
2023020464,2023-12-16,Saturday 07:00 PM,NYI,MTL,2023-12-17 00:00:00,0
2023020590,2024-01-04,Thursday 07:00 PM,BUF,MTL,2024-01-05 00:00:00,0
2023020610,2024-01-06,Saturday 07:00 PM,NYR,MTL,2024-01-07 00:00:00,0
2023020642,2024-01-11,Thursday 07:00 PM,SJS,MTL,2024-01-12 00:00:00,0
2023020660,2024-01-13,Saturday 07:00 PM,EDM,MTL,2024-01-14 00:00:00,0
2023020678,2024-01-15,Monday 07:00 PM,COL,MTL,2024-01-16 00:00:00,0
2023020731,2024-01-23,Tuesday 07:00 PM,OTT,MTL,2024-01-24 00:00:00,0
2023020748,2024-01-25,Thursday 07:00 PM,NYI,MTL,2024-01-26 00:00:00,0
2023020806,2024-02-10,Saturday 01:00 PM,DAL,MTL,2024-02-10 18:00:00,0
2023020817,2024-02-11,Sunday 01:00 PM,STL,MTL,2024-02-11 18:00:00,0
2023020825,2024-02-13,Tuesday 07:00 PM,ANA,MTL,2024-02-14 00:00:00,0
2023020857,2024-02-17,Saturday 07:00 PM,WSH,MTL,2024-02-18 00:00:00,0
2023020884,2024-02-21,Wednesday 07:00 PM,BUF,MTL,2024-02-22 00:00:00,0
2023020929,2024-02-27,Tuesday 07:00 PM,ARI,MTL,2024-02-28 00:00:00,0
2023021014,2024-03-09,Saturday 07:00 PM,TOR,MTL,2024-03-10 00:00:00,0
2023021033,2024-03-12,Tuesday 07:00 PM,CBJ,MTL,2024-03-12 23:00:00,0
2023021049,2024-03-14,Thursday 07:00 PM,BOS,MTL,2024-03-14 23:00:00,0
2023021152,2024-03-28,Thursday 07:00 PM,PHI,MTL,2024-03-28 23:00:00,0
2023021172,2024-03-30,Saturday 07:00 PM,CAR,MTL,2024-03-30 23:00:00,0
2023021190,2024-04-02,Tuesday 07:00 PM,FLA,MTL,2024-04-02 23:00:00,0
2023021204,2024-04-04,Thursday 07:00 PM,TBL,MTL,2024-04-04 23:00:00,0
2023021223,2024-04-06,Saturday 07:00 PM,TOR,MTL,2024-04-06 23:00:00,0
2023021242,2024-04-09,Tuesday 07:00 PM,PHI,MTL,2024-04-09 23:00:00,0
2023021298,2024-04-16,Tuesday 07:00 PM,DET,MTL,2024-04-16 23:00:00,0
2023020012,2023-10-12,Thursday 07:30 PM,DET,NJD,2023-10-12 23:30:00,8477970
2023020017,2023-10-13,Friday 07:00 PM,ARI,NJD,2023-10-13 23:00:00,8478872
2023020036,2023-10-16,Monday 07:00 PM,FLA,NJD,2023-10-16 23:00:00,8475683
2023020099,2023-10-25,Wednesday 07:30 PM,WSH,NJD,2023-10-25 23:30:00,8482411
2023020113,2023-10-27,Friday 07:00 PM,BUF,NJD,2023-10-27 23:00:00,8477970
2023020127,2023-10-29,Sunday 05:00 PM,MIN,NJD,2023-10-29 21:00:00,8477970
2023020206,2023-11-10,Friday 07:00 PM,WSH,NJD,2023-11-11 00:00:00,8479292
2023020261,2023-11-18,Saturday 07:00 PM,NYR,NJD,2023-11-19 00:00:00,8478048
2023020296,2023-11-24,Friday 03:00 PM,CBJ,NJD,2023-11-24 20:00:00,8478007
2023020310,2023-11-25,Saturday 07:00 PM,BUF,NJD,2023-11-26 00:00:00,8477970
2023020327,2023-11-28,Tuesday 07:00 PM,NYI,NJD,2023-11-29 00:00:00,0
2023020355,2023-12-01,Friday 07:00 PM,SJS,NJD,2023-12-02 00:00:00,0
2023020443,2023-12-13,Wednesday 07:30 PM,BOS,NJD,2023-12-14 00:30:00,0
2023020476,2023-12-17,Sunday 07:00 PM,ANA,NJD,2023-12-18 00:00:00,0
2023020487,2023-12-19,Tuesday 07:00 PM,PHI,NJD,2023-12-20 00:00:00,0
2023020501,2023-12-21,Thursday 07:30 PM,EDM,NJD,2023-12-22 00:30:00,0
2023020519,2023-12-23,Saturday 07:00 PM,DET,NJD,2023-12-24 00:00:00,0
2023020528,2023-12-27,Wednesday 07:00 PM,CBJ,NJD,2023-12-28 00:00:00,0
2023020602,2024-01-05,Friday 07:00 PM,CHI,NJD,2024-01-06 00:00:00,0
2023020611,2024-01-06,Saturday 07:00 PM,VAN,NJD,2024-01-07 00:00:00,0
2023020690,2024-01-17,Wednesday 07:00 PM,MTL,NJD,2024-01-18 00:00:00,0
2023020711,2024-01-20,Saturday 07:00 PM,DAL,NJD,2024-01-21 00:00:00,0
2023020725,2024-01-22,Monday 07:00 PM,VGK,NJD,2024-01-23 00:00:00,0
2023020787,2024-02-06,Tuesday 07:30 PM,COL,NJD,2024-02-07 00:30:00,0
2023020796,2024-02-08,Thursday 07:00 PM,CGY,NJD,2024-02-09 00:00:00,0
2023020819,2024-02-12,Monday 07:00 PM,SEA,NJD,2024-02-13 00:00:00,0
2023020839,2024-02-15,Thursday 07:00 PM,LAK,NJD,2024-02-16 00:00:00,0
2023020859,2024-02-17,Saturday 08:00 PM,PHI,NJD,2024-02-18 01:00:00,0
2023020891,2024-02-22,Thursday 07:00 PM,NYR,NJD,2024-02-23 00:00:00,0
2023020903,2024-02-24,Saturday 02:00 PM,MTL,NJD,2024-02-24 19:00:00,0
2023020916,2024-02-25,Sunday 01:00 PM,TBL,NJD,2024-02-25 18:00:00,0
2023020982,2024-03-05,Tuesday 07:00 PM,FLA,NJD,2024-03-06 00:00:00,0
2023020997,2024-03-07,Thursday 07:00 PM,STL,NJD,2024-03-08 00:00:00,0
2023021011,2024-03-09,Saturday 12:30 PM,CAR,NJD,2024-03-09 17:30:00,0
2023021084,2024-03-19,Tuesday 07:00 PM,PIT,NJD,2024-03-19 23:00:00,0
2023021102,2024-03-21,Thursday 07:00 PM,WPG,NJD,2024-03-21 23:00:00,0
2023021117,2024-03-23,Saturday 07:00 PM,OTT,NJD,2024-03-23 23:00:00,0
2023021191,2024-04-02,Tuesday 07:00 PM,PIT,NJD,2024-04-02 23:00:00,0
2023021233,2024-04-07,Sunday 07:00 PM,NSH,NJD,2024-04-07 23:00:00,0
2023021243,2024-04-09,Tuesday 07:00 PM,TOR,NJD,2024-04-09 23:00:00,0
2023021288,2024-04-15,Monday 07:00 PM,NYI,NJD,2024-04-15 23:00:00,0
2023020034,2023-10-15,Sunday 08:30 PM,CAR,ANA,2023-10-16 00:30:00,8480843
2023020059,2023-10-19,Thursday 10:00 PM,DAL,ANA,2023-10-20 02:00:00,8479979
2023020081,2023-10-22,Sunday 08:30 PM,BOS,ANA,2023-10-23 00:30:00,8476999
2023020144,2023-11-01,Wednesday 10:00 PM,ARI,ANA,2023-11-02 02:00:00,8480843
2023020175,2023-11-05,Sunday 08:00 PM,VGK,ANA,2023-11-06 01:00:00,8476434
2023020187,2023-11-07,Tuesday 10:00 PM,PIT,ANA,2023-11-08 03:00:00,8477465
2023020208,2023-11-10,Friday 10:00 PM,PHI,ANA,2023-11-11 03:00:00,8481035
2023020226,2023-11-12,Sunday 08:00 PM,SJS,ANA,2023-11-13 01:00:00,8476434
2023020253,2023-11-17,Friday 10:00 PM,FLA,ANA,2023-11-18 03:00:00,8476932
2023020271,2023-11-19,Sunday 08:00 PM,STL,ANA,2023-11-20 01:00:00,8480981
2023020290,2023-11-22,Wednesday 10:00 PM,MTL,ANA,2023-11-23 03:00:00,8478470
2023020299,2023-11-24,Friday 03:30 PM,LAK,ANA,2023-11-24 20:30:00,8475660
2023020352,2023-11-30,Thursday 10:00 PM,WSH,ANA,2023-12-01 03:00:00,0
2023020366,2023-12-02,Saturday 10:00 PM,COL,ANA,2023-12-03 03:00:00,0
2023020425,2023-12-10,Sunday 08:00 PM,WPG,ANA,2023-12-11 01:00:00,0
2023020508,2023-12-21,Thursday 10:00 PM,CGY,ANA,2023-12-22 03:00:00,0
2023020523,2023-12-23,Saturday 08:00 PM,SEA,ANA,2023-12-24 01:00:00,0
2023020540,2023-12-27,Wednesday 10:00 PM,VGK,ANA,2023-12-28 03:00:00,0
2023020553,2023-12-29,Friday 10:00 PM,ARI,ANA,2023-12-30 03:00:00,0
2023020569,2023-12-31,Sunday 08:00 PM,EDM,ANA,2024-01-01 01:00:00,0
2023020588,2024-01-03,Wednesday 09:00 PM,TOR,ANA,2024-01-04 02:00:00,0
2023020604,2024-01-05,Friday 10:00 PM,WPG,ANA,2024-01-06 03:00:00,0
2023020620,2024-01-07,Sunday 08:00 PM,DET,ANA,2024-01-08 01:00:00,0
2023020722,2024-01-21,Sunday 08:30 PM,NYR,ANA,2024-01-22 01:30:00,0
2023020737,2024-01-23,Tuesday 10:00 PM,BUF,ANA,2024-01-24 03:00:00,0
2023020780,2024-01-31,Wednesday 10:00 PM,SJS,ANA,2024-02-01 03:00:00,0
2023020803,2024-02-09,Friday 10:00 PM,EDM,ANA,2024-02-10 03:00:00,0
2023020886,2024-02-21,Wednesday 10:00 PM,CBJ,ANA,2024-02-22 03:00:00,0
2023020922,2024-02-25,Sunday 08:00 PM,NSH,ANA,2024-02-26 01:00:00,0
2023020955,2024-03-01,Friday 10:00 PM,NJD,ANA,2024-03-02 03:00:00,0
2023020973,2024-03-03,Sunday 08:00 PM,VAN,ANA,2024-03-04 01:00:00,0
2023020992,2024-03-06,Wednesday 10:00 PM,OTT,ANA,2024-03-07 03:00:00,0
2023021007,2024-03-08,Friday 10:00 PM,DAL,ANA,2024-03-09 03:00:00,0
2023021026,2024-03-10,Sunday 08:00 PM,NYI,ANA,2024-03-11 00:00:00,0
2023021091,2024-03-19,Tuesday 10:00 PM,MIN,ANA,2024-03-20 02:00:00,0
2023021105,2024-03-21,Thursday 10:00 PM,CHI,ANA,2024-03-22 02:00:00,0
2023021131,2024-03-24,Sunday 08:30 PM,TBL,ANA,2024-03-25 00:30:00,0
2023021215,2024-04-05,Friday 10:00 PM,SEA,ANA,2024-04-06 02:00:00,0
2023021235,2024-04-07,Sunday 08:00 PM,STL,ANA,2024-04-08 00:00:00,0
2023021249,2024-04-09,Tuesday 10:00 PM,LAK,ANA,2024-04-10 02:00:00,0
2023021268,2024-04-12,Friday 10:00 PM,CGY,ANA,2024-04-13 02:00:00,0
2023020011,2023-10-12,Thursday 07:00 PM,PHI,CBJ,2023-10-12 23:00:00,8479394
2023020022,2023-10-14,Saturday 07:00 PM,NYR,CBJ,2023-10-14 23:00:00,8478007
2023020035,2023-10-16,Monday 07:00 PM,DET,CBJ,2023-10-16 23:00:00,8473503
2023020063,2023-10-20,Friday 07:00 PM,CGY,CBJ,2023-10-20 23:00:00,8477484
2023020084,2023-10-24,Tuesday 08:30 PM,ANA,CBJ,2023-10-25 00:30:00,8480843
2023020120,2023-10-28,Saturday 07:00 PM,NYI,CBJ,2023-10-28 23:00:00,8473575
2023020146,2023-11-02,Thursday 07:00 PM,TBL,CBJ,2023-11-02 23:00:00,8478007
2023020194,2023-11-09,Thursday 07:30 PM,DAL,CBJ,2023-11-10 00:30:00,8479979
2023020230,2023-11-14,Tuesday 07:00 PM,PIT,CBJ,2023-11-15 00:00:00,8477465
2023020243,2023-11-16,Thursday 07:00 PM,ARI,CBJ,2023-11-17 00:00:00,8478971
2023020280,2023-11-22,Wednesday 07:00 PM,CHI,CBJ,2023-11-23 00:00:00,8478007
2023020321,2023-11-27,Monday 07:00 PM,BOS,CBJ,2023-11-28 00:00:00,8477484
2023020337,2023-11-29,Wednesday 07:00 PM,MTL,CBJ,2023-11-30 00:00:00,0
2023020354,2023-12-01,Friday 07:00 PM,OTT,CBJ,2023-12-02 00:00:00,0
2023020381,2023-12-05,Tuesday 07:00 PM,LAK,CBJ,2023-12-06 00:00:00,0
2023020405,2023-12-08,Friday 07:00 PM,STL,CBJ,2023-12-09 00:00:00,0
2023020420,2023-12-10,Sunday 01:00 PM,FLA,CBJ,2023-12-10 18:00:00,0
2023020463,2023-12-16,Saturday 07:00 PM,NJD,CBJ,2023-12-17 00:00:00,0
2023020499,2023-12-21,Thursday 07:00 PM,WSH,CBJ,2023-12-22 00:00:00,0
2023020517,2023-12-23,Saturday 07:00 PM,TOR,CBJ,2023-12-24 00:00:00,0
2023020546,2023-12-29,Friday 07:00 PM,TOR,CBJ,2023-12-30 00:00:00,0
2023020574,2024-01-02,Tuesday 07:00 PM,BOS,CBJ,2024-01-03 00:00:00,0
2023020609,2024-01-06,Saturday 07:00 PM,MIN,CBJ,2024-01-07 00:00:00,0
2023020658,2024-01-13,Saturday 07:00 PM,SEA,CBJ,2024-01-14 00:00:00,0
2023020673,2024-01-15,Monday 01:00 PM,VAN,CBJ,2024-01-15 18:00:00,0
2023020703,2024-01-19,Friday 07:00 PM,NJD,CBJ,2024-01-20 00:00:00,0
2023020811,2024-02-10,Saturday 07:00 PM,TBL,CBJ,2024-02-11 00:00:00,0
2023020900,2024-02-23,Friday 07:00 PM,BUF,CBJ,2024-02-24 00:00:00,0
2023020919,2024-02-25,Sunday 06:00 PM,NYR,CBJ,2024-02-25 23:00:00,0
2023020942,2024-02-29,Thursday 07:00 PM,CAR,CBJ,2024-03-01 00:00:00,0
2023020975,2024-03-04,Monday 07:00 PM,VGK,CBJ,2024-03-05 00:00:00,0
2023020995,2024-03-07,Thursday 07:00 PM,EDM,CBJ,2024-03-08 00:00:00,0
2023021010,2024-03-09,Saturday 12:30 PM,NSH,CBJ,2024-03-09 17:30:00,0
2023021047,2024-03-14,Thursday 07:00 PM,OTT,CBJ,2024-03-14 23:00:00,0
2023021065,2024-03-16,Saturday 07:00 PM,SJS,CBJ,2024-03-16 23:00:00,0
2023021075,2024-03-17,Sunday 06:00 PM,WPG,CBJ,2024-03-17 22:00:00,0
2023021171,2024-03-30,Saturday 07:00 PM,PIT,CBJ,2024-03-30 23:00:00,0
2023021181,2024-04-01,Monday 07:00 PM,COL,CBJ,2024-04-01 23:00:00,0
2023021203,2024-04-04,Thursday 07:00 PM,NYI,CBJ,2024-04-04 23:00:00,0
2023021222,2024-04-06,Saturday 07:00 PM,PHI,CBJ,2024-04-06 23:00:00,0
2023021296,2024-04-16,Tuesday 07:00 PM,CAR,CBJ,2024-04-16 23:00:00,0
2023020019,2023-10-14,Saturday 01:00 PM,PHI,OTT,2023-10-14 17:00:00,8476341
2023020033,2023-10-15,Sunday 07:00 PM,TBL,OTT,2023-10-15 23:00:00,8476914
2023020049,2023-10-18,Wednesday 07:00 PM,WSH,OTT,2023-10-18 23:00:00,8476341
2023020065,2023-10-21,Saturday 01:00 PM,DET,OTT,2023-10-21 17:00:00,8478024
2023020085,2023-10-24,Tuesday 06:45 PM,BUF,OTT,2023-10-24 22:45:00,8480045
2023020149,2023-11-02,Thursday 07:00 PM,LAK,OTT,2023-11-02 23:00:00,8475660
2023020162,2023-11-04,Saturday 07:00 PM,TBL,OTT,2023-11-04 23:00:00,8477992
2023020197,2023-11-09,Thursday 07:00 PM,VAN,OTT,2023-11-10 00:00:00,8479193
2023020213,2023-11-11,Saturday 07:00 PM,CGY,OTT,2023-11-12 00:00:00,8476914
2023020242,2023-11-16,Thursday 02:00 PM,DET,OTT,2023-11-16 19:00:00,8476914
2023020254,2023-11-18,Saturday 11:00 AM,MIN,OTT,2023-11-18 16:00:00,8476341
2023020302,2023-11-24,Friday 07:30 PM,NYI,OTT,2023-11-25 00:30:00,8473575
2023020323,2023-11-27,Monday 07:00 PM,FLA,OTT,2023-11-28 00:00:00,8475683
2023020362,2023-12-02,Saturday 07:00 PM,SEA,OTT,2023-12-03 00:00:00,0
2023020382,2023-12-05,Tuesday 07:00 PM,NYR,OTT,2023-12-06 00:00:00,0
2023020395,2023-12-07,Thursday 07:00 PM,TOR,OTT,2023-12-08 00:00:00,0
2023020433,2023-12-12,Tuesday 07:00 PM,CAR,OTT,2023-12-13 00:00:00,0
2023020520,2023-12-23,Saturday 07:00 PM,PIT,OTT,2023-12-24 00:00:00,0
2023020549,2023-12-29,Friday 07:00 PM,NJD,OTT,2023-12-30 00:00:00,0
2023020566,2023-12-31,Sunday 06:00 PM,BUF,OTT,2023-12-31 23:00:00,0
2023020655,2024-01-13,Saturday 04:00 PM,SJS,OTT,2024-01-13 21:00:00,0
2023020682,2024-01-16,Tuesday 07:00 PM,COL,OTT,2024-01-17 00:00:00,0
2023020693,2024-01-18,Thursday 07:00 PM,MTL,OTT,2024-01-19 00:00:00,0
2023020709,2024-01-20,Saturday 03:00 PM,WPG,OTT,2024-01-20 20:00:00,0
2023020749,2024-01-25,Thursday 07:00 PM,BOS,OTT,2024-01-26 00:00:00,0
2023020765,2024-01-27,Saturday 07:00 PM,NYR,OTT,2024-01-28 00:00:00,0
2023020775,2024-01-29,Monday 07:00 PM,NSH,OTT,2024-01-30 00:00:00,0
2023020812,2024-02-10,Saturday 07:00 PM,TOR,OTT,2024-02-11 00:00:00,0
2023020826,2024-02-13,Tuesday 07:00 PM,CBJ,OTT,2024-02-14 00:00:00,0
2023020841,2024-02-15,Thursday 07:00 PM,ANA,OTT,2024-02-16 00:00:00,0
2023020892,2024-02-22,Thursday 07:00 PM,DAL,OTT,2024-02-23 00:00:00,0
2023020910,2024-02-24,Saturday 07:00 PM,VGK,OTT,2024-02-25 00:00:00,0
2023020953,2024-03-01,Friday 07:00 PM,ARI,OTT,2024-03-02 00:00:00,0
2023021034,2024-03-12,Tuesday 07:00 PM,PIT,OTT,2024-03-12 23:00:00,0
2023021077,2024-03-17,Sunday 06:00 PM,CAR,OTT,2024-03-17 22:00:00,0
2023021103,2024-03-21,Thursday 07:00 PM,STL,OTT,2024-03-21 23:00:00,0
2023021128,2024-03-24,Sunday 06:00 PM,EDM,OTT,2024-03-24 22:00:00,0
2023021153,2024-03-28,Thursday 07:00 PM,CHI,OTT,2024-03-28 23:00:00,0
2023021205,2024-04-04,Thursday 07:00 PM,FLA,OTT,2024-04-04 23:00:00,0
2023021224,2024-04-06,Saturday 07:00 PM,NJD,OTT,2024-04-06 23:00:00,0
2023021276,2024-04-13,Saturday 07:00 PM,MTL,OTT,2024-04-13 23:00:00,0
2023020029,2023-10-14,Saturday 10:00 PM,VAN,EDM,2023-10-15 02:00:00,8479193
2023020077,2023-10-21,Saturday 10:00 PM,WPG,EDM,2023-10-22 02:00:00,8476945
2023020110,2023-10-26,Thursday 09:00 PM,NYR,EDM,2023-10-27 01:00:00,8471734
2023020129,2023-10-29,Sunday 07:00 PM,CGY,EDM,2023-10-29 23:00:00,8479973
2023020152,2023-11-02,Thursday 09:00 PM,DAL,EDM,2023-11-03 01:00:00,8475809
2023020159,2023-11-04,Saturday 03:00 PM,NSH,EDM,2023-11-04 19:00:00,8480947
2023020227,2023-11-13,Monday 08:30 PM,NYI,EDM,2023-11-14 01:30:00,8479973
2023020239,2023-11-15,Wednesday 08:30 PM,SEA,EDM,2023-11-16 01:30:00,8479973
2023020320,2023-11-26,Sunday 09:00 PM,ANA,EDM,2023-11-27 02:00:00,8479973
2023020335,2023-11-28,Tuesday 09:00 PM,VGK,EDM,2023-11-29 02:00:00,0
2023020391,2023-12-06,Wednesday 09:30 PM,CAR,EDM,2023-12-07 02:30:00,0
2023020407,2023-12-08,Friday 09:00 PM,MIN,EDM,2023-12-09 02:00:00,0
2023020421,2023-12-10,Sunday 04:00 PM,NJD,EDM,2023-12-10 21:00:00,0
2023020437,2023-12-12,Tuesday 10:00 PM,CHI,EDM,2023-12-13 03:00:00,0
2023020452,2023-12-14,Thursday 09:00 PM,TBL,EDM,2023-12-15 02:00:00,0
2023020472,2023-12-16,Saturday 10:00 PM,FLA,EDM,2023-12-17 03:00:00,0
2023020583,2024-01-02,Tuesday 09:00 PM,PHI,EDM,2024-01-03 02:00:00,0
2023020615,2024-01-06,Saturday 10:00 PM,OTT,EDM,2024-01-07 03:00:00,0
2023020688,2024-01-16,Tuesday 09:00 PM,TOR,EDM,2024-01-17 02:00:00,0
2023020698,2024-01-18,Thursday 09:00 PM,SEA,EDM,2024-01-19 02:00:00,0
2023020736,2024-01-23,Tuesday 09:00 PM,CBJ,EDM,2024-01-24 02:00:00,0
2023020754,2024-01-25,Thursday 09:00 PM,CHI,EDM,2024-01-26 02:00:00,0
2023020761,2024-01-27,Saturday 04:00 PM,NSH,EDM,2024-01-27 21:00:00,0
2023020833,2024-02-13,Tuesday 09:00 PM,DET,EDM,2024-02-14 02:00:00,0
2023020888,2024-02-21,Wednesday 10:00 PM,BOS,EDM,2024-02-22 03:00:00,0
2023020902,2024-02-23,Friday 09:00 PM,MIN,EDM,2024-02-24 02:00:00,0
2023020912,2024-02-24,Saturday 10:00 PM,CGY,EDM,2024-02-25 03:00:00,0
2023020925,2024-02-26,Monday 09:30 PM,LAK,EDM,2024-02-27 02:30:00,0
2023020940,2024-02-28,Wednesday 08:30 PM,STL,EDM,2024-02-29 01:30:00,0
2023020974,2024-03-03,Sunday 09:00 PM,PIT,EDM,2024-03-04 02:00:00,0
2023021043,2024-03-13,Wednesday 10:00 PM,WSH,EDM,2024-03-14 02:00:00,0
2023021070,2024-03-16,Saturday 10:00 PM,COL,EDM,2024-03-17 02:00:00,0
2023021090,2024-03-19,Tuesday 09:00 PM,MTL,EDM,2024-03-20 01:00:00,0
2023021104,2024-03-21,Thursday 09:00 PM,BUF,EDM,2024-03-22 01:00:00,0
2023021160,2024-03-28,Thursday 09:00 PM,LAK,EDM,2024-03-29 01:00:00,0
2023021167,2024-03-30,Saturday 04:00 PM,ANA,EDM,2024-03-30 20:00:00,0
2023021214,2024-04-05,Friday 09:00 PM,COL,EDM,2024-04-06 01:00:00,0
2023021253,2024-04-10,Wednesday 08:30 PM,VGK,EDM,2024-04-11 00:30:00,0
2023021267,2024-04-12,Friday 09:00 PM,ARI,EDM,2024-04-13 01:00:00,0
2023021280,2024-04-13,Saturday 10:00 PM,VAN,EDM,2024-04-14 02:00:00,0
2023021293,2024-04-15,Monday 09:30 PM,SJS,EDM,2024-04-16 01:30:00,0
2023020014,2023-10-12,Thursday 08:00 PM,FLA,MIN,2023-10-13 00:00:00,8479406
2023020056,2023-10-19,Thursday 08:00 PM,LAK,MIN,2023-10-20 00:00:00,8475660
2023020073,2023-10-21,Saturday 08:00 PM,CBJ,MIN,2023-10-22 00:00:00,8478007
2023020094,2023-10-24,Tuesday 09:00 PM,EDM,MIN,2023-10-25 01:00:00,8479406
2023020151,2023-11-02,Thursday 08:00 PM,NJD,MIN,2023-11-03 00:00:00,8477970
2023020169,2023-11-04,Saturday 08:00 PM,NYR,MIN,2023-11-05 00:00:00,8470594
2023020223,2023-11-12,Sunday 06:00 PM,DAL,MIN,2023-11-12 23:00:00,8479979
2023020267,2023-11-19,Sunday 08:00 AM,TOR,MIN,2023-11-19 13:00:00,8479361
2023020306,2023-11-24,Friday 08:30 PM,COL,MIN,2023-11-25 01:30:00,8480382
2023020330,2023-11-28,Tuesday 08:00 PM,STL,MIN,2023-11-29 01:00:00,0
2023020369,2023-12-03,Sunday 02:00 PM,CHI,MIN,2023-12-03 19:00:00,0
2023020450,2023-12-14,Thursday 08:00 PM,CGY,MIN,2023-12-15 01:00:00,0
2023020461,2023-12-16,Saturday 02:00 PM,VAN,MIN,2023-12-16 19:00:00,0
2023020506,2023-12-21,Thursday 08:00 PM,MTL,MIN,2023-12-22 01:00:00,0
2023020518,2023-12-23,Saturday 07:00 PM,BOS,MIN,2023-12-24 00:00:00,0
2023020534,2023-12-27,Wednesday 08:00 PM,DET,MIN,2023-12-28 01:00:00,0
2023020564,2023-12-31,Sunday 02:00 PM,WPG,MIN,2023-12-31 19:00:00,0
2023020578,2024-01-02,Tuesday 08:00 PM,CGY,MIN,2024-01-03 01:00:00,0
2023020594,2024-01-04,Thursday 08:00 PM,TBL,MIN,2024-01-05 01:00:00,0
2023020623,2024-01-08,Monday 08:00 PM,DAL,MIN,2024-01-09 01:00:00,0
2023020652,2024-01-12,Friday 08:00 PM,PHI,MIN,2024-01-13 01:00:00,0
2023020665,2024-01-13,Saturday 08:00 PM,ARI,MIN,2024-01-14 01:00:00,0
2023020676,2024-01-15,Monday 06:00 PM,NYI,MIN,2024-01-15 23:00:00,0
2023020734,2024-01-23,Tuesday 08:00 PM,WSH,MIN,2024-01-24 01:00:00,0
2023020752,2024-01-25,Thursday 08:00 PM,NSH,MIN,2024-01-26 01:00:00,0
2023020770,2024-01-27,Saturday 09:00 PM,ANA,MIN,2024-01-28 02:00:00,0
2023020801,2024-02-09,Friday 08:00 PM,PIT,MIN,2024-02-10 01:00:00,0
2023020854,2024-02-17,Saturday 05:00 PM,BUF,MIN,2024-02-17 22:00:00,0
2023020869,2024-02-19,Monday 02:00 PM,VAN,MIN,2024-02-19 19:00:00,0
2023020932,2024-02-27,Tuesday 08:00 PM,CAR,MIN,2024-02-28 01:00:00,0
2023020972,2024-03-03,Sunday 07:00 PM,SJS,MIN,2024-03-04 00:00:00,0
2023021023,2024-03-10,Sunday 03:30 PM,NSH,MIN,2024-03-10 19:30:00,0
2023021037,2024-03-12,Tuesday 08:00 PM,ARI,MIN,2024-03-13 00:00:00,0
2023021054,2024-03-14,Thursday 08:00 PM,ANA,MIN,2024-03-15 00:00:00,0
2023021115,2024-03-23,Saturday 02:00 PM,STL,MIN,2024-03-23 18:00:00,0
2023021156,2024-03-28,Thursday 08:00 PM,SJS,MIN,2024-03-29 00:00:00,0
2023021166,2024-03-30,Saturday 02:30 PM,VGK,MIN,2024-03-30 18:30:00,0
2023021193,2024-04-02,Tuesday 08:00 PM,OTT,MIN,2024-04-03 00:00:00,0
2023021207,2024-04-04,Thursday 08:00 PM,COL,MIN,2024-04-05 00:00:00,0
2023021219,2024-04-06,Saturday 04:00 PM,WPG,MIN,2024-04-06 20:00:00,0
2023021307,2024-04-18,Thursday 07:00 PM,SEA,MIN,2024-04-18 23:00:00,0
2023020071,2023-10-21,Saturday 08:00 PM,VGK,CHI,2023-10-22 00:00:00,8478499
2023020092,2023-10-24,Tuesday 08:30 PM,BOS,CHI,2023-10-25 00:30:00,8480280
2023020168,2023-11-04,Saturday 08:00 PM,FLA,CHI,2023-11-05 00:00:00,8475852
2023020174,2023-11-05,Sunday 07:00 PM,NJD,CHI,2023-11-06 00:00:00,8477970
2023020246,2023-11-16,Thursday 08:00 PM,TBL,CHI,2023-11-17 01:00:00,8477992
2023020270,2023-11-19,Sunday 07:00 PM,BUF,CHI,2023-11-20 00:00:00,8480045
2023020295,2023-11-24,Friday 02:00 PM,TOR,CHI,2023-11-24 19:00:00,8482821
2023020317,2023-11-26,Sunday 02:00 PM,STL,CHI,2023-11-26 19:00:00,8476412
2023020333,2023-11-28,Tuesday 08:30 PM,SEA,CHI,2023-11-29 01:30:00,0
2023020384,2023-12-05,Tuesday 08:30 PM,NSH,CHI,2023-12-06 01:30:00,0
2023020399,2023-12-07,Thursday 08:30 PM,ANA,CHI,2023-12-08 01:30:00,0
2023020416,2023-12-09,Saturday 08:00 PM,STL,CHI,2023-12-10 01:00:00,0
2023020422,2023-12-10,Sunday 07:00 PM,WSH,CHI,2023-12-11 00:00:00,0
2023020474,2023-12-17,Sunday 03:00 PM,VAN,CHI,2023-12-17 20:00:00,0
2023020492,2023-12-19,Tuesday 08:30 PM,COL,CHI,2023-12-20 01:30:00,0
2023020513,2023-12-22,Friday 08:30 PM,MTL,CHI,2023-12-23 01:30:00,0
2023020538,2023-12-27,Wednesday 09:00 PM,WPG,CHI,2023-12-28 02:00:00,0
2023020617,2024-01-07,Sunday 03:00 PM,CGY,CHI,2024-01-07 20:00:00,0
2023020632,2024-01-09,Tuesday 08:30 PM,EDM,CHI,2024-01-10 01:30:00,0
2023020664,2024-01-13,Saturday 08:00 PM,DAL,CHI,2024-01-14 01:00:00,0
2023020686,2024-01-16,Tuesday 08:30 PM,SJS,CHI,2024-01-17 01:30:00,0
2023020705,2024-01-19,Friday 08:30 PM,NYI,CHI,2024-01-20 01:30:00,0
2023020793,2024-02-07,Wednesday 09:30 PM,MIN,CHI,2024-02-08 02:30:00,0
2023020802,2024-02-09,Friday 08:30 PM,NYR,CHI,2024-02-10 01:30:00,0
2023020832,2024-02-13,Tuesday 08:30 PM,VAN,CHI,2024-02-14 01:30:00,0
2023020845,2024-02-15,Thursday 08:30 PM,PIT,CHI,2024-02-16 01:30:00,0
2023020851,2024-02-17,Saturday 03:00 PM,OTT,CHI,2024-02-17 20:00:00,0
2023020885,2024-02-21,Wednesday 07:30 PM,PHI,CHI,2024-02-22 00:30:00,0
2023020901,2024-02-23,Friday 08:30 PM,WPG,CHI,2024-02-24 01:30:00,0
2023020920,2024-02-25,Sunday 06:00 PM,DET,CHI,2024-02-25 23:00:00,0
2023020949,2024-02-29,Thursday 09:00 PM,COL,CHI,2024-03-01 02:00:00,0
2023020965,2024-03-02,Saturday 08:00 PM,CBJ,CHI,2024-03-03 01:00:00,0
2023021025,2024-03-10,Sunday 06:00 PM,ARI,CHI,2024-03-10 22:00:00,0
2023021038,2024-03-12,Tuesday 08:30 PM,ANA,CHI,2024-03-13 00:30:00,0
2023021058,2024-03-15,Friday 08:30 PM,LAK,CHI,2024-03-16 00:30:00,0
2023021076,2024-03-17,Sunday 06:00 PM,SJS,CHI,2024-03-17 22:00:00,0
2023021143,2024-03-26,Tuesday 08:30 PM,CGY,CHI,2024-03-27 00:30:00,0
2023021220,2024-04-06,Saturday 04:30 PM,DAL,CHI,2024-04-06 20:30:00,0
2023021229,2024-04-07,Sunday 03:30 PM,MIN,CHI,2024-04-07 19:30:00,0
2023021266,2024-04-12,Friday 08:30 PM,NSH,CHI,2024-04-13 00:30:00,0
2023021285,2024-04-14,Sunday 06:00 PM,CAR,CHI,2024-04-14 22:00:00,0
2023020016,2023-10-12,Thursday 10:30 PM,VGK,SJS,2023-10-13 02:30:00,8480313
2023020030,2023-10-14,Saturday 10:00 PM,COL,SJS,2023-10-15 02:00:00,8480382
2023020047,2023-10-17,Tuesday 10:30 PM,CAR,SJS,2023-10-18 02:30:00,8477293
2023020062,2023-10-19,Thursday 10:30 PM,BOS,SJS,2023-10-20 02:30:00,8476999
2023020156,2023-11-02,Thursday 10:30 PM,VAN,SJS,2023-11-03 02:30:00,8477967
2023020171,2023-11-04,Saturday 10:00 PM,PIT,SJS,2023-11-05 02:00:00,8477465
2023020189,2023-11-07,Tuesday 10:30 PM,PHI,SJS,2023-11-08 03:30:00,8478406
2023020203,2023-11-09,Thursday 10:30 PM,EDM,SJS,2023-11-10 03:30:00,8478406
2023020237,2023-11-14,Tuesday 10:30 PM,FLA,SJS,2023-11-15 03:30:00,8476932
2023020250,2023-11-16,Thursday 10:30 PM,STL,SJS,2023-11-17 03:30:00,8478039
2023020300,2023-11-24,Friday 03:30 PM,MTL,SJS,2023-11-24 20:30:00,8480051
2023020314,2023-11-25,Saturday 10:00 PM,VAN,SJS,2023-11-26 03:00:00,8478039
2023020326,2023-11-27,Monday 10:30 PM,WSH,SJS,2023-11-28 03:30:00,8478406
2023020441,2023-12-12,Tuesday 10:30 PM,WPG,SJS,2023-12-13 03:30:00,0
2023020494,2023-12-19,Tuesday 10:30 PM,LAK,SJS,2023-12-20 03:30:00,0
2023020509,2023-12-21,Thursday 10:30 PM,ARI,SJS,2023-12-22 03:30:00,0
2023020545,2023-12-28,Thursday 10:30 PM,EDM,SJS,2023-12-29 03:30:00,0
2023020586,2024-01-02,Tuesday 10:30 PM,DET,SJS,2024-01-03 03:30:00,0
2023020601,2024-01-04,Thursday 10:30 PM,WPG,SJS,2024-01-05 03:30:00,0
2023020613,2024-01-06,Saturday 07:00 PM,TOR,SJS,2024-01-07 00:00:00,0
2023020715,2024-01-20,Saturday 10:00 PM,ANA,SJS,2024-01-21 03:00:00,0
2023020738,2024-01-23,Tuesday 10:30 PM,NYR,SJS,2024-01-24 03:30:00,0
2023020762,2024-01-27,Saturday 04:00 PM,BUF,SJS,2024-01-27 21:00:00,0
2023020777,2024-01-30,Tuesday 10:30 PM,SEA,SJS,2024-01-31 03:30:00,0
2023020861,2024-02-17,Saturday 10:30 PM,CBJ,SJS,2024-02-18 03:30:00,0
2023020873,2024-02-19,Monday 04:00 PM,VGK,SJS,2024-02-19 21:00:00,0
2023020914,2024-02-24,Saturday 10:00 PM,NSH,SJS,2024-02-25 03:00:00,0
2023020938,2024-02-27,Tuesday 10:30 PM,NJD,SJS,2024-02-28 03:30:00,0
2023020952,2024-02-29,Thursday 10:30 PM,ANA,SJS,2024-03-01 03:30:00,0
2023020989,2024-03-05,Tuesday 10:30 PM,DAL,SJS,2024-03-06 03:30:00,0
2023021004,2024-03-07,Thursday 10:30 PM,NYI,SJS,2024-03-08 03:30:00,0
2023021015,2024-03-09,Saturday 07:00 PM,OTT,SJS,2024-03-10 00:00:00,0
2023021108,2024-03-21,Thursday 10:30 PM,TBL,SJS,2024-03-22 02:30:00,0
2023021122,2024-03-23,Saturday 10:30 PM,CHI,SJS,2024-03-24 02:30:00,0
2023021147,2024-03-26,Tuesday 10:30 PM,DAL,SJS,2024-03-27 02:30:00,0
2023021188,2024-04-01,Monday 10:30 PM,SEA,SJS,2024-04-02 02:30:00,0
2023021210,2024-04-04,Thursday 10:30 PM,LAK,SJS,2024-04-05 02:30:00,0
2023021221,2024-04-06,Saturday 06:00 PM,STL,SJS,2024-04-06 22:00:00,0
2023021231,2024-04-07,Sunday 06:00 PM,ARI,SJS,2024-04-07 22:00:00,0
2023021251,2024-04-09,Tuesday 10:30 PM,CGY,SJS,2024-04-10 02:30:00,0
2023021282,2024-04-13,Saturday 10:30 PM,MIN,SJS,2024-04-14 02:30:00,0
