playerId,name,team,position,toi,gamesPlayed,fantasyPoints,FPP60,FPPG,fullName,birthDate,shootsCatches,height,weight,roster_percent,default_pos,espnId
8475660,C. Talbot,LAK,G,25172,7,44.0,6.29,6.29,Cam Talbot,1987-07-05,L,76,200,80.38071214876517,G,5734
8476453,N. Kucherov,TBL,R,11978,9,38.4,11.54,4.27,Nikita Kucherov,1993-06-17,L,71,182,99.87699876998771,RW,2563060
8480069,C. Makar,COL,D,14689,10,37.1,9.09,3.71,Cale Makar,1998-10-30,R,71,187,99.90773826958,D,4233563
8476887,F. Forsberg,NSH,L,11439,10,35.5,11.17,3.55,Filip Forsberg,1994-08-13,R,73,205,89.14565211024221,LW,2968772
8478499,A. Hill,VGK,G,21614,6,34.800000000000004,5.8,5.8,Adin Hill,1996-05-11,L,76,215,92.99406027718706,G,3939714
8476468,J. Miller,VAN,C,11803,10,33.5,10.22,3.35,J.T. Miller,1993-03-14,L,73,218,99.73347391851917,C,2590852
8477956,D. Pastrnak,BOS,R,11590,10,33.4,10.37,3.34,David Pastrnak,1996-05-25,R,72,196,99.91067767820535,RW,3114778
8478398,K. Connor,WPG,L,11723,10,33.0,10.13,3.3,Kyle Connor,1996-12-09,L,73,183,99.27071434847554,LW,3899952
8477501,V. Nichushkin,COL,R,13240,10,32.9,8.95,3.29,Valeri Nichushkin,1995-03-04,L,76,210,72.31643382245264,RW,3042003
8477492,N. MacKinnon,COL,C,13517,10,32.7,8.71,3.27,Nathan MacKinnon,1995-09-01,R,72,200,99.90041882669946,C,3041969
8479318,A. Matthews,TOR,C,12269,10,32.1,9.42,3.21,Auston Matthews,1997-09-17,L,75,215,99.91360627891993,C,4024123
8477465,T. Jarry,PIT,G,23822,7,31.8,4.81,4.54,Tristan Jarry,1995-04-29,L,74,194,83.4584702017832,G,3042020
8476945,C. Hellebuyck,WPG,G,28737,8,31.000000000000004,3.88,3.88,Connor Hellebuyck,1993-05-19,L,76,207,99.21683654762778,G,3020225
8478010,B. Point,TBL,C,12341,10,30.400000000000002,8.87,3.04,Brayden Point,1996-03-13,R,70,178,99.6588180167516,C,3151187
8477939,W. Nylander,TOR,R,12242,10,29.8,8.76,2.98,William Nylander,1996-05-01,R,72,202,99.83746266034089,RW,3114736
8477933,S. Reinhart,FLA,C,12093,10,28.5,8.48,2.85,Sam Reinhart,1995-11-06,R,74,193,98.63527206700638,RW,3114722
8479292,C. Lindgren,WSH,G,17888,5,28.200000000000003,5.68,5.64,Charlie Lindgren,1993-12-18,R,74,179,14.677890044140723,G,3095975
8478550,A. Panarin,NYR,L,11986,10,27.8,8.35,2.78,Artemi Panarin,1991-10-30,R,72,175,98.09787383588122,LW,3891952
8476885,J. Trouba,NYR,D,14597,10,27.5,6.78,2.75,Jacob Trouba,1994-02-26,R,75,209,97.37589691023575,D,2976839
8475745,C. Coyle,BOS,C,10453,10,27.4,9.44,2.74,Charlie Coyle,1992-03-02,R,75,218,32.829614010425814,C,2555315
8474564,S. Stamkos,TBL,C,10633,10,27.4,9.28,2.74,Steven Stamkos,1990-02-07,R,73,193,99.39231535172495,C,5037
8475184,C. Kreider,NYR,L,11217,10,27.3,8.76,2.73,Chris Kreider,1991-04-30,L,75,233,88.47888478884789,LW,5833
8471675,S. Crosby,PIT,C,11556,10,27.099999999999998,8.44,2.71,Sidney Crosby,1987-08-07,L,71,200,99.8067123528378,C,3114
8475786,Z. Hyman,EDM,L,12090,10,26.6,7.92,2.66,Zach Hyman,1992-06-09,R,73,206,91.70986732273086,RW,5509
8474565,A. Pietrangelo,VGK,D,13938,10,26.6,6.87,2.66,Alex Pietrangelo,1990-01-18,R,75,215,97.30683615488255,D,4013
8480800,Q. Hughes,VAN,D,15479,10,26.3,6.12,2.63,Quinn Hughes,1999-10-14,L,70,180,99.01294593169703,D,4320548
8476389,V. Trocheck,NYR,C,12537,10,26.1,7.49,2.61,Vincent Trocheck,1993-07-11,R,71,187,82.15896444678734,C,2563036
8478402,C. McDavid,EDM,C,13141,10,26.099999999999998,7.15,2.61,Connor McDavid,1997-01-13,L,73,194,99.87698796239346,C,3895074
8478403,J. Eichel,VGK,C,12413,10,25.8,7.48,2.58,Jack Eichel,1996-10-28,R,74,203,99.7290806314618,C,3648002
8480009,E. Tolvanen,SEA,R,9960,10,25.8,9.33,2.58,Eeli Tolvanen,1999-04-22,L,70,191,77.20616231731248,LW,4233720
8478420,M. Rantanen,COL,R,13622,10,25.7,6.79,2.57,Mikko Rantanen,1996-10-29,L,76,215,99.88870339454647,RW,3899938
8480839,R. Dahlin,BUF,D,15504,10,25.7,5.97,2.57,Rasmus Dahlin,2000-04-13,L,75,202,99.88285254063553,D,4294163
8480803,E. Bouchard,EDM,D,13410,10,25.5,6.85,2.55,Evan Bouchard,1999-10-20,R,75,192,95.40009372620233,D,4352722
8476875,M. Matheson,MTL,D,15452,10,25.5,5.94,2.55,Mike Matheson,1994-02-27,L,74,196,88.8534192414702,D,2976851
8478483,M. Marner,TOR,R,12408,10,25.5,7.4,2.55,Mitchell Marner,1997-05-05,R,72,180,99.68371112282551,RW,3899937
8471685,A. Kopitar,LAK,C,10937,10,25.4,8.36,2.54,Anze Kopitar,1987-08-24,L,75,225,89.12807896201271,C,3183
8477934,L. Draisaitl,EDM,C,12448,10,25.2,7.29,2.52,Leon Draisaitl,1995-10-27,L,74,209,99.9136024835625,C,3114727
8477960,A. Kempe,LAK,R,11012,10,25.1,8.21,2.51,Adrian Kempe,1996-09-13,L,74,200,96.4941569282137,RW,3114802
8476853,M. Rielly,TOR,D,15286,10,25.1,5.91,2.51,Morgan Rielly,1994-03-09,L,73,225,88.34236344999267,D,2976833
8478493,J. Eriksson Ek,MIN,C,12740,10,25.0,7.06,2.5,Joel Eriksson Ek,1997-01-29,L,75,207,97.09017953899775,C,3904091
8476460,M. Scheifele,WPG,C,11785,10,25.0,7.64,2.5,Mark Scheifele,1993-03-15,R,75,207,89.79146530767653,C,2562632
8476467,J. Oleksiak,SEA,D,12435,10,25.0,7.24,2.5,Jamie Oleksiak,1992-12-21,L,79,257,22.13256399742253,D,2562625
8480801,B. Tkachuk,OTT,L,12316,10,24.900000000000002,7.28,2.49,Brady Tkachuk,1999-09-16,L,76,225,99.64856791425058,LW,4319858
8475753,J. Faulk,STL,D,13137,10,24.9,6.82,2.49,Justin Faulk,1992-03-20,R,72,214,86.79339230273563,D,5746
8474600,R. Josi,NSH,D,15162,10,24.5,5.82,2.45,Roman Josi,1990-06-01,L,73,201,99.80522523577999,D,5436
8482116,T. Stützle,OTT,C,13683,10,24.5,6.45,2.45,Tim Stützle,2002-01-15,L,72,197,99.03209746383178,C,4697384
8475158,R. O'Reilly,NSH,C,12120,10,24.5,7.28,2.45,Ryan O'Reilly,1991-02-07,L,73,207,73.71866213683224,C,5208
8479675,T. Moore,LAK,L,9860,10,24.4,8.91,2.44,Trevor Moore,1995-03-31,L,71,195,37.22285680813051,LW,3096186
8484144,C. Bedard,CHI,C,11723,10,24.4,7.49,2.44,Connor Bedard,2005-07-17,R,70,185,99.41422839234983,C,5149125
8475170,B. Schenn,STL,C,10566,10,24.4,8.31,2.44,Brayden Schenn,1991-08-22,L,73,199,15.745540813636763,C,5219
8480434,S. Durzi,ARI,D,14789,10,24.3,5.92,2.43,Sean Durzi,1998-10-21,R,72,195,79.65848515025482,D,4378683
8480208,D. Batherson,OTT,R,10795,10,24.2,8.07,2.42,Drake Batherson,1998-04-27,R,75,203,54.318221753646114,RW,4271734
8480023,R. Thomas,STL,C,11479,10,24.2,7.59,2.42,Robert Thomas,1999-07-02,R,72,218,75.04173622704508,C,4233637
8475169,E. Kane,EDM,L,10733,10,24.1,8.08,2.41,Evander Kane,1991-08-02,L,74,218,72.52145388513019,LW,5251
8479542,B. Hagel,TBL,L,11638,10,24.1,7.45,2.41,Brandon Hagel,1998-08-27,L,74,183,91.6739881684531,LW,4065019
8476372,N. Seeler,PHI,D,11284,10,23.9,7.62,2.39,Nick Seeler,1993-06-03,L,75,197,2.798359935568897,D,2564164
8478971,C. Ingram,ARI,G,20335,6,23.800000000000004,4.21,3.97,Connor Ingram,1997-03-31,L,74,196,9.30409914204004,G,4063522
8480865,N. Dobson,NYI,D,14984,10,23.7,5.69,2.37,Noah Dobson,2000-01-07,R,76,200,95.11202225801728,D,4352732
8475462,R. Gudas,ANA,D,12028,10,23.7,7.09,2.37,Radko Gudas,1990-06-05,R,72,208,52.12698970551626,D,5502
8474578,E. Karlsson,PIT,D,14232,10,23.6,5.97,2.36,Erik Karlsson,1990-05-31,R,72,190,99.2605174913239,D,5164
8481542,M. Seider,DET,D,13673,10,23.5,6.19,2.35,Moritz Seider,2001-04-06,R,75,205,99.38058280861034,D,4565227
8478013,J. Walman,DET,D,11113,9,23.5,7.61,2.61,Jake Walman,1996-02-20,L,73,218,82.07936740371943,D,3151136
8479343,C. Keller,ARI,R,11385,10,23.4,7.4,2.34,Clayton Keller,1998-07-29,L,70,178,98.04059397241016,LW,4024857
8478366,F. Vatrano,ANA,R,11085,10,23.4,7.6,2.34,Frank Vatrano,1994-03-14,L,71,197,90.75505960226108,RW,3527554
8477402,P. Buchnevich,STL,L,11720,10,23.3,7.16,2.33,Pavel Buchnevich,1995-04-17,L,73,196,71.01162756641186,RW,3042081
8482745,M. McTavish,ANA,C,10254,10,23.3,8.18,2.33,Mason McTavish,2003-01-30,L,72,213,77.21641332044635,C,4874718
8479425,F. Hronek,VAN,D,15170,10,23.2,5.51,2.32,Filip Hronek,1997-11-02,R,72,190,79.20687685796712,D,4063607
8477504,J. Morrissey,WPG,D,13964,10,23.1,5.96,2.31,Josh Morrissey,1995-03-28,L,72,195,98.2880323355398,D,3042016
8477346,M. Weegar,CGY,D,12771,10,23.099999999999998,6.51,2.31,MacKenzie Weegar,1994-01-07,R,72,206,76.89795559721165,D,3042269
8475754,B. Nelson,NYI,C,10800,10,23.0,7.67,2.3,Brock Nelson,1991-10-15,L,76,210,68.98904703332748,C,5798
8482740,W. Johnston,DAL,C,10350,10,22.900000000000002,7.97,2.29,Wyatt Johnston,2003-05-14,R,74,184,35.568052016518756,C,4874740
8478460,Z. Werenski,CBJ,D,14055,10,22.9,5.87,2.29,Zach Werenski,1997-07-19,L,74,219,86.76526577829843,D,3899972
8478474,L. Crouse,ARI,L,10182,10,22.7,8.03,2.27,Lawson Crouse,1997-06-23,L,76,215,59.67255367132355,RW,3899951
8475692,M. Zuccarello,MIN,R,10923,10,22.7,7.48,2.27,Mats Zuccarello,1987-09-01,L,68,181,83.95718009548078,RW,5560
8470794,J. Pavelski,DAL,C,9959,10,22.6,8.17,2.26,Joe Pavelski,1984-07-11,R,73,196,89.1383299651466,RW,3451
8475913,M. Stone,VGK,R,11473,10,22.6,7.09,2.26,Mark Stone,1992-05-13,R,75,212,81.66534868054946,RW,5545
8479410,M. Sergachev,TBL,D,14165,10,22.599999999999998,5.74,2.26,Mikhail Sergachev,1998-06-25,L,75,211,98.21496558793382,D,4024868
8476432,B. Jenner,CBJ,C,11170,10,22.5,7.25,2.25,Boone Jenner,1993-06-15,L,74,208,76.10993967082528,C,2563054
8479345,J. Chychrun,OTT,D,15596,10,22.400000000000002,5.17,2.24,Jakob Chychrun,1998-03-31,L,74,205,98.82120369014497,D,4024950
8478397,R. Andersson,CGY,D,14386,10,22.4,5.61,2.24,Rasmus Andersson,1996-10-27,R,73,202,93.92097709565931,D,3904186
8475790,E. Gudbranson,CBJ,D,12066,10,22.3,6.65,2.23,Erik Gudbranson,1992-01-07,R,77,222,11.991506809196077,D,5503
8475188,B. McNabb,VGK,D,11741,10,22.2,6.81,2.22,Brayden McNabb,1991-01-21,L,76,215,79.33337238591763,D,5202
8480873,R. Sandin,WSH,D,14901,10,22.1,5.34,2.21,Rasmus Sandin,2000-03-07,L,71,182,19.88138819739347,D,4352803
8476462,D. Hamilton,NJD,D,12655,10,22.1,6.29,2.21,Dougie Hamilton,1993-06-17,R,78,230,99.17411041148046,D,2562605
8480027,J. Robertson,DAL,L,11447,10,22.0,6.92,2.2,Jason Robertson,1999-07-22,L,75,202,99.67489675775415,LW,4233875
8482087,K. Guhle,MTL,D,13139,10,21.9,6.0,2.19,Kaiden Guhle,2002-01-18,L,75,201,34.33884902621174,D,4697399
8473419,B. Marchand,BOS,L,11749,10,21.9,6.71,2.19,Brad Marchand,1988-05-11,L,69,176,93.55854272828442,LW,3852
8476881,T. Hertl,SJS,C,12791,10,21.8,6.14,2.18,Tomas Hertl,1993-11-12,L,75,215,72.88023899481593,C,2976844
8480879,J. Bernard-Docker,OTT,D,11219,10,21.700000000000003,6.96,2.17,Jacob Bernard-Docker,2000-06-30,R,72,190,1.2842290232830575,D,4352798
8475455,B. Dillon,WPG,D,11072,10,21.7,7.06,2.17,Brenden Dillon,1990-11-13,L,76,225,6.137601780797844,D,2554903
8475794,T. Seguin,DAL,C,10276,10,21.599999999999998,7.57,2.16,Tyler Seguin,1992-01-31,R,73,207,20.226693612160616,RW,5430
8476463,J. Brodin,MIN,D,15355,10,21.5,5.04,2.15,Jonas Brodin,1993-07-12,L,74,196,21.372503075391013,D,2562600
8480036,M. Heiskanen,DAL,D,15377,10,21.5,5.03,2.15,Miro Heiskanen,1999-07-18,L,74,197,97.12817058168824,D,4233536
8480015,O. Tippett,PHI,R,8761,10,21.5,8.83,2.15,Owen Tippett,1999-02-16,R,73,210,79.0883265975517,RW,4392072
8476914,J. Korpisalo,OTT,G,23292,7,21.400000000000002,3.31,3.06,Joonas Korpisalo,1994-04-28,L,75,189,31.424507273580478,G,3069266
8478444,B. Boeser,VAN,R,11150,10,21.1,6.81,2.11,Brock Boeser,1997-02-25,R,73,208,92.3454295170313,RW,3899979
8476979,E. Gustafsson,NYR,D,12247,10,21.1,6.2,2.11,Erik Gustafsson,1992-03-14,L,73,189,21.142187728803634,D,3891922
8477942,K. Fiala,LAK,L,9815,10,21.0,7.7,2.1,Kevin Fiala,1996-07-22,L,72,205,91.62346601060246,LW,3114743
8477409,C. Verhaeghe,FLA,C,10926,10,21.0,6.92,2.1,Carter Verhaeghe,1995-08-14,L,74,180,94.15451297370116,LW,3042088
8476399,B. Coleman,CGY,C,9889,10,21.0,7.64,2.1,Blake Coleman,1991-11-28,L,71,199,2.923000322174384,RW,2563026
8482078,L. Raymond,DET,L,10654,10,20.9,7.06,2.09,Lucas Raymond,2002-03-28,R,71,188,30.158730158730158,LW,4697385
8473512,C. Giroux,OTT,R,11788,10,20.9,6.38,2.09,Claude Giroux,1988-01-12,R,71,188,71.80343232003749,RW,3775
8474590,J. Carlson,WSH,D,15990,10,20.9,4.71,2.09,John Carlson,1990-01-10,R,75,215,97.77859130180114,D,5118
8475168,M. Duchene,DAL,C,8816,9,20.8,8.49,2.31,Matt Duchene,1991-01-16,L,73,210,45.597926368508915,C,5161
8478136,J. Middleton,MIN,D,10829,10,20.8,6.91,2.08,Jake Middleton,1996-01-02,L,75,219,9.97305371682971,D,3149839
8478038,D. Toews,COL,D,14361,10,20.8,5.21,2.08,Devon Toews,1994-02-21,L,73,191,74.68806748286568,D,3096249
8471734,J. Quick,NYR,G,18444,5,20.8,4.06,4.16,Jonathan Quick,1986-01-21,L,73,215,30.380396527451904,G,3634
8480012,E. Pettersson,VAN,C,11764,10,20.7,6.33,2.07,Elias Pettersson,1998-11-12,L,74,176,99.85355709808745,C,4233566
8482149,C. Perfetti,WPG,C,8895,10,20.7,8.38,2.07,Cole Perfetti,2002-01-01,L,71,185,15.957883021409952,LW,4697392
8475171,O. Ekman-Larsson,FLA,D,12660,10,20.7,5.89,2.07,Oliver Ekman-Larsson,1991-07-17,L,74,191,45.451084330292424,D,5488
8477450,J. Dickinson,CHI,C,8858,10,20.6,8.37,2.06,Jason Dickinson,1995-07-04,L,74,200,4.233664294291656,C,3042062
8475167,V. Hedman,TBL,D,14304,10,20.4,5.13,2.04,Victor Hedman,1990-12-18,L,79,246,99.38790452482061,D,5157
8482655,J. Moser,ARI,D,12798,10,20.4,5.74,2.04,J.J. Moser,2000-06-06,L,73,173,5.7831995782320895,D,4874929
8481035,S. Ersson,PHI,G,14608,4,20.4,5.03,5.1,Samuel Ersson,1999-10-20,L,75,194,0.6085847105923069,G,4587815
8478009,I. Sorokin,NYI,G,22221,6,20.200000000000003,3.27,3.37,Ilya Sorokin,1995-08-04,L,75,195,95.77656875540761,G,3151981
8476457,A. Larsson,SEA,D,14066,10,20.2,5.17,2.02,Adam Larsson,1992-11-12,R,75,209,80.03631890340344,D,2562610
8478427,S. Aho,CAR,C,11854,10,20.2,6.13,2.02,Sebastian Aho,1997-07-26,L,72,176,95.4884905991917,C,3904173
8477498,D. Nurse,EDM,D,13606,10,20.1,5.32,2.01,Darnell Nurse,1995-02-04,L,76,215,91.53388788003046,D,3041997
8477949,A. Tuch,BUF,R,9043,7,20.0,7.96,2.86,Alex Tuch,1996-05-10,R,76,219,85.86950155215838,RW,3114766
8478864,K. Kaprizov,MIN,L,12552,10,19.900000000000002,5.71,1.99,Kirill Kaprizov,1997-04-26,L,70,202,99.32782708022143,LW,3942335
8475799,N. Niederreiter,WPG,R,9403,10,19.9,7.62,1.99,Nino Niederreiter,1992-09-08,L,74,218,18.262894297513398,RW,5511
8479385,J. Kyrou,STL,C,10846,10,19.9,6.61,1.99,Jordan Kyrou,1998-05-05,R,73,196,86.96218844272619,RW,4062251
8478407,V. Dunn,SEA,D,13890,10,19.7,5.11,1.97,Vince Dunn,1996-10-29,L,72,200,87.28984828070998,D,3904189
8476792,T. Krug,STL,D,12592,10,19.7,5.63,1.97,Torey Krug,1991-04-12,L,69,194,6.929881084880791,D,2952729
8482175,J. Peterka,BUF,R,10363,10,19.6,6.81,1.96,JJ Peterka,2002-01-14,L,72,189,9.8825631113454,RW,4697438
8471724,K. Letang,PIT,D,14984,10,19.5,4.68,1.95,Kris Letang,1987-04-24,R,72,201,90.43930297261679,D,3539
8477948,T. Sanheim,PHI,D,15995,10,19.400000000000002,4.37,1.94,Travis Sanheim,1996-03-29,L,76,222,66.9688094889442,D,3114757
8480798,P. Kurashev,CHI,C,11193,10,19.3,6.21,1.93,Philipp Kurashev,1999-10-12,L,72,190,7.869841548780131,LW,4392541
8476448,W. Karlsson,VGK,C,11073,10,19.3,6.27,1.93,William Karlsson,1993-01-08,L,72,190,79.97539759247869,C,2563057
8477456,J. Compher,DET,L,10990,10,19.1,6.26,1.91,J.T. Compher,1995-04-08,R,72,190,44.12750940799203,RW,3041995
8479525,R. Colton,COL,C,7499,10,19.1,9.17,1.91,Ross Colton,1996-09-11,L,72,194,5.462240250706577,LW,4392471
8471218,B. Wheeler,NYR,R,7677,10,18.900000000000002,8.86,1.89,Blake Wheeler,1986-08-31,R,77,222,3.1452711112412692,RW,3961
8475218,M. Ekholm,EDM,D,12539,10,18.8,5.4,1.88,Mattias Ekholm,1990-05-24,L,77,225,15.171929002401734,D,2558631
8480145,N. Pionk,WPG,D,12376,10,18.8,5.47,1.88,Neal Pionk,1995-07-29,R,72,190,60.37431902056119,D,3988847
8480884,C. Addison,SJS,D,14027,13,18.7,4.8,1.44,Calen Addison,2000-04-11,R,71,173,1.9389608107316503,D,4378684
8480336,S. Walker,PHI,D,13494,10,18.6,4.96,1.86,Sean Walker,1994-11-13,R,71,191,19.66877040898508,D,4272905
8477404,J. Guentzel,PIT,L,11857,10,18.6,5.65,1.86,Jake Guentzel,1994-10-06,L,71,180,96.42857142857143,LW,3042083
8474884,M. Hoffman,SJS,C,8210,10,18.599999999999998,8.16,1.86,Mike Hoffman,1989-11-24,L,72,190,0.2430809781812857,LW,5103
8482105,J. Sanderson,OTT,D,14777,10,18.5,4.51,1.85,Jake Sanderson,2002-07-08,L,74,203,69.66905842729535,D,4697386
8477493,A. Barkov,FLA,C,9067,8,18.5,7.35,2.31,Aleksander Barkov,1995-09-02,L,75,215,97.46968898260411,C,3041970
8478445,M. Barzal,NYI,C,11792,10,18.5,5.65,1.85,Mathew Barzal,1997-05-26,R,73,190,79.59058162010191,C,3899946
8478048,I. Shesterkin,NYR,G,14298,4,18.4,4.63,4.6,Igor Shesterkin,1995-12-30,L,73,197,99.61578507427666,G,3151297
8475784,J. Skinner,BUF,L,10569,10,18.4,6.27,1.84,Jeff Skinner,1992-05-16,L,71,197,78.38253382533826,LW,5540
8477506,R. Pulock,NYI,D,12695,10,18.4,5.22,1.84,Ryan Pulock,1994-10-06,R,74,216,4.52774930443696,D,3042019
8477495,S. Jones,CHI,D,15210,10,18.3,4.33,1.83,Seth Jones,1994-10-03,R,76,213,82.03678753441508,D,3041992
8479314,M. Tkachuk,FLA,L,11576,10,18.3,5.69,1.83,Matthew Tkachuk,1997-12-11,L,74,206,99.81110525390969,RW,4024854
8480018,N. Suzuki,MTL,C,12339,10,18.200000000000003,5.31,1.82,Nick Suzuki,1999-08-10,R,71,212,91.0604463187489,C,4233594
8470966,M. Giordano,TOR,D,11796,10,18.1,5.52,1.81,Mark Giordano,1983-10-03,L,72,202,11.27983599355689,D,3006
8476392,A. Lowry,WPG,C,9875,10,18.1,6.6,1.81,Adam Lowry,1993-03-29,L,77,210,4.582198400843511,C,2563066
8479983,M. Ferraro,SJS,D,13129,10,17.900000000000002,4.91,1.79,Mario Ferraro,1998-09-17,L,72,209,9.431199109601078,D,4233884
8482110,D. Mercer,NJD,C,11265,10,17.9,5.72,1.79,Dawson Mercer,2001-10-27,R,72,180,54.189363322204656,RW,4697401
8480893,K. Marchenko,CBJ,R,9465,10,17.9,6.81,1.79,Kirill Marchenko,2000-07-21,R,75,195,55.11040824693961,LW,4587996
8478468,J. Lauzon,NSH,D,10663,10,17.9,6.04,1.79,Jeremy Lauzon,1997-04-28,L,73,204,0.5755374611914944,D,3904185
8478859,N. Mikkola,FLA,D,12943,10,17.9,4.98,1.79,Niko Mikkola,1996-04-27,L,77,206,6.419680773173233,D,3942354
8477447,S. Theodore,VGK,D,12498,9,17.9,5.16,1.99,Shea Theodore,1995-08-03,L,74,197,93.34251069064496,D,3042055
8480068,R. Poehling,PHI,C,7615,9,17.8,8.41,1.98,Ryan Poehling,1999-01-03,L,74,204,0.4729690154044398,C,4233668
8471214,A. Ovechkin,WSH,L,12343,10,17.8,5.19,1.78,Alex Ovechkin,1985-09-17,R,75,238,99.32202893457506,LW,3101
8476892,C. Parayko,STL,D,14052,10,17.8,4.56,1.78,Colton Parayko,1993-05-12,R,78,228,59.55275027824967,D,3069341
8476473,C. Murphy,CHI,D,11776,10,17.8,5.44,1.78,Connor Murphy,1993-03-26,R,76,212,3.431257688477535,D,2562618
8478851,A. Carrier,NSH,D,11042,10,17.7,5.77,1.77,Alexandre Carrier,1996-10-08,R,71,174,26.4981547653916,D,3942064
8478401,P. Zacha,BOS,C,11726,10,17.6,5.4,1.76,Pavel Zacha,1997-04-06,L,76,207,30.229016575880046,C,3899949
8480947,K. Lankinen,NSH,G,10800,3,17.6,5.87,5.87,Kevin Lankinen,1995-04-28,L,74,190,0.5133093788956515,G,4341584
8476434,J. Gibson,ANA,G,28297,8,17.6,2.24,2.2,John Gibson,1993-07-14,L,74,210,25.13309378895652,G,2590824
8478500,I. Provorov,CBJ,D,13989,10,17.4,4.48,1.74,Ivan Provorov,1997-01-13,L,73,220,78.69087714160199,D,3899939
8480049,D. Samberg,WPG,D,9510,10,17.4,6.59,1.74,Dylan Samberg,1999-01-24,L,76,216,0.23138656200574073,D,4233878
8476374,S. Kuraly,CBJ,C,8934,10,17.3,6.97,1.73,Sean Kuraly,1993-01-20,L,74,215,0.7160428747144615,C,2564154
8474563,D. Doughty,LAK,D,14993,10,17.2,4.13,1.72,Drew Doughty,1989-12-08,R,73,210,56.16689121902642,D,3995
8478911,M. Roy,LAK,D,12182,10,17.2,5.08,1.72,Matt Roy,1995-03-01,R,74,210,51.49669029348017,D,3942924
8476479,P. Danault,LAK,C,10187,10,17.0,6.01,1.7,Phillip Danault,1993-02-24,L,73,200,49.871130246316966,C,2562602
8477416,O. Bjorkstrand,SEA,R,9947,10,17.0,6.15,1.7,Oliver Bjorkstrand,1995-04-10,R,72,175,20.9047242480157,RW,3042095
8474574,T. Myers,VAN,D,11911,10,17.0,5.14,1.7,Tyler Myers,1990-02-01,R,80,229,12.276668033507116,D,5052
8477479,T. Bertuzzi,TOR,L,9646,10,17.0,6.34,1.7,Tyler Bertuzzi,1995-02-24,L,74,200,59.42130849879928,LW,3042056
8476292,O. Palat,NJD,L,9909,10,17.0,6.18,1.7,Ondrej Palat,1991-03-28,L,72,194,1.295905816201019,LW,2590389
8474612,T. Hamonic,OTT,D,10059,10,16.9,6.05,1.69,Travis Hamonic,1990-08-16,R,73,200,0.5959876995167668,D,5073
8481537,N. Okhotiuk,SJS,D,10506,9,16.9,5.79,1.88,Nikita Okhotiuk,2000-12-04,L,73,195,0.28117860699431785,D,4565283
8475760,N. Bjugstad,ARI,C,10972,10,16.8,5.51,1.68,Nick Bjugstad,1992-07-17,R,78,209,4.239522010368157,C,5828
8482124,Q. Byfield,LAK,R,8868,10,16.8,6.82,1.68,Quinton Byfield,2002-08-19,L,77,225,16.25809097033067,C,4697383
8478055,G. Forsling,FLA,D,13020,10,16.7,4.62,1.67,Gustav Forsling,1996-06-12,L,72,195,48.75091521452629,D,3151784
8474037,J. van Riemsdyk,BOS,L,8019,9,16.7,7.5,1.86,James van Riemsdyk,1989-05-04,L,75,208,11.534293914367714,LW,3822
8476454,R. Nugent-Hopkins,EDM,C,11506,10,16.7,5.23,1.67,Ryan Nugent-Hopkins,1993-04-12,L,73,192,93.00295814661862,C,2562624
8475690,C. Tanev,CGY,D,12051,10,16.6,4.96,1.66,Chris Tanev,1989-12-20,R,74,193,1.5435533946458908,D,5592
8481014,A. Romanov,NYI,D,13412,10,16.5,4.43,1.65,Alexander Romanov,2000-01-06,L,73,215,22.23458778737736,D,4587854
8470613,B. Burns,CAR,D,12897,10,16.5,4.61,1.65,Brent Burns,1985-03-09,R,77,230,79.62805681651778,D,2300
8475166,J. Tavares,TOR,C,11287,10,16.5,5.26,1.65,John Tavares,1990-09-20,L,73,211,99.45528026708838,C,5160
8475726,T. Toffoli,NJD,R,10797,10,16.5,5.5,1.65,Tyler Toffoli,1992-04-24,R,72,203,90.33136631865638,RW,5550
8478891,M. Appleton,WPG,C,10549,10,16.3,5.56,1.63,Mason Appleton,1996-01-15,R,74,194,4.327387751515684,RW,3942043
8480113,A. Iafallo,WPG,L,10647,10,16.3,5.51,1.63,Alex Iafallo,1993-12-21,L,72,201,11.10915853908561,LW,3652598
8478449,R. Hintz,DAL,C,10748,10,16.3,5.46,1.63,Roope Hintz,1996-11-17,L,75,212,96.4941569282137,C,3904183
8479359,B. Malenstyn,WSH,L,8219,10,16.1,7.05,1.61,Beck Malenstyn,1998-02-04,L,75,200,0.18596614537573947,LW,4063240
8476880,T. Wilson,WSH,R,11028,10,16.1,5.26,1.61,Tom Wilson,1994-03-29,R,76,220,20.087272301294444,RW,2970615
8477496,E. Lindholm,CGY,C,12185,10,16.1,4.76,1.61,Elias Lindholm,1994-12-02,R,73,202,89.3111325894034,RW,3041994
8473507,J. Petry,DET,D,9159,8,16.1,6.33,2.01,Jeff Petry,1987-12-09,R,75,208,57.10499341045541,D,5407
8480192,J. Kovacevic,MTL,D,10668,10,16.0,5.4,1.6,Johnathan Kovacevic,1997-07-12,R,77,223,0.14496998096353786,D,4587933
8475714,C. Jarnkrok,TOR,C,9437,10,15.999999999999998,6.1,1.6,Calle Jarnkrok,1991-09-25,R,72,190,2.038306097346688,LW,2555316
8480188,F. Zetterlund,SJS,L,11571,10,15.9,4.95,1.59,Fabian Zetterlund,1999-08-25,R,71,220,1.5552236183112205,RW,4587837
8475764,C. Fowler,ANA,D,13632,10,15.9,4.2,1.59,Cam Fowler,1991-12-05,L,74,215,55.81834690410638,D,5495
8478472,M. Joseph,OTT,R,10729,10,15.899999999999999,5.34,1.59,Mathieu Joseph,1997-02-09,L,73,186,9.368593685936858,LW,3941965
8474593,J. Markstrom,CGY,G,21792,6,15.800000000000004,2.61,2.63,Jacob Markstrom,1990-01-31,L,78,207,51.40426780083595,G,5452
8477508,C. Lazar,NJD,C,6631,9,15.8,8.58,1.76,Curtis Lazar,1995-02-02,R,72,203,0.38511099396708254,RW,3042023
8480797,J. Farabee,PHI,L,9547,10,15.799999999999999,5.96,1.58,Joel Farabee,2000-02-25,L,72,186,11.182861828618286,LW,4352750
8482671,O. Power,BUF,D,13426,10,15.700000000000001,4.21,1.57,Owen Power,2002-11-22,L,78,218,37.75369746668619,D,4781556
8475172,N. Kadri,CGY,C,11076,10,15.7,5.1,1.57,Nazem Kadri,1990-10-06,L,72,185,17.718126702398735,C,5349
8479325,C. McAvoy,BOS,D,10706,7,15.600000000000001,5.25,2.23,Charlie McAvoy,1997-12-21,R,73,209,99.1155366817982,D,3988803
8482109,A. Lafrenière,NYR,L,10347,10,15.600000000000001,5.43,1.56,Alexis Lafrenière,2001-10-11,L,73,194,22.269079833655482,LW,4697382
8478396,N. Hanifin,CGY,D,12974,10,15.600000000000001,4.33,1.56,Noah Hanifin,1997-01-25,L,75,207,78.21451584558609,D,3652964
8477435,R. Graves,PIT,D,12830,10,15.6,4.38,1.56,Ryan Graves,1995-05-21,L,77,220,51.98711377946991,D,3042122
8478466,D. Sprong,DET,R,8216,10,15.5,6.79,1.55,Daniel Sprong,1997-03-17,R,72,195,9.284992605391475,RW,3904181
8476429,S. Mayfield,NYI,D,11223,10,15.4,4.94,1.54,Scott Mayfield,1992-10-14,R,77,220,8.231073363596426,D,2563069
8476958,J. Slavin,CAR,D,13141,10,15.3,4.19,1.53,Jaccob Slavin,1994-05-01,L,75,207,70.11861180260654,D,3069836
8480950,I. Lyubushkin,ANA,D,10845,10,15.3,5.08,1.53,Ilya Lyubushkin,1994-04-06,R,74,200,3.1088917525773194,D,4342107
8475798,M. Granlund,SJS,C,12647,10,15.3,4.36,1.53,Mikael Granlund,1992-02-26,L,70,185,3.010689705667008,LW,5831
8482093,S. Jarvis,CAR,C,11489,10,15.299999999999999,4.79,1.53,Seth Jarvis,2002-02-01,R,70,175,49.67492532068178,RW,4697396
8475683,S. Bobrovsky,FLA,G,28393,8,15.200000000000003,1.93,1.9,Sergei Bobrovsky,1988-09-20,L,74,188,70.46824360986054,G,5571
8480064,J. Norris,OTT,C,11251,10,15.2,4.86,1.52,Josh Norris,1999-05-05,L,74,195,76.04404615474726,C,4233627
8476539,J. Marchessault,VGK,R,10742,10,15.2,5.09,1.52,Jonathan Marchessault,1990-12-27,R,69,185,77.21202003338898,RW,2967072
8478569,N. Acciari,PIT,C,7402,10,15.2,7.39,1.52,Noel Acciari,1991-12-01,R,70,209,0.32653897967551104,C,3096237
8476923,D. Severson,CBJ,D,10352,8,15.100000000000001,5.25,1.89,Damon Severson,1994-08-07,R,74,202,6.730121540489091,D,3068087
8475279,B. Chiarot,DET,D,11684,10,15.1,4.65,1.51,Ben Chiarot,1991-05-09,L,75,224,45.64797188460975,D,5246
8482073,B. Schneider,NYR,D,9656,10,15.1,5.63,1.51,Braden Schneider,2001-09-20,R,75,211,1.0338263288914922,D,4697402
8476869,B. Skjei,CAR,D,12603,10,15.1,4.31,1.51,Brady Skjei,1994-03-26,L,75,210,58.09049641235906,D,2976856
8474166,A. Martinez,VGK,D,8149,7,15.0,6.63,2.14,Alec Martinez,1987-07-26,L,73,210,40.25393942944174,D,3927
8482665,M. Beniers,SEA,C,10965,10,15.0,4.92,1.5,Matty Beniers,2002-11-05,L,74,178,56.86524324166008,C,4781552
8482122,B. Faber,MIN,D,13773,10,15.0,3.92,1.5,Brock Faber,2002-08-22,R,73,200,5.639681330912073,D,4697449
8473994,J. Benn,DAL,L,9146,10,15.0,5.9,1.5,Jamie Benn,1989-07-18,L,74,205,67.56289722637143,LW,3998
8479337,A. DeBrincat,DET,R,10933,10,14.9,4.91,1.49,Alex DeBrincat,1997-12-18,R,68,180,99.18292040063258,LW,4063433
8480281,A. Toropchenko,STL,R,7477,10,14.9,7.17,1.49,Alexey Toropchenko,1999-06-25,L,78,222,0.14790733093166974,RW,4392454
8477940,N. Ehlers,WPG,L,8651,10,14.9,6.2,1.49,Nikolaj Ehlers,1996-02-14,L,72,172,30.631461793046892,LW,3114741
8480789,O. Wahlstrom,NYI,R,7042,9,14.899999999999999,7.62,1.66,Oliver Wahlstrom,2000-06-13,R,74,200,0.2972529725297253,RW,4352727
8477831,P. Copley,LAK,G,10987,3,14.8,4.85,4.93,Pheonix Copley,1992-01-18,L,76,205,4.577253061523796,G,3095330
8477968,A. Nedeljkovic,PIT,G,7125,2,14.8,7.48,7.4,Alex Nedeljkovic,1996-01-07,L,72,208,2.578052822219941,G,3114994
8477426,N. Paul,TBL,L,10681,10,14.8,4.99,1.48,Nicholas Paul,1995-03-20,L,75,229,37.22690798336555,C,3042111
8481546,C. York,PHI,D,12396,10,14.700000000000001,4.27,1.47,Cam York,2001-01-05,L,72,194,1.724996339141895,D,4565235
8474013,I. Cole,VAN,D,11920,10,14.7,4.44,1.47,Ian Cole,1989-02-21,L,73,225,0.9928974152449292,D,4991
8474679,G. Nyquist,NSH,C,10132,10,14.600000000000001,5.19,1.46,Gustav Nyquist,1989-09-01,L,71,180,3.6098175321442167,RW,5823
8479365,T. Frederic,BOS,C,7457,10,14.600000000000001,7.05,1.46,Trent Frederic,1998-02-11,L,75,220,1.1304398758273297,LW,4024997
8480045,U. Luukkonen,BUF,G,15777,5,14.600000000000001,3.33,2.92,Ukko-Pekka Luukkonen,1999-03-09,L,77,217,5.931867841797304,G,4233889
8476459,M. Zibanejad,NYR,C,11885,10,14.6,4.42,1.46,Mika Zibanejad,1993-04-18,R,74,201,96.69800269431266,C,2562637
8482667,W. Eklund,SJS,L,11597,10,14.6,4.53,1.46,William Eklund,2002-10-12,L,71,181,2.7399466947837037,LW,4874721
8473446,E. Johnson,BUF,D,8258,10,14.5,6.32,1.45,Erik Johnson,1988-03-21,R,76,225,0.5593709273549955,D,3649
8478443,B. Carlo,BOS,D,12150,10,14.5,4.3,1.45,Brandon Carlo,1996-11-26,R,77,217,3.1190511055791474,D,3904175
8480074,A. Texier,CBJ,C,7787,8,14.4,6.66,1.8,Alexandre Texier,1999-09-13,L,73,201,0.316288877174486,C,4233880
8483515,J. Slafkovsky,MTL,L,9362,10,14.4,5.54,1.44,Juraj Slafkovsky,2004-03-30,L,75,230,57.220465061793476,LW,4915349
8476854,H. Lindholm,BOS,D,13739,10,14.3,3.75,1.43,Hampus Lindholm,1994-01-20,L,76,224,57.034704934836725,D,2968818
8479941,J. Danforth,CBJ,R,8998,10,14.3,5.72,1.43,Justin Danforth,1993-03-15,R,68,188,0.336789082176536,RW,4894355
8479407,J. Bratt,NJD,L,12178,10,14.3,4.23,1.43,Jesper Bratt,1998-07-30,L,70,175,96.4066069232121,RW,4268771
8475768,J. Schwartz,SEA,C,10391,10,14.3,4.95,1.43,Jaden Schwartz,1992-06-25,L,70,185,55.4798933895674,LW,5835
8482511,M. Lohrei,BOS,D,9261,9,14.299999999999999,5.56,1.59,Mason Lohrei,2001-01-17,L,77,211,0.38365792941865573,D,0
8476480,V. Namestnikov,WPG,C,9722,10,14.2,5.26,1.42,Vladislav Namestnikov,1992-11-22,L,72,181,0.6414199103769441,C,2562622
8481068,Y. Sharangovich,CGY,C,8477,10,14.2,6.03,1.42,Yegor Sharangovich,1998-06-06,L,74,196,0.8537371134020618,C,4587843
8477330,D. Kubalik,OTT,L,8523,10,14.2,6.0,1.42,Dominik Kubalik,1995-08-21,L,74,192,7.495753528963861,LW,3042245
8479998,M. Anderson,LAK,D,13226,10,14.2,3.87,1.42,Mikey Anderson,1999-05-25,L,72,195,9.03286274969246,D,4588178
8474715,C. Atkinson,PHI,R,10820,10,14.1,4.69,1.41,Cam Atkinson,1989-06-05,R,68,175,35.479997657119426,RW,2501107
8477946,D. Larkin,DET,C,12304,10,13.9,4.07,1.39,Dylan Larkin,1996-07-30,L,73,199,98.60159315878873,C,3114755
8482720,M. Knies,TOR,L,9121,10,13.9,5.49,1.39,Matthew Knies,2002-10-17,L,75,217,38.60774322028935,LW,4874919
8476918,J. Vesey,NYR,L,7084,10,13.9,7.06,1.39,Jimmy Vesey,1993-05-26,L,74,200,0.24746676038188953,LW,3069397
8475287,E. Haula,NJD,L,10057,10,13.9,4.98,1.39,Erik Haula,1991-03-23,L,71,191,13.779066362092193,LW,2593311
8481540,C. Caufield,MTL,R,10977,10,13.9,4.56,1.39,Cole Caufield,2001-01-02,R,68,175,96.80636092075207,LW,4565236
8480981,J. Hofer,STL,G,15426,6,13.800000000000002,3.22,2.3,Joel Hofer,2000-07-30,L,77,179,2.858399941336071,G,4587909
8476906,S. Gostisbehere,DET,D,10786,9,13.8,4.61,1.53,Shayne Gostisbehere,1993-04-20,L,71,183,75.24234880656026,D,3025662
8482062,C. Smith,NSH,L,7681,10,13.8,6.47,1.38,Cole Smith,1995-10-28,L,75,195,0.5359810209999121,LW,4197130
8476882,T. Teravainen,CAR,L,10026,10,13.8,4.96,1.38,Teuvo Teravainen,1994-09-11,L,71,191,53.98289697182687,RW,2592095
8475151,K. Palmieri,NYI,C,10657,10,13.8,4.66,1.38,Kyle Palmieri,1991-02-01,R,71,196,4.4251156797282265,RW,5517
8479316,L. Kunin,SJS,C,8822,10,13.6,5.55,1.36,Luke Kunin,1997-12-04,R,72,197,0.3177810971502211,C,4024933
8476902,E. Lindell,DAL,D,11863,10,13.6,4.13,1.36,Esa Lindell,1994-05-23,L,75,216,35.03163259328686,D,3069352
8481656,A. Protas,WSH,C,6994,10,13.6,7.0,1.36,Aliaksei Protas,2001-01-06,L,78,225,0.08492942072277866,C,4587943
8473422,N. Foligno,CHI,L,10639,10,13.5,4.57,1.35,Nick Foligno,1987-10-31,L,72,210,2.634469225474834,LW,3535
8475314,A. Lee,NYI,L,8752,10,13.5,5.55,1.35,Anders Lee,1990-07-03,L,75,227,7.621683359690739,LW,5793
8478507,J. Marino,NJD,D,12641,10,13.5,3.84,1.35,John Marino,1997-05-21,R,73,181,3.1600527163567143,D,3941974
8476331,D. DeMelo,WPG,D,12889,10,13.4,3.74,1.34,Dylan DeMelo,1993-05-01,R,73,194,7.5932868607580115,D,2590861
8480748,K. Sherwood,NSH,L,6699,10,13.4,7.2,1.34,Kiefer Sherwood,1995-03-31,R,72,194,0.4612951410245146,LW,4391255
8476456,J. Huberdeau,CGY,C,10135,10,13.4,4.76,1.34,Jonathan Huberdeau,1993-06-04,L,73,200,58.89494186216794,LW,2562606
8478831,K. Stenlund,FLA,C,7555,10,13.399999999999999,6.39,1.34,Kevin Stenlund,1996-09-20,R,77,215,0.15521583787266444,RW,3904191
8484153,L. Carlsson,ANA,C,8287,8,13.299999999999999,5.78,1.66,Leo Carlsson,2004-12-26,L,75,194,14.943033711156021,C,5149153
8482079,M. Rossi,MIN,C,10459,10,13.1,4.51,1.31,Marco Rossi,2001-09-23,L,69,182,4.640775561608529,C,4697391
8478470,S. Montembeault,MTL,G,13558,4,13.0,3.45,3.25,Sam Montembeault,1996-10-30,L,75,222,2.2598290096933615,G,3942714
8482111,J. Barron,MTL,D,12540,10,13.0,3.73,1.3,Justin Barron,2001-11-15,R,74,202,1.7118172499633915,D,4697408
8477494,J. Drouin,COL,L,7111,9,13.0,6.58,1.44,Jonathan Drouin,1995-03-28,L,71,198,3.2085169944498957,LW,3041971
8475197,T. Barrie,NSH,D,11231,10,13.0,4.17,1.3,Tyson Barrie,1991-07-26,R,71,197,54.24843301505477,D,5181
8481028,M. Pospisil,CGY,C,8553,10,13.0,5.47,1.3,Martin Pospisil,1999-11-19,L,74,173,2.671118530884808,LW,0
8475810,B. Rust,PIT,R,8015,7,12.9,5.79,1.84,Bryan Rust,1992-05-11,R,71,192,67.67849821355357,RW,2591155
8477951,N. Schmaltz,ARI,C,11973,10,12.9,3.88,1.29,Nick Schmaltz,1996-02-23,R,72,181,30.432299446445832,RW,3114770
8481618,A. Newhook,MTL,C,10414,10,12.9,4.46,1.29,Alex Newhook,2001-01-28,L,71,199,4.341586985488996,C,4565237
8471215,E. Malkin,PIT,C,11574,10,12.9,4.01,1.29,Evgeni Malkin,1986-07-31,L,75,195,93.42382709541381,C,3124
8478440,D. Strome,WSH,C,10838,10,12.899999999999999,4.28,1.29,Dylan Strome,1997-03-07,L,75,200,48.89006032917472,C,3899933
8478406,M. Blackwood,SJS,G,24040,7,12.800000000000004,1.92,1.83,Mackenzie Blackwood,1996-12-09,L,76,225,2.4858475346845395,G,3904177
8476461,S. Couturier,PHI,C,10477,9,12.8,4.4,1.42,Sean Couturier,1992-12-07,L,76,210,66.77356059274878,C,2562601
8478046,D. Heinen,BOS,L,8170,10,12.8,5.64,1.28,Danton Heinen,1995-07-05,L,74,195,0.11128682715398583,C,3151741
8481524,B. Byram,COL,D,12658,10,12.8,3.64,1.28,Bowen Byram,2001-06-13,L,73,190,73.52820572901412,D,4565225
8477505,A. Wennberg,SEA,C,10374,10,12.8,4.44,1.28,Alex Wennberg,1994-09-22,L,74,190,1.0060627361391794,C,3042017
8480830,A. Svechnikov,CAR,R,10002,10,12.8,4.61,1.28,Andrei Svechnikov,2000-03-26,L,74,195,86.05400339717683,LW,4352683
8477955,J. McCann,SEA,L,10250,10,12.799999999999999,4.5,1.28,Jared McCann,1996-05-31,L,73,191,83.56615709014234,RW,3114777
8474641,A. Henrique,ANA,C,9981,10,12.799999999999999,4.62,1.28,Adam Henrique,1990-02-06,L,72,195,2.534926632106142,LW,5074
8481580,C. McMichael,WSH,C,8721,10,12.700000000000001,5.24,1.27,Connor McMichael,2001-01-15,L,72,180,0.38511099396708254,C,4565246
8476826,Y. Gourde,SEA,C,10561,10,12.7,4.33,1.27,Yanni Gourde,1991-12-15,L,69,174,3.7225785666168765,C,3094261
8478882,V. Gavrikov,LAK,D,11738,10,12.7,3.9,1.27,Vladislav Gavrikov,1995-11-21,L,75,220,2.4953505059528167,D,3942292
8479371,D. Fabbro,NSH,D,8919,8,12.600000000000001,5.09,1.58,Dante Fabbro,1998-06-20,R,72,189,0.757131978208658,D,4024959
8474102,D. Perron,DET,L,9043,10,12.600000000000001,5.02,1.26,David Perron,1988-05-28,R,72,195,4.454401686874012,RW,3792
8475200,D. Orlov,CAR,D,10107,10,12.600000000000001,4.49,1.26,Dmitry Orlov,1991-07-23,L,71,214,32.468882706106314,D,5646
8481556,J. Beecher,BOS,C,6634,10,12.6,6.84,1.26,John Beecher,2001-04-05,L,75,216,0.23282375680899664,C,4565251
8482146,L. Evangelista,NSH,R,7624,9,12.6,5.95,1.4,Luke Evangelista,2002-02-21,R,72,183,8.685528512433002,RW,4697446
8474009,N. Bonino,NYR,C,7992,10,12.6,5.68,1.26,Nick Bonino,1988-04-20,L,73,198,0.48175481754817545,C,4927
8478508,Y. Trenin,NSH,C,8492,9,12.5,5.3,1.39,Yakov Trenin,1997-01-13,L,74,201,0.4451864218141347,LW,3904188
8481624,I. Mikheyev,VAN,R,8515,10,12.5,5.28,1.25,Ilya Mikheyev,1994-10-10,L,74,192,5.217760595143953,LW,4422415
8479336,C. Grundstrom,LAK,R,7093,10,12.5,6.34,1.25,Carl Grundstrom,1997-12-01,L,72,200,1.285768678792139,LW,4271565
8480382,A. Georgiev,COL,G,27700,8,12.400000000000002,1.61,1.55,Alexandar Georgiev,1996-02-10,L,73,178,96.24404194470925,G,4239677
8481535,N. Hoglander,VAN,L,5914,9,12.4,7.55,1.38,Nils Hoglander,2000-12-20,L,69,185,1.1905807925489853,LW,4565263
8479591,M. Eyssimont,TBL,C,6980,9,12.4,6.4,1.38,Michael Eyssimont,1996-09-09,L,72,201,0.21232355180694665,RW,4270247
8474189,L. Eller,PIT,C,8680,10,12.4,5.14,1.24,Lars Eller,1989-05-08,L,74,205,0.41585521210080095,C,3946
8478840,W. Borgen,SEA,D,10593,10,12.4,4.21,1.24,Will Borgen,1996-12-19,R,75,204,0.6531544724972176,D,3941946
8481711,M. Maccelli,ARI,L,9224,10,12.3,4.8,1.23,Matias Maccelli,2000-10-14,L,71,176,44.93307559382597,LW,4587580
8478498,J. DeBrusk,BOS,L,9895,10,12.3,4.47,1.23,Jake DeBrusk,1996-10-17,L,73,198,53.086745153165815,RW,3900240
8478421,A. Greer,CGY,L,5224,10,12.3,8.48,1.23,A.J. Greer,1996-12-14,L,75,209,0.08053416112689256,LW,3648015
8474586,J. Eberle,SEA,R,7201,7,12.200000000000001,6.1,1.74,Jordan Eberle,1990-05-15,R,71,190,4.478223940485605,RW,5032
8474673,T. Brodie,TOR,D,14092,10,12.200000000000001,3.12,1.22,TJ Brodie,1990-06-07,L,74,187,4.155806120954752,D,5162
8478439,T. Konecny,PHI,R,11974,10,12.2,3.67,1.22,Travis Konecny,1997-03-11,R,70,192,97.02600597434545,RW,3900169
8474150,M. Backlund,CGY,C,11833,10,12.1,3.68,1.21,Mikael Backlund,1989-03-17,L,72,206,3.4531236270977947,C,3797
8477507,N. Zadorov,CGY,D,10762,10,12.1,4.05,1.21,Nikita Zadorov,1995-04-16,L,78,248,1.423466697908734,D,3042021
8482157,W. Cuylle,NYR,L,6595,10,12.1,6.61,1.21,Will Cuylle,2002-02-05,L,75,210,0.41439700111286826,LW,4697468
8476474,S. Noesen,CAR,R,6637,10,12.0,6.51,1.2,Stefan Noesen,1993-02-12,R,73,205,0.7511860832894043,LW,2562623
8477425,M. Wood,COL,L,7346,10,12.0,5.88,1.2,Miles Wood,1995-09-13,L,74,195,0.38660359951381673,LW,3042110
8475324,N. Jensen,WSH,D,12583,10,12.0,3.43,1.2,Nick Jensen,1990-09-21,R,73,205,4.39449406940987,D,3025608
8482125,A. Holtz,NJD,R,8165,10,12.0,5.29,1.2,Alexander Holtz,2002-01-23,R,72,195,0.7702219879341651,RW,4697388
8483466,K. Korchinski,CHI,D,11566,10,12.0,3.74,1.2,Kevin Korchinski,2004-06-21,L,73,185,1.552340226114463,D,5080148
8480039,M. Necas,CAR,C,10226,10,11.9,4.19,1.19,Martin Necas,1999-01-15,R,74,189,83.30844022725941,RW,4233586
8479661,T. Jeannot,TBL,L,7555,10,11.9,5.67,1.19,Tanner Jeannot,1997-05-29,L,74,220,6.14127569847127,RW,4064780
8478109,V. Olofsson,BUF,L,6493,9,11.8,6.54,1.31,Victor Olofsson,1995-07-18,L,71,181,0.9561881333099046,RW,3151096
8481606,J. Spence,LAK,D,9260,10,11.8,4.59,1.18,Jordan Spence,2001-02-24,R,71,180,0.2679983597914592,D,4588190
8477971,A. Englund,LAK,D,7633,10,11.8,5.57,1.18,Andreas Englund,1996-01-21,L,76,200,0.17427215746001992,D,3114997
8482089,J. Neighbours,STL,L,7328,10,11.8,5.8,1.18,Jake Neighbours,2002-03-29,L,72,201,0.436399847699382,LW,4697409
8478233,A. Mangiapane,CGY,L,8815,9,11.8,4.82,1.31,Andrew Mangiapane,1996-04-04,L,70,184,10.986146501479073,RW,3149619
8480028,M. Frost,PHI,C,5209,6,11.700000000000001,8.09,1.95,Morgan Frost,1999-05-14,L,72,193,2.0031628887717448,C,4233685
8478399,J. Siegenthaler,NJD,D,11839,10,11.7,3.56,1.17,Jonas Siegenthaler,1997-05-06,L,74,218,7.41543417777127,D,3904190
8477451,R. Hartman,MIN,R,8927,9,11.7,4.72,1.3,Ryan Hartman,1994-09-20,R,72,197,42.761327358462935,C,3042063
8484166,A. Fantilli,CBJ,C,9410,10,11.7,4.48,1.17,Adam Fantilli,2004-10-12,L,74,194,37.53001815732443,C,5136617
8477500,B. Horvat,NYI,C,10571,9,11.7,3.98,1.3,Bo Horvat,1995-04-05,L,73,213,93.6449364493645,C,3042002
8478975,M. Marchment,DAL,L,8690,10,11.600000000000001,4.81,1.16,Mason Marchment,1995-06-18,L,77,216,1.0968573353249567,LW,4272192
8481557,M. Boldy,MIN,L,9715,9,11.600000000000001,4.3,1.29,Matt Boldy,2001-04-05,L,74,201,74.10010836774742,LW,4565233
8478542,E. Rodrigues,FLA,C,9707,10,11.6,4.3,1.16,Evan Rodrigues,1993-07-28,R,71,175,14.736503009093171,C,3648008
8475744,E. Kuznetsov,WSH,C,10458,8,11.6,3.99,1.45,Evgeny Kuznetsov,1992-05-19,L,74,207,6.403385462426053,C,5647
8480817,K. Miller,NYR,D,14406,10,11.6,2.9,1.16,K'Andre Miller,2000-01-21,L,77,210,63.10440767315859,D,4352770
8482074,C. Zary,CGY,C,8420,9,11.5,4.92,1.28,Connor Zary,2001-09-25,L,72,178,3.397475324371028,C,4697407
8476879,C. Ceci,EDM,D,11373,10,11.5,3.64,1.15,Cody Ceci,1993-12-21,R,75,210,0.5726085173686368,D,2976843
8481560,A. Kaliyev,LAK,R,8579,10,11.5,4.83,1.15,Arthur Kaliyev,2001-06-26,L,74,210,2.145388513018774,RW,4565256
8483490,P. Mintyukov,ANA,D,11178,10,11.5,3.7,1.15,Pavel Mintyukov,2003-11-25,L,73,195,21.29635053599672,D,5080154
8479400,P. Dubois,LAK,C,9188,10,11.5,4.51,1.15,Pierre-Luc Dubois,1998-06-24,L,76,225,82.72413086137715,C,4024833
8482113,A. Lundell,FLA,C,9739,10,11.4,4.21,1.14,Anton Lundell,2001-10-03,L,73,190,2.3589878755930416,LW,4697395
8478414,T. Meier,NJD,R,5451,5,11.4,7.53,2.28,Timo Meier,1996-10-08,L,73,220,94.07836935512212,LW,3899978
8476897,O. Sundqvist,STL,C,7799,10,11.3,5.22,1.13,Oskar Sundqvist,1994-03-23,R,75,220,0.16548047916117506,C,3069277
8483431,L. Cooley,ARI,C,9514,10,11.299999999999999,4.28,1.13,Logan Cooley,2004-05-04,L,70,174,64.76730222886097,C,5080143
8478043,S. Lafferty,VAN,C,7770,10,11.200000000000001,5.19,1.12,Sam Lafferty,1995-03-06,R,74,205,0.6398805165900372,C,3151322
8476856,M. Dumba,ARI,D,10406,9,11.2,3.87,1.24,Matt Dumba,1994-07-25,R,72,181,1.7925136195887763,D,2970689
8478416,E. Cernak,TBL,D,10093,9,11.2,3.99,1.24,Erik Cernak,1997-05-28,R,75,230,0.8859276614438425,D,3904178
8482705,C. Sillinger,CBJ,C,8251,10,11.2,4.89,1.12,Cole Sillinger,2003-05-16,L,73,199,0.31043167574532887,C,4874725
8478021,W. Lagesson,TOR,D,9106,10,11.2,4.43,1.12,William Lagesson,1996-02-22,L,74,211,0.05418069995606971,D,3151168
8475220,M. Foligno,MIN,L,9290,10,11.2,4.34,1.12,Marcus Foligno,1991-08-10,L,75,226,3.0474767888000467,RW,5172
8479324,R. Lindgren,NYR,D,11902,10,11.2,3.39,1.12,Ryan Lindgren,1998-02-11,L,72,193,0.9371796749158003,D,4271998
8479999,C. Mittelstadt,BUF,C,12169,10,11.100000000000001,3.28,1.11,Casey Mittelstadt,1998-11-22,L,73,195,8.211796403678322,C,4233575
8478438,T. Novak,NSH,C,5395,5,11.100000000000001,7.41,2.22,Tommy Novak,1997-04-28,L,73,179,59.90246902732624,C,3942061
8481582,N. Robertson,TOR,L,5036,8,11.1,7.93,1.39,Nicholas Robertson,2001-09-11,L,69,178,1.3793709365665086,LW,4565275
8478413,J. Greenway,BUF,L,8884,8,11.1,4.5,1.39,Jordan Greenway,1997-02-16,L,78,231,0.4495402096878111,LW,3900260
8473986,A. Killorn,ANA,L,10329,10,11.1,3.87,1.11,Alex Killorn,1989-09-14,L,73,194,1.9754279605793026,RW,4968
8480829,J. Kotkaniemi,CAR,C,8796,10,11.1,4.54,1.11,Jesperi Kotkaniemi,2000-07-06,L,74,201,32.649505066479236,C,4352692
8476925,C. Sissons,NSH,C,10155,10,11.1,3.94,1.11,Colton Sissons,1993-11-05,R,73,200,7.330931669741967,C,2993474
8478011,L. Belpedio,PHI,D,5461,7,11.0,7.25,1.57,Louie Belpedio,1996-05-14,R,71,197,0.05125201347195783,D,3151340
8480222,S. Aho,NYI,D,7767,9,11.0,5.1,1.22,Sebastian Aho (D),1996-02-17,L,70,180,0.8346756479718846,D,4272688
8477969,M. Pettersson,PIT,D,13545,10,11.0,2.92,1.1,Marcus Pettersson,1996-05-08,L,75,177,15.951090935715332,D,3114995
8477335,K. Burroughs,SJS,D,9407,9,11.0,4.21,1.22,Kyle Burroughs,1995-07-12,R,72,193,0.16694979790287623,D,3042255
8471699,A. Cogliano,COL,C,5160,8,10.8,7.53,1.35,Andrew Cogliano,1987-06-14,L,70,179,0.14058518583604254,C,3655
8477384,J. Brown,ARI,D,7873,8,10.8,4.94,1.35,Josh Brown,1994-01-21,R,77,220,0.1859879327514498,D,3042228
8477503,M. Domi,TOR,C,7460,10,10.700000000000001,5.16,1.07,Max Domi,1995-03-02,L,70,208,43.22697787474558,C,3042014
8481581,T. Harley,DAL,D,6970,7,10.7,5.53,1.53,Thomas Harley,2001-08-19,L,76,206,0.6985531017515084,D,4565239
8477541,D. Mermis,MIN,D,6889,7,10.7,5.59,1.53,Dakota Mermis,1994-01-05,L,72,195,0.29142991037431903,D,3069273
8470600,R. Suter,DAL,D,11982,10,10.600000000000001,3.18,1.06,Ryan Suter,1985-01-21,L,73,201,0.8889344502372445,D,3047
8478047,M. Bunting,CAR,L,6675,9,10.600000000000001,5.72,1.18,Michael Bunting,1995-09-17,L,72,192,23.970596848825632,LW,3149603
8476932,A. Stolarz,FLA,G,7190,2,10.600000000000001,5.31,5.3,Anthony Stolarz,1994-01-20,L,78,243,0.7860274816324736,G,3067313
8477989,C. Dvorak,MTL,C,9611,10,10.6,3.97,1.06,Christian Dvorak,1996-02-02,L,73,192,0.15668013822995375,LW,3115035
8479619,M. Carcone,ARI,L,6673,10,10.5,5.66,1.05,Michael Carcone,1996-05-19,L,69,170,0.615060188032686,RW,4031645
8475765,V. Tarasenko,OTT,R,9942,10,10.5,3.8,1.05,Vladimir Tarasenko,1991-12-13,L,73,219,82.38446670180988,RW,5837
8476858,P. Di Giuseppe,VAN,L,8180,10,10.5,4.62,1.05,Phillip Di Giuseppe,1993-10-09,L,72,193,0.49644143748352515,LW,3069834
8478057,D. Joshua,VAN,C,7546,10,10.4,4.96,1.04,Dakota Joshua,1996-05-15,L,75,206,0.45397299592888735,C,4588638
8482684,L. Hughes,NJD,D,11488,10,10.4,3.26,1.04,Luke Hughes,2003-09-09,L,74,184,77.3246448967638,D,4874719
8479346,D. Dube,CGY,C,7198,10,10.4,5.2,1.04,Dillon Dube,1998-07-20,L,71,185,2.5144246258383856,C,4063268
8475842,S. Carrick,ANA,C,7487,10,10.3,4.95,1.03,Sam Carrick,1992-02-04,R,72,200,0.17426705327592773,C,5474
8481641,J. Kiviranta,COL,L,4826,7,10.3,7.68,1.47,Joel Kiviranta,1996-03-23,L,71,185,1.0602466098468206,LW,4587910
8481568,A. Vlasic,CHI,D,9583,8,10.200000000000001,3.83,1.28,Alex Vlasic,2001-06-05,L,78,199,0.6136137308886416,D,4565266
8479353,B. Howden,VGK,C,8387,10,10.2,4.38,1.02,Brett Howden,1998-03-29,L,74,200,0.2592039363852034,LW,4024989
8475825,J. Hakanpää,DAL,D,11206,10,10.2,3.28,1.02,Jani Hakanpää,1992-03-31,R,79,222,5.403901353172047,D,2960288
8476822,L. Glendening,TBL,C,6954,10,10.2,5.28,1.02,Luke Glendening,1989-04-28,R,70,190,0.22110935395068237,RW,2335062
8475809,S. Wedgewood,DAL,G,7188,2,10.2,5.11,5.1,Scott Wedgewood,1992-08-14,L,74,201,1.3888685194690913,G,5622
8474602,J. Schultz,SEA,D,9865,10,10.2,3.72,1.02,Justin Schultz,1990-07-06,R,74,190,1.5333020912658895,D,2501067
8475762,D. Forbort,BOS,D,8552,8,10.2,4.29,1.27,Derek Forbort,1992-03-04,L,76,216,0.5857372968223752,D,5829
8479442,T. Stecher,ARI,D,11677,10,10.2,3.14,1.02,Troy Stecher,1994-04-07,R,70,184,0.07615253939429442,D,3096102
8478020,M. Amadio,VGK,R,7784,10,10.2,4.72,1.02,Michael Amadio,1996-05-13,R,73,200,0.5974870398031807,RW,3149829
8477953,K. Kapanen,STL,R,9177,10,10.1,3.96,1.01,Kasperi Kapanen,1996-07-23,R,73,194,1.2286379545155008,RW,3114775
8483505,M. Poitras,BOS,C,8168,10,10.0,4.41,1.0,Matthew Poitras,2004-03-10,R,71,180,5.653663679493938,C,5080221
8474149,E. Dadonov,DAL,R,8035,10,9.9,4.44,0.99,Evgenii Dadonov,1989-03-12,L,72,185,0.22698649796444367,RW,4969
8476438,B. Saad,STL,L,9107,10,9.9,3.91,0.99,Brandon Saad,1992-10-27,L,73,215,0.4012535512403713,LW,2563065
8480289,M. Barron,WPG,C,6238,10,9.8,5.66,0.98,Morgan Barron,1998-12-02,L,76,220,0.07322145095627215,C,4316970
8476624,B. Goodrow,NYR,C,6822,9,9.700000000000001,5.12,1.08,Barclay Goodrow,1993-02-26,L,74,209,0.484683418262754,C,3069411
8474870,T. Johnson,CHI,C,9125,10,9.7,3.83,0.97,Tyler Johnson,1990-07-29,R,68,185,0.962129865565416,C,5706
8479992,M. Rasmussen,DET,C,8993,10,9.7,3.88,0.97,Michael Rasmussen,1999-04-17,L,78,220,5.054764833362619,C,4233576
8470621,C. Perry,CHI,R,6632,8,9.6,5.21,1.2,Corey Perry,1985-05-16,R,75,208,2.703296381448885,RW,2273
8480185,E. Luostarinen,FLA,C,9459,10,9.6,3.65,0.96,Eetu Luostarinen,1998-09-02,L,75,190,4.009254378258068,LW,4233877
8481716,D. Voronkov,CBJ,L,7813,10,9.6,4.42,0.96,Dmitri Voronkov,2000-09-10,L,77,240,0.38218239325250397,LW,4915856
8477952,R. Fabbri,DET,C,4545,6,9.6,7.6,1.6,Robby Fabbri,1996-01-22,L,73,185,1.4101212440695836,LW,3114774
8482159,T. Foerster,PHI,R,10273,10,9.5,3.33,0.95,Tyson Foerster,2002-01-18,R,74,215,1.443800152287237,RW,4697406
8479415,M. McLeod,NJD,C,9890,10,9.5,3.46,0.95,Michael McLeod,1998-02-03,R,74,190,0.9342236279505651,C,4024902
8477903,G. Hathaway,PHI,R,6316,10,9.5,5.41,0.95,Garnet Hathaway,1991-11-23,R,74,212,0.6838282668540971,RW,3149633
8480849,B. Hayton,ARI,C,6167,6,9.5,5.55,1.58,Barrett Hayton,2000-06-09,L,73,207,4.536801101250623,C,4352699
8477964,I. Barbashev,VGK,C,8446,10,9.4,4.01,0.94,Ivan Barbashev,1995-12-14,L,72,198,60.45162990949828,LW,3114985
8479543,M. Pezzetta,MTL,L,4203,9,9.4,8.05,1.04,Michael Pezzetta,1998-03-13,L,73,217,0.3675393896796111,LW,4392215
8477998,W. Foegele,EDM,L,8238,10,9.4,4.11,0.94,Warren Foegele,1996-04-01,L,74,204,0.4466508508332601,LW,3151036
8475181,N. Leddy,STL,D,13248,10,9.4,2.55,0.94,Nick Leddy,1991-03-20,L,72,205,0.22406420244859704,D,5447
8479312,A. Lyon,DET,G,7080,2,9.399999999999999,4.78,4.7,Alex Lyon,1992-12-09,L,73,196,4.045988473552228,G,3654006
8475231,C. Cizikas,NYI,C,7897,10,9.3,4.24,0.93,Casey Cizikas,1991-02-27,L,71,194,0.2870028700287003,C,5262
8479398,S. Girard,COL,D,6404,5,9.3,5.23,1.86,Samuel Girard,1998-05-12,L,70,170,14.3752562825845,D,4063401
8477947,S. Milano,WSH,L,6785,9,9.3,4.93,1.03,Sonny Milano,1996-05-12,L,72,194,0.306038774673461,LW,3114756
8481789,T. Kartye,SEA,L,6661,10,9.3,5.03,0.93,Tye Kartye,2001-04-30,L,71,202,0.15522947602729698,LW,4588750
8482055,D. O'Connor,PIT,L,8765,10,9.3,3.82,0.93,Drew O'Connor,1998-06-09,L,75,200,0.23721665788086455,LW,4712146
8480184,G. Lindström,MTL,D,5381,6,9.3,6.22,1.55,Gustav Lindström,1998-10-20,R,74,194,0.049787670229901895,D,4233874
8478463,A. Beauvillier,VAN,L,8462,10,9.3,3.96,0.93,Anthony Beauvillier,1997-06-08,L,71,180,1.689951088070761,RW,3904107
8473504,C. Clutterbuck,NYI,R,7249,10,9.299999999999999,4.62,0.93,Cal Clutterbuck,1987-11-18,R,71,215,0.265038364669361,RW,3689
8482411,H. Shepard,WSH,G,3600,1,9.2,9.2,9.2,Hunter Shepard,1995-11-07,L,72,215,0.05425935973955508,G,0
8480001,U. Vaakanainen,ANA,D,9793,10,9.2,3.38,0.92,Urho Vaakanainen,1999-01-01,L,74,200,0.0527209888114346,D,4233619
8478856,C. Garland,VAN,R,8205,10,9.2,4.04,0.92,Conor Garland,1996-03-11,R,70,165,1.061711038865946,RW,3939718
8479339,P. Laine,CBJ,L,6649,7,9.2,4.98,1.31,Patrik Laine,1998-04-19,R,77,215,64.34575060036315,RW,4024820
8473453,T. Lewis,LAK,C,7440,10,9.2,4.45,0.92,Trevor Lewis,1987-01-08,R,73,205,0.09372345722402835,C,3454
8481186,L. O'Connor,COL,R,7151,8,9.100000000000001,4.58,1.14,Logan O'Connor,1996-08-14,R,72,175,2.631578947368421,RW,3988782
8478432,C. Fischer,DET,R,6321,9,9.1,5.18,1.01,Christian Fischer,1997-04-15,R,74,212,0.0922495716984171,RW,3904170
8478178,D. Raddysh,TBL,D,11502,10,9.1,2.85,0.91,Darren Raddysh,1996-02-28,R,73,195,0.19036462146727193,D,3149843
8476346,J. Gaudreau,CBJ,L,11376,10,9.1,2.88,0.91,Johnny Gaudreau,1993-08-13,L,69,163,67.53646107889651,LW,2563039
8481601,S. Holmstrom,NYI,R,8921,10,9.0,3.63,0.9,Simon Holmstrom,2001-05-24,L,74,215,0.12153692965501083,RW,4565244
8477497,S. Monahan,MTL,C,10484,10,9.0,3.09,0.9,Sean Monahan,1994-10-12,L,74,202,25.730685878287353,C,3041996
8473449,K. Okposo,BUF,R,8965,10,9.0,3.61,0.9,Kyle Okposo,1988-04-16,R,72,218,0.24160955895273237,RW,3859
8477488,B. Pesce,CAR,D,7353,6,9.0,4.41,1.5,Brett Pesce,1994-11-15,R,75,206,3.9229755454678576,D,3025535
8475793,R. Johansen,COL,C,8498,10,9.0,3.81,0.9,Ryan Johansen,1992-07-31,R,75,218,8.13050991418446,C,5434
8477220,N. Schmidt,WPG,D,9371,9,8.9,3.42,0.99,Nate Schmidt,1991-07-16,L,72,192,0.28117860699431785,D,3024798
8471677,J. Johnson,COL,D,8860,10,8.9,3.62,0.89,Jack Johnson,1987-01-13,L,73,227,0.2753207193486029,D,3583
8479393,N. Gregor,TOR,C,6746,10,8.9,4.75,0.89,Noah Gregor,1998-07-28,L,72,192,0.13617793917385385,C,4063460
8476419,J. Pageau,NYI,C,9703,10,8.9,3.3,0.89,Jean-Gabriel Pageau,1992-11-11,R,71,185,3.2287822878228782,C,2593131
8477979,N. Aube-Kubel,WSH,R,4963,6,8.9,6.46,1.48,Nicolas Aube-Kubel,1996-05-10,R,72,207,1.2314766004802906,RW,3115014
8476931,J. McCabe,TOR,D,7831,6,8.899999999999999,4.09,1.48,Jake McCabe,1993-10-12,L,73,211,36.52018567600416,D,3020803
8482176,W. Kaiser,CHI,D,9682,10,8.8,3.27,0.88,Wyatt Kaiser,2002-07-31,L,72,173,0.15669849452287504,D,4697717
8477987,R. Donato,CHI,C,6979,10,8.8,4.54,0.88,Ryan Donato,1996-04-09,L,72,190,1.3370236944615295,RW,3115033
8477478,W. Carrier,VGK,L,6803,10,8.8,4.66,0.88,William Carrier,1994-12-20,L,74,220,0.2284509269835691,LW,3042054
8477407,A. Duclair,SJS,L,7097,7,8.8,4.46,1.26,Anthony Duclair,1995-08-26,L,71,197,5.52626954840977,LW,3042086
8481059,S. Perunovich,STL,D,7242,8,8.8,4.37,1.1,Scott Perunovich,1998-08-18,L,70,175,0.24017339347431316,D,4320665
8478454,N. Juulsen,VAN,D,6912,8,8.8,4.58,1.1,Noah Juulsen,1997-04-02,R,74,201,0.048327573077148384,D,3900504
8476999,L. Ullmark,BOS,G,17949,5,8.8,1.77,1.76,Linus Ullmark,1993-07-31,L,76,213,98.3472892317168,G,3069285
8478492,I. Samsonov,TOR,G,15873,5,8.8,2.0,1.76,Ilya Samsonov,1997-02-22,L,75,217,66.24774530363244,G,3900505
8475752,T. Pitlick,NYR,C,5284,9,8.8,6.0,0.98,Tyler Pitlick,1991-11-01,R,74,199,0.10542808194104814,RW,5526
8480878,N. Lundkvist,DAL,D,8489,10,8.700000000000001,3.69,0.87,Nils Lundkvist,2000-07-27,R,73,190,0.3148614609571789,D,4352800
8479420,T. Thompson,BUF,C,5263,5,8.700000000000001,5.95,1.74,Tage Thompson,1997-10-30,R,78,220,96.26749838926962,C,4024988
8471698,T. Oshie,WSH,R,9568,10,8.700000000000001,3.27,0.87,T.J. Oshie,1986-12-23,R,72,187,2.6899197563404207,RW,5034
8480860,K. Bahl,NJD,D,9737,10,8.700000000000001,3.22,0.87,Kevin Bahl,2000-06-27,L,78,230,0.1581490701420413,D,4378686
8477429,A. Copp,DET,C,10185,10,8.7,3.08,0.87,Andrew Copp,1994-07-08,L,73,203,7.050606220347917,C,3042114
8477021,A. Kerfoot,ARI,C,9669,10,8.7,3.24,0.87,Alex Kerfoot,1994-08-11,L,71,186,0.2914171072092785,C,3069394
8480834,T. Emberson,SJS,D,7573,7,8.7,4.14,1.24,Ty Emberson,2000-05-23,R,74,193,0.027824966317146035,D,4587566
8478017,M. Friedman,VAN,D,5247,8,8.6,5.9,1.08,Mark Friedman,1995-12-25,R,71,185,0.07028435880165168,D,3151325
8474034,P. Maroon,MIN,L,8231,10,8.6,3.76,0.86,Pat Maroon,1988-04-23,L,75,234,0.6574708604228899,LW,3853
8475722,J. Zucker,ARI,L,6755,8,8.6,4.58,1.08,Jason Zucker,1992-01-16,L,71,192,1.9798500468603561,LW,2593315
8481577,P. Tomasino,NSH,C,5141,7,8.6,6.02,1.23,Philip Tomasino,2001-07-28,R,72,179,37.01051460035732,C,4565245
8478115,P. Engvall,NYI,L,8030,9,8.5,3.81,0.94,Pierre Engvall,1996-05-31,L,77,215,0.1727874421601359,LW,3151763
8482475,Y. Chinakhov,CBJ,R,7071,9,8.5,4.33,0.94,Yegor Chinakhov,2001-02-01,L,73,204,0.2562525625256252,RW,4697404
8478133,J. Evans,MTL,C,7778,10,8.5,3.93,0.85,Jake Evans,1996-06-02,R,73,187,0.18743044573302875,C,4393049
8480807,M. Samuelsson,BUF,D,8163,7,8.5,3.75,1.21,Mattias Samuelsson,2000-03-14,L,76,231,7.41543417777127,D,4378656
8475177,C. de Haan,TBL,D,9175,10,8.5,3.34,0.85,Calvin de Haan,1991-05-09,L,73,192,0.08786059452335628,D,5266
8479066,R. Lomberg,FLA,L,4936,10,8.5,6.2,0.85,Ryan Lomberg,1994-12-09,L,69,184,0.10835822643940725,LW,3942548
8479973,S. Skinner,EDM,G,26020,8,8.4,1.16,1.05,Stuart Skinner,1998-11-01,L,76,230,47.41072083302779,G,4268767
8476927,T. Blueger,VAN,C,7080,8,8.4,4.27,1.05,Teddy Blueger,1994-08-15,L,72,185,0.14937175995079519,C,3024916
8481477,N. Sturm,SJS,C,6895,8,8.4,4.39,1.05,Nico Sturm,1995-05-03,L,75,209,0.17573148229505314,C,4320625
8477365,C. Clifton,BUF,D,9263,10,8.4,3.26,0.84,Connor Clifton,1995-04-28,R,71,190,2.0808317469614876,D,3042191
8482245,A. Zub,OTT,D,6143,5,8.3,4.86,1.66,Artem Zub,1995-10-03,R,75,204,6.611509737882559,D,4712021
8478434,K. Kolesar,VGK,R,6472,10,8.3,4.62,0.83,Keegan Kolesar,1997-04-08,R,74,216,0.7673608060217321,RW,3941546
8476458,R. Strome,ANA,C,9665,10,8.3,3.09,0.83,Ryan Strome,1993-07-11,R,73,191,8.618164777553233,C,2562636
8476921,J. Martinook,CAR,L,8548,10,8.3,3.5,0.83,Jordan Martinook,1992-07-25,L,72,196,0.16985884144555732,LW,2989376
8476329,T. Boyd,ARI,C,5205,9,8.3,5.74,0.92,Travis Boyd,1993-09-14,R,72,190,0.1435140438742934,C,3024784
8481611,P. Kochetkov,CAR,G,9479,3,8.200000000000001,3.11,2.73,Pyotr Kochetkov,1999-06-25,L,75,205,28.79412239151794,G,4565259
8476393,N. Cousins,FLA,C,8172,10,8.200000000000001,3.61,0.82,Nick Cousins,1993-07-20,L,71,186,0.09517952322380367,C,2563027
8482117,L. Reichel,CHI,L,9622,10,8.200000000000001,3.07,0.82,Lukas Reichel,2002-05-17,L,72,170,35.688135196087046,LW,4697400
8479368,M. Jones,ANA,L,6036,8,8.2,4.89,1.02,Max Jones,1998-02-17,L,75,216,0.0717570219371467,LW,4024980
8475343,N. Dowd,WSH,C,5837,6,8.2,5.06,1.37,Nic Dowd,1990-05-27,R,73,193,0.1932876471621859,C,3025616
8474618,M. Scandella,STL,D,7283,9,8.2,4.05,0.91,Marco Scandella,1990-02-23,L,75,212,0.05857887645714955,D,5218
8476872,S. Laughton,PHI,C,9304,10,8.2,3.17,0.82,Scott Laughton,1994-05-30,L,73,191,8.699408422655655,C,2976848
8480821,F. Zadina,SJS,R,7076,9,8.2,4.17,0.91,Filip Zadina,1999-11-27,L,72,190,0.19036462146727193,RW,4352700
8477353,T. Motte,TBL,C,9154,10,8.1,3.19,0.81,Tyler Motte,1995-03-10,L,70,194,0.08492942072277866,C,3042138
8478519,A. Cirelli,TBL,C,8888,9,8.0,3.24,0.89,Anthony Cirelli,1997-07-15,L,73,190,2.7455631699174132,C,3941973
8481559,J. Hughes,NJD,C,5581,5,7.8999999999999995,5.1,1.58,Jack Hughes,2001-05-14,L,71,175,99.69249692496925,C,4565222
8479671,M. Olivier,CBJ,R,3746,6,7.8,7.5,1.3,Mathieu Olivier,1997-02-11,R,73,222,0.02635740643120717,C,4064781
8479520,B. Duhaime,MIN,R,5284,10,7.8,5.31,0.78,Brandon Duhaime,1997-05-22,L,74,200,0.41736227045075125,LW,4197009
8480172,J. Rutta,SJS,D,8811,8,7.8,3.19,0.98,Jan Rutta,1990-07-29,R,75,204,0.09957825679475164,D,4230583
8482241,R. Zohorna,PIT,L,7153,10,7.7,3.88,0.77,Radim Zohorna,1996-04-29,L,78,220,0.2489310607391788,LW,4711949
8480802,R. McLeod,EDM,C,9180,10,7.7,3.02,0.77,Ryan McLeod,1999-09-21,L,75,188,0.15815833406554783,C,4378669
8481481,B. Lizotte,LAK,C,5244,7,7.7,5.29,1.1,Blake Lizotte,1997-12-13,L,69,175,0.17866034033330405,C,4316983
8475848,B. Gallagher,MTL,R,8645,10,7.7,3.21,0.77,Brendan Gallagher,1992-05-06,R,69,183,1.035260352603526,RW,5614
8479293,B. Tanev,SEA,L,5686,7,7.7,4.88,1.1,Brandon Tanev,1991-12-31,L,72,189,0.8786574114752657,LW,3096236
8480835,J. Drury,CAR,C,5783,10,7.7,4.79,0.77,Jack Drury,2000-02-03,L,71,174,0.08639372108006795,C,4378671
8477846,R. Carpenter,SJS,C,6350,10,7.6000000000000005,4.31,0.76,Ryan Carpenter,1991-01-18,R,73,198,0.03368186743988519,C,3096605
8481743,M. Del Gaizo,NSH,D,4910,5,7.6,5.57,1.52,Marc Del Gaizo,1999-10-11,L,71,188,0.049792044988577124,D,0
8480887,J. Harris,MTL,D,5373,5,7.5,5.03,1.5,Jordan Harris,2000-07-07,L,71,189,0.3602284375457607,D,4419724
8476874,O. Maatta,DET,D,8202,9,7.4,3.25,0.82,Olli Maatta,1994-08-22,L,74,207,0.5696295211597598,D,2976850
8479394,C. Hart,PHI,G,14176,4,7.4,1.88,1.85,Carter Hart,1998-08-13,L,74,196,74.88231584813245,G,4064582
8474151,R. McDonagh,NSH,D,3500,3,7.4,7.61,2.47,Ryan McDonagh,1989-06-13,L,73,215,8.35920567043524,D,4954
8475179,D. Kulikov,FLA,D,10096,9,7.4,2.64,0.82,Dmitry Kulikov,1990-10-29,L,73,201,1.8948601552203836,D,5328
8481528,D. Cozens,BUF,C,8248,8,7.4,3.23,0.92,Dylan Cozens,2001-02-09,R,75,195,74.07456217419318,C,4565228
8477511,A. Mantha,WSH,R,5587,7,7.3999999999999995,4.77,1.06,Anthony Mantha,1994-09-16,L,77,234,0.14350143501435014,RW,3042037
8479379,G. Smith,SJS,R,4383,10,7.300000000000001,6.0,0.73,Givani Smith,1998-02-27,L,74,214,0.09079459918577747,RW,4063602
8481704,J. Parssinen,NSH,C,7937,9,7.3,3.31,0.81,Juuso Parssinen,2001-02-01,L,75,212,0.707319216237589,C,4867883
8475797,J. Tinordi,CHI,D,2671,3,7.3,9.84,2.43,Jarred Tinordi,1992-02-20,L,78,229,0.14644719114287388,D,5549
8478007,E. Merzlikins,CBJ,G,21930,7,7.200000000000003,1.18,1.03,Elvis Merzlikins,1994-04-13,L,75,184,8.12863867665821,G,3151038
8481058,J. Ylönen,MTL,R,3153,6,7.200000000000001,8.22,1.2,Jesse Ylönen,1999-10-03,R,73,200,0.8639372108006794,RW,4378663
8477845,T. van Riemsdyk,WSH,D,5227,6,7.2,4.96,1.2,Trevor van Riemsdyk,1991-07-24,R,75,191,2.4630253331380874,D,3025524
8475766,A. Watson,TBL,L,2551,7,7.2,10.16,1.03,Austin Watson,1992-01-13,R,76,209,0.10396532536753939,RW,5556
8475763,K. Hayes,STL,R,8549,10,7.2,3.03,0.72,Kevin Hayes,1992-05-08,L,77,216,0.6296768147139363,C,5767
8478028,F. Olofsson,COL,L,6043,9,7.2,4.29,0.8,Fredrik Olofsson,1996-05-27,L,74,190,0.046861728612014174,LW,3151772
8475149,M. Johansson,MIN,L,9549,10,7.1000000000000005,2.68,0.71,Marcus Johansson,1990-10-06,L,73,203,0.601880326860557,LW,5714
8479576,V. Desharnais,EDM,D,8970,10,7.1,2.85,0.71,Vincent Desharnais,1996-05-29,R,79,226,0.06736570792572198,D,4392260
8479546,O. Steen,BOS,C,3977,7,7.1,6.43,1.01,Oskar Steen,1998-03-09,R,70,196,0.04100041000410004,C,4392520
8480448,P. Kelly,OTT,L,5405,10,7.1,4.73,0.71,Parker Kelly,1999-05-14,L,73,185,0.09517952322380367,C,4392309
8480280,J. Swayman,BOS,G,18010,5,7.000000000000002,1.4,1.4,Jeremy Swayman,1998-11-24,L,75,195,94.42749882684186,G,4712036
8480025,M. Entwistle,CHI,R,6351,9,7.0,3.97,0.78,MacKenzie Entwistle,1999-07-14,R,75,184,0.06589930586064494,RW,4393072
8475839,L. Domingue,NYR,G,3600,1,7.0,7.0,7.0,Louis Domingue,1992-03-06,R,75,209,0.34315378862313206,G,2560083
8477950,T. DeAngelo,CAR,D,6814,7,7.0,3.7,1.0,Tony DeAngelo,1995-10-24,R,71,180,51.91243227412505,D,3114769
8484304,U. Balinskis,FLA,D,3995,5,7.0,6.31,1.4,Uvis Balinskis,1996-08-01,L,72,196,0.039537267535510325,D,5142461
8476917,A. Pelech,NYI,D,7750,7,6.8999999999999995,3.21,0.99,Adam Pelech,1994-08-16,L,75,210,3.709181432127691,D,3069621
8479977,K. Yamamoto,SEA,R,7910,10,6.8999999999999995,3.14,0.69,Kailer Yamamoto,1998-09-29,R,68,153,1.0425818543899725,RW,4233648
8476433,M. Hellberg,PIT,G,5121,2,6.800000000000001,4.78,3.4,Magnus Hellberg,1991-04-04,L,78,220,0.13931457230426303,G,2563047
8480035,H. Jokiharju,BUF,D,6095,7,6.800000000000001,4.02,0.97,Henri Jokiharju,1999-06-17,R,72,200,0.8610338263288916,D,4233705
8480051,C. Primeau,MTL,G,11300,3,6.800000000000001,2.17,2.27,Cayden Primeau,1999-08-11,L,75,207,0.43260840873429046,G,4587855
8480796,M. Fehervary,WSH,D,5148,5,6.8,4.76,1.36,Martin Fehervary,1999-10-06,L,74,199,3.307951383804364,D,4378677
8478452,C. Jones,COL,D,5492,7,6.8,4.46,0.97,Caleb Jones,1997-06-06,L,73,194,0.32945793188274225,D,3941970
8480246,N. Perbix,TBL,D,8393,9,6.8,2.92,0.76,Nick Perbix,1998-06-15,R,75,202,0.1815785620149363,D,4419638
8481122,S. Benoit,TOR,D,4760,6,6.8,5.14,1.13,Simon Benoit,1998-09-19,L,76,205,0.3206864740595393,D,4392642
8477070,L. O'Brien,ARI,C,6022,10,6.7,4.01,0.67,Liam O'Brien,1994-07-29,L,73,213,0.47447500219664357,LW,3150468
8480084,N. DeSimone,CGY,D,5413,7,6.7,4.46,0.96,Nick DeSimone,1994-11-21,R,74,185,0.05125651690000586,D,4196959
8478024,V. Husso,DET,G,17869,5,6.6000000000000005,1.33,1.32,Ville Husso,1995-02-06,L,75,205,28.282324646947544,G,3151137
8476878,Z. Girgensons,BUF,L,7100,9,6.6000000000000005,3.35,0.73,Zemgus Girgensons,1994-01-05,L,74,200,0.14203713465706086,C,2968829
8480468,J. Hamblin,EDM,L,4284,9,6.6000000000000005,5.55,0.73,James Hamblin,1999-04-27,L,70,185,0.02489529332513253,RW,4588749
8481178,E. Zamula,PHI,D,6411,8,6.6000000000000005,3.71,0.82,Egor Zamula,2000-03-30,L,75,200,0.4788402401522917,D,4392268
8478585,D. Ryan,EDM,C,6433,10,6.6,3.69,0.66,Derek Ryan,1986-12-29,R,70,185,0.09958117330053012,RW,3902133
8474090,B. Smith,NJD,D,8433,10,6.6,2.82,0.66,Brendan Smith,1989-02-08,L,74,200,0.10250402694391567,D,4973
8480823,A. Alexeyev,WSH,D,4478,6,6.5,5.23,1.08,Alexander Alexeyev,1999-11-15,L,76,213,0.07175281886074096,D,4352805
8481147,R. Johnson,CHI,C,4981,7,6.5,4.7,0.93,Reese Johnson,1998-07-10,R,73,193,0.07615030899452303,RW,4586824
8477935,S. Bennett,FLA,C,7232,7,6.5,3.24,0.93,Sam Bennett,1996-06-20,L,73,195,36.15064722075792,C,3114732
8478970,J. Chatfield,CAR,D,6598,7,6.5,3.55,0.93,Jalen Chatfield,1996-05-15,R,73,188,0.18304290525699224,D,4063449
8476981,J. Anderson,MTL,R,10124,10,6.5,2.31,0.65,Josh Anderson,1994-05-07,R,75,224,2.6108475370467987,RW,3069687
8475855,J. Fast,CAR,R,8005,10,6.5,2.92,0.65,Jesper Fast,1991-12-02,R,73,191,0.23575235752357526,RW,2590847
8479390,T. Raddysh,CHI,R,9798,10,6.5,2.39,0.65,Taylor Raddysh,1998-02-18,R,75,198,2.8014527135869725,RW,4063502
8480008,A. Ruzicka,CGY,C,5763,9,6.5,4.06,0.72,Adam Ruzicka,1999-05-11,L,76,215,0.21380663679231468,C,4392768
8478873,T. Terry,ANA,R,10471,10,6.5,2.23,0.65,Troy Terry,1997-09-10,R,72,185,57.434906130099876,C,3942905
8476967,B. Kulak,EDM,D,9399,10,6.4,2.45,0.64,Brett Kulak,1994-01-06,L,74,192,0.3661179778571847,D,3068665
8478078,R. Chartier,OTT,C,6944,10,6.4,3.32,0.64,Rourke Chartier,1996-04-03,L,72,201,0.02635740643120717,C,3151791
8483808,A. Kuzmenko,VAN,L,6486,7,6.4,3.55,0.91,Andrei Kuzmenko,1996-02-04,R,71,194,77.10072342793545,LW,5077308
8473533,J. Staal,CAR,C,9275,10,6.4,2.48,0.64,Jordan Staal,1988-09-10,L,76,220,1.7761963333919055,C,3541
8479968,V. Lettieri,MIN,C,5321,8,6.4,4.33,0.8,Vinni Lettieri,1995-02-06,R,70,184,0.036610725478136076,C,3095892
8480070,I. Mitchell,BOS,D,6918,7,6.3,3.28,0.9,Ian Mitchell,1999-01-18,R,72,192,0.07614473356664861,D,4319916
8480011,K. Kostin,DET,C,4683,9,6.3,4.84,0.7,Klim Kostin,1999-05-05,L,76,232,0.10542808194104814,RW,4233738
8478039,K. Kahkonen,SJS,G,11954,4,6.200000000000001,1.87,1.55,Kaapo Kahkonen,1996-08-16,L,74,217,0.24052210896824813,G,3151341
8475235,N. Deslauriers,PHI,L,4963,10,6.2,4.5,0.62,Nicolas Deslauriers,1991-02-22,L,73,218,0.34850348503485035,RW,5193
8484145,Z. Benson,BUF,L,4431,5,6.2,5.04,1.24,Zach Benson,2005-05-12,L,69,163,1.9284835705499912,LW,5149186
8475750,J. Merrill,MIN,D,3660,5,6.199999999999999,6.1,1.24,Jon Merrill,1992-02-03,L,75,204,0.13326694394001523,D,3059403
8476889,R. Faksa,DAL,C,6092,8,6.1000000000000005,3.6,0.76,Radek Faksa,1994-01-09,L,75,215,0.12154760858741177,C,2976842
8480073,E. Brannstrom,OTT,D,4531,5,6.1000000000000005,4.85,1.22,Erik Brannstrom,1999-09-02,L,70,185,0.13764826475325817,D,4233606
8479193,C. DeSmith,VAN,G,14121,4,6.000000000000001,1.53,1.5,Casey DeSmith,1991-08-13,L,72,181,8.784279219826955,G,3025540
8475883,F. Andersen,CAR,G,7128,2,6.000000000000001,3.03,3.0,Frederik Andersen,1989-10-02,L,76,238,47.21444178850581,G,2517899
8481605,J. LaCombe,ANA,D,10675,9,6.0,2.02,0.67,Jackson LaCombe,2001-01-09,L,74,205,0.13326694394001523,D,4565262
8480880,J. Lauko,BOS,C,4064,7,6.0,5.31,0.86,Jakub Lauko,2000-03-28,L,73,193,0.09957242429567152,RW,4391789
8477392,H. Fasching,NYI,R,5279,7,6.0,4.09,0.86,Hudson Fasching,1995-07-28,R,75,209,0.07614361857904293,RW,3042134
8476905,C. Stephenson,VGK,C,6031,6,6.0,3.58,1.0,Chandler Stephenson,1994-04-22,L,72,209,51.85689599625106,C,3067858
8480220,N. Cates,PHI,L,7481,10,6.0,2.89,0.6,Noah Cates,1999-02-05,L,74,194,0.795115094008083,LW,4419682
8479458,N. Zaitsev,CHI,D,3082,4,6.0,7.01,1.5,Nikita Zaitsev,1991-10-29,R,74,192,0.12155116864858533,D,4010739
8475791,T. Hall,CHI,L,5151,5,6.0,4.19,1.2,Taylor Hall,1991-11-14,L,73,210,14.631931936329423,LW,5428
8479414,N. Bastian,NJD,R,6244,10,5.9,3.4,0.59,Nathan Bastian,1997-12-06,R,76,205,0.15375153751537515,RW,4063279
8481032,P. Cotter,VGK,C,6783,10,5.9,3.13,0.59,Paul Cotter,1999-11-16,L,74,213,3.3696511730076444,C,4331579
8474567,Z. Bogosian,MIN,D,5409,7,5.9,3.93,0.84,Zach Bogosian,1990-07-15,R,75,231,0.14203297507833776,D,4002
8476871,T. Pearson,MTL,L,8633,10,5.9,2.46,0.59,Tanner Pearson,1992-08-10,L,73,207,2.230096788836337,LW,2976860
8481708,Z. Jones,NYR,D,6967,9,5.9,3.05,0.66,Zac Jones,2000-10-18,L,70,176,0.1156831161224191,D,4781635
8481564,R. Johnson,BUF,D,9011,10,5.8,2.32,0.58,Ryan Johnson,2001-07-24,L,72,170,0.07468150534485284,D,0
8475164,J. Silfverberg,ANA,R,7775,10,5.8,2.69,0.58,Jakob Silfverberg,1990-10-13,R,73,207,0.09372345722402835,RW,2590549
8474040,S. Gagner,EDM,C,5224,7,5.7,3.93,0.81,Sam Gagner,1989-08-10,R,71,200,1.0133848812348065,C,3808
8478104,S. Blais,STL,L,5746,9,5.7,3.57,0.63,Sammy Blais,1996-06-17,L,74,206,0.42175555750812754,LW,3149697
8475311,D. Kuemper,WSH,G,14564,4,5.600000000000001,1.38,1.4,Darcy Kuemper,1990-05-05,L,77,215,17.591764309073042,G,2610321
8477932,A. Ekblad,FLA,D,5144,4,5.6000000000000005,3.92,1.4,Aaron Ekblad,1996-02-07,R,76,215,55.505930590130326,D,3114717
8477944,J. Vrana,STL,L,5986,8,5.6,3.37,0.7,Jakub Vrana,1996-02-28,L,72,190,44.93241759046378,RW,3114747
8482092,R. Greig,OTT,C,2218,3,5.6,9.09,1.87,Ridly Greig,2002-08-08,L,72,184,1.902126164118784,C,4697411
8476312,J. Manson,COL,D,6561,7,5.6,3.07,0.8,Josh Manson,1991-10-07,R,75,218,0.4788823150371975,D,2590829
8480144,D. Kampf,TOR,C,7965,10,5.6,2.53,0.56,David Kampf,1995-01-12,L,74,190,0.1391085339424823,C,4267976
8474031,K. Shattenkirk,BOS,D,5804,6,5.6,3.47,0.93,Kevin Shattenkirk,1989-01-29,R,72,203,7.790191972587896,D,5008
8480727,Z. Whitecloud,VGK,D,7144,7,5.5,2.77,0.79,Zach Whitecloud,1996-11-28,R,74,218,0.4891336184171987,D,4312877
8477018,B. Hutton,VGK,D,8086,9,5.5,2.45,0.61,Ben Hutton,1993-04-20,L,75,201,0.10837092144572669,D,3571762
8479402,J. Bean,CBJ,D,7724,9,5.4,2.52,0.6,Jake Bean,1998-06-09,L,73,191,0.5447356860448089,D,4024916
8481056,S. Stastney,NSH,D,3894,4,5.4,4.99,1.35,Spencer Stastney,2000-01-04,L,72,184,0.020502606760002342,D,4393406
8481554,K. Kakko,NYR,R,7555,10,5.3999999999999995,2.57,0.54,Kaapo Kakko,2001-02-13,L,74,205,2.1246998184267554,RW,4565223
8479372,J. Mahura,FLA,D,4404,6,5.300000000000001,4.33,0.88,Josh Mahura,1998-05-05,L,72,193,0.09078928100746815,D,4063504
8482077,D. Holloway,EDM,L,3090,5,5.3,6.17,1.06,Dylan Holloway,2001-09-23,L,73,206,0.2416307881556981,C,4697397
8481553,B. Brink,PHI,R,4930,6,5.3,3.87,0.88,Bobby Brink,2001-07-08,R,68,169,1.121654073683594,RW,4565257
8477446,M. McCarron,NSH,R,4721,7,5.3,4.04,0.76,Michael McCarron,1995-03-07,R,78,232,0.035146296459010636,RW,3042048
8475225,C. Smith,DAL,C,4863,8,5.3,3.92,0.66,Craig Smith,1989-09-05,R,73,203,0.08786445443495834,RW,2570752
8476316,L. Brossoit,WPG,G,7200,2,5.2,2.6,2.6,Laurent Brossoit,1993-03-23,L,75,203,0.32411820781696854,G,3026526
8481604,P. Dorofeyev,VGK,L,4580,6,5.2,4.09,0.87,Pavel Dorofeyev,2000-10-26,L,73,194,8.821720411211668,RW,4587588
8476483,R. Rakell,PIT,R,6584,7,5.1000000000000005,2.79,0.73,Rickard Rakell,1993-05-05,R,73,195,42.924500673578166,RW,2562629
8482148,H. Lapierre,WSH,C,2958,6,5.1,6.21,0.85,Hendrix Lapierre,2002-02-09,L,72,180,0.07760791893633222,C,4697405
8482964,A. Xhekaj,MTL,D,4526,6,5.1,4.06,0.85,Arber Xhekaj,2001-01-30,L,76,240,5.606970273832186,D,4893969
8482155,A. Laferriere,LAK,R,6734,9,5.0,2.67,0.56,Alex Laferriere,2001-10-28,R,73,205,0.15083618896992063,RW,4697725
8475208,B. Dumoulin,SEA,D,9290,10,5.0,1.94,0.5,Brian Dumoulin,1991-09-06,L,76,207,3.6245149007834807,D,5738
8477369,C. Soucy,VAN,D,2821,3,5.0,6.38,1.67,Carson Soucy,1994-07-27,L,77,208,1.1686485853201336,D,3042198
8479362,R. Tufte,COL,L,2648,4,4.9,6.66,1.23,Riley Tufte,1998-04-10,L,78,230,0.05418387370764139,LW,4024985
8479987,M. Geekie,BOS,C,3327,4,4.9,5.3,1.23,Morgan Geekie,1998-07-20,R,75,202,0.254784531357533,C,4268466
8480813,J. Veleno,DET,C,9197,10,4.9,1.92,0.49,Joe Veleno,2000-01-13,L,73,201,0.8492942072277866,C,4352804
8482162,R. Jarventie,OTT,L,3159,7,4.9,5.58,0.7,Roby Jarventie,2002-08-08,L,74,184,0.017571604287471447,LW,0
8475191,R. Smith,PIT,R,10272,10,4.9,1.72,0.49,Reilly Smith,1991-04-01,L,73,185,17.52741862269925,RW,2500990
8482192,I. Phillips,CHI,D,5470,6,4.7,3.09,0.78,Isaak Phillips,2001-09-28,L,75,205,0.042469685431433424,D,4697831
8479370,T. Jost,BUF,C,6093,9,4.6,2.72,0.51,Tyson Jost,1998-03-14,L,71,187,0.18450184501845018,C,4024879
8479351,S. Steel,DAL,C,6836,9,4.5,2.37,0.5,Sam Steel,1998-02-03,L,72,185,0.09958117330053012,C,4024998
8481167,B. Pachal,VGK,D,3359,4,4.5,4.82,1.12,Brayden Pachal,1999-08-23,R,74,202,0.19038134848573604,D,4392769
8478458,J. Roslovic,CBJ,C,4089,4,4.5,3.96,1.12,Jack Roslovic,1997-01-29,R,73,198,3.7559304164470215,C,3904098
8475193,T. Tatar,COL,L,5825,9,4.5,2.78,0.5,Tomas Tatar,1990-12-01,L,70,173,0.9635237439779766,LW,5227
8476883,A. Vasilevskiy,TBL,G,3600,1,4.4,4.4,4.4,Andrei Vasilevskiy,1994-07-25,L,76,220,93.7205789620331,G,2976847
8482094,D. Hunt,MIN,D,2328,4,4.4,6.8,1.1,Daemon Hunt,2002-05-15,L,73,201,0.010251303380001171,D,0
8479321,L. Johansen,WSH,D,3501,4,4.300000000000001,4.42,1.08,Lucas Johansen,1997-11-16,L,74,176,0.033679894567286574,D,4024994
8479976,J. Valimaki,ARI,D,5331,5,4.300000000000001,2.9,0.86,Juuso Valimaki,1998-10-06,L,74,205,49.031984066545604,D,4233611
8483460,D. Jiricek,CBJ,D,5065,6,4.2,2.99,0.7,David Jiricek,2003-11-28,R,76,207,1.3515888124176307,D,5080147
8479369,A. Peeke,CBJ,D,2551,3,4.1000000000000005,5.79,1.37,Andrew Peeke,1998-03-17,R,75,214,27.727339288329183,D,4064936
8480980,C. Dewar,MIN,C,5778,10,4.1000000000000005,2.55,0.41,Connor Dewar,1999-06-26,L,70,183,0.17866034033330405,C,4588004
8477930,P. Bellemare,SEA,L,4651,7,4.1,3.17,0.59,Pierre-Edouard Bellemare,1985-03-06,L,71,198,0.14496998096353786,RW,3111908
8475718,J. Holl,DET,D,6356,7,4.1,2.32,0.59,Justin Holl,1992-01-30,R,76,194,1.1846536828232537,D,5763
8471709,M. Vlasic,SJS,D,5168,6,4.1,2.86,0.68,Marc-Edouard Vlasic,1987-03-30,L,73,205,0.09226173042001054,D,3371
8476988,M. Benning,SJS,D,2464,2,4.1,5.99,2.05,Matt Benning,1994-05-25,R,73,203,0.36904692168004216,D,3069449
8477527,R. Johnston,ANA,L,2590,6,4.0,5.56,0.67,Ross Johnston,1994-02-18,L,77,234,0.03221319276667399,LW,3067822
8480762,E. Robinson,CBJ,L,1605,2,4.0,8.97,2.0,Eric Robinson,1995-06-14,L,74,211,0.05271481286241434,LW,4319879
8479718,A. Barré-Boulet,TBL,C,3640,6,4.0,3.96,0.67,Alex Barré-Boulet,1997-05-21,L,70,178,0.24453815966731096,LW,4270820
8480871,A. Boqvist,CBJ,D,4188,5,3.9,3.35,0.78,Adam Boqvist,2000-08-15,R,72,189,5.61282764680041,D,4352706
8480459,P. Suter,VAN,C,2738,3,3.9,5.13,1.3,Pius Suter,1996-05-24,L,71,179,0.24014525859544308,C,4271732
8477967,T. Demko,VAN,G,21561,6,3.8000000000000016,0.63,0.63,Thatcher Demko,1995-12-08,L,76,192,94.51646965652773,G,3096217
8482101,D. Gushchin,SJS,L,1794,2,3.8000000000000003,7.63,1.9,Danil Gushchin,2002-02-06,L,68,165,0.05857716076501771,RW,4697708
8476525,C. Miller,NJD,D,4685,5,3.8000000000000003,2.92,0.76,Colin Miller,1992-10-29,R,73,200,0.0922522733595935,D,2590796
8474716,J. Spurgeon,MIN,D,6786,5,3.8,2.02,0.76,Jared Spurgeon,1989-11-29,R,69,166,53.0168121375432,D,5079
8478099,K. Labanc,SJS,R,4836,7,3.8,2.83,0.54,Kevin Labanc,1995-12-12,R,71,185,0.08054359605189937,RW,3151792
8476442,M. Nieto,PIT,L,6240,10,3.7,2.13,0.37,Matt Nieto,1992-11-05,L,71,187,0.11567803435198337,LW,2563076
8480853,L. Foudy,NSH,C,5629,9,3.7,2.37,0.41,Liam Foudy,2000-02-04,L,74,193,0.030748506501112802,RW,4352758
8479522,H. Haman Aktell,WSH,D,3347,5,3.6,3.87,0.72,Hardy Haman Aktell,1998-07-04,L,75,198,0.008786059452335628,D,0
8471817,R. Reaves,TOR,R,2670,6,3.5000000000000004,4.72,0.58,Ryan Reaves,1987-01-20,R,74,226,1.0513522615787856,RW,3683
8477986,B. Montour,FLA,D,5858,4,3.5,2.15,0.88,Brandon Montour,1994-04-11,R,72,199,88.2881827500366,D,3115032
8482095,T. Kleven,OTT,D,3306,5,3.4000000000000004,3.7,0.68,Tyler Kleven,2002-01-10,L,76,200,0.0307512080831747,D,4697448
8478408,T. Dermott,ARI,D,1872,2,3.4000000000000004,6.54,1.7,Travis Dermott,1996-12-22,L,72,202,0.07615253939429442,D,3904172
8480891,M. Kesselring,ARI,D,4311,5,3.4,2.84,0.68,Michael Kesselring,2000-01-13,R,76,190,0.020502606760002342,D,4331604
8480002,N. Hischier,NJD,C,895,1,3.4,13.68,3.4,Nico Hischier,1999-01-04,L,73,175,85.00849294207228,C,4233555
8479547,M. Phillips,WSH,R,4491,7,3.4,2.73,0.49,Matthew Phillips,1998-04-06,R,68,160,0.1391085339424823,C,4064864
8478051,M. Willman,NJD,C,2732,4,3.3000000000000003,4.35,0.82,Max Willman,1995-02-13,L,72,184,0.1025010250102501,C,3151095
8477244,C. Ruhwedel,PIT,D,5339,7,3.3,2.23,0.47,Chad Ruhwedel,1990-05-07,R,71,191,0.12154048909064286,D,3024837
8471686,M. Staal,PHI,D,2491,3,3.3,4.77,1.1,Marc Staal,1987-01-13,L,76,208,0.2738321862644604,D,3250
8481043,C. Koepke,TBL,L,1705,4,3.2,6.76,0.8,Cole Koepke,1998-05-17,L,73,203,0.017571604287471447,LW,4419679
8476994,V. Hinostroza,PIT,C,3808,7,3.1,2.93,0.44,Vinnie Hinostroza,1994-04-03,R,70,183,0.32653897967551104,RW,3069613
8478904,S. Lorentz,FLA,C,4052,8,3.1,2.75,0.39,Steven Lorentz,1996-04-13,L,76,216,0.05857115663391563,C,3939658
8478462,N. Roy,VGK,C,4264,5,3.1,2.62,0.62,Nicolas Roy,1997-02-05,R,76,202,1.5596169053685967,C,3943996
8480870,B. Groulx,ANA,C,4320,6,3.1,2.58,0.52,Bo Groulx,2000-02-06,L,74,198,0.03221743842075975,C,4378685
8476934,B. McGinn,ANA,L,1847,3,3.0,5.85,1.0,Brock McGinn,1994-02-02,L,72,187,0.023430864306007087,LW,3067868
8478854,R. Shea,PIT,D,6950,10,3.0,1.55,0.3,Ryan Shea,1997-02-11,L,74,200,0.033679894567286574,D,3942033
8478502,D. Gilbert,CGY,D,2264,3,3.0,4.77,1.0,Dennis Gilbert,1996-10-30,L,74,216,0.024896022494288562,D,3942030
8479378,L. Stanley,WPG,D,1325,2,2.9000000000000004,7.88,1.45,Logan Stanley,1998-05-26,L,79,231,0.05418546072286334,D,4024968
8479980,N. Hague,VGK,D,3458,3,2.9,3.02,0.97,Nicolas Hague,1998-12-05,L,78,240,1.7061097768144806,D,4233870
8482496,N. Aman,VAN,C,1489,2,2.8000000000000003,6.77,1.4,Nils Aman,2000-02-07,L,74,179,0.16108719210379874,C,4697579
8479996,C. Glass,NSH,C,3512,4,2.8,2.87,0.7,Cody Glass,1999-04-01,R,75,206,0.2284509269835691,C,4233568
8476441,J. Edmundson,WSH,D,3366,3,2.8,2.99,0.93,Joel Edmundson,1993-06-28,L,77,221,0.14057695123737005,D,2563034
8481517,B. Leason,ANA,R,4856,7,2.8,2.08,0.4,Brett Leason,1999-04-30,R,77,218,0.04246844155463785,RW,4565278
8477035,M. Tomkins,TBL,G,3600,1,2.6000000000000005,2.6,2.6,Matt Tomkins,1994-06-19,L,76,191,0.08945462011115836,G,0
8478450,P. Wotherspoon,BOS,D,1667,2,2.6,5.61,1.3,Parker Wotherspoon,1997-08-24,L,73,195,0.0849319080392444,D,3942638
8478146,M. Highmore,OTT,C,1908,4,2.6,4.91,0.65,Matthew Highmore,1996-02-27,L,71,188,0.019035904644760734,C,4135544
8477454,A. Erne,EDM,L,1792,4,2.5,5.02,0.62,Adam Erne,1995-04-20,L,73,215,0.06443015917177959,LW,3041991
8479383,B. Katchouk,CHI,L,3083,4,2.5,2.92,0.62,Boris Katchouk,1998-06-18,L,74,206,0.04832615763113962,LW,4063495
8470604,J. Carter,PIT,C,2638,5,2.5,3.41,0.5,Jeff Carter,1985-01-01,R,75,219,0.2050020500205002,C,2383
8477073,K. MacDermid,COL,D,752,3,2.4000000000000004,11.49,0.8,Kurtis MacDermid,1994-03-25,L,77,233,0.10690644953429793,D,2992930
8482259,B. McMann,TOR,C,1620,3,2.4,5.33,0.8,Bobby McMann,1996-06-15,L,74,210,0.20060914894863235,C,5048894
8481522,P. Krebs,BUF,C,5617,8,2.4,1.54,0.3,Peyton Krebs,2001-01-26,L,72,187,0.28260996895683244,C,4565238
8477476,A. Lehkonen,COL,L,1741,2,2.3000000000000003,4.76,1.15,Artturi Lehkonen,1995-07-04,L,71,179,58.610842632457604,LW,3042050
8476960,A. Athanasiou,CHI,C,2764,4,2.3,3.0,0.57,Andreas Athanasiou,1994-08-06,L,74,190,0.5799138915736755,LW,3068035
8480855,J. McBain,ARI,C,2087,3,2.3,3.97,0.77,Jack McBain,2000-01-06,L,75,201,2.978648624901151,C,4755695
8478469,T. Chabot,OTT,D,1351,1,2.3,6.13,2.3,Thomas Chabot,1997-01-30,L,74,203,63.37823985942305,D,3900219
8476422,M. Reilly,FLA,D,1696,2,2.2,4.67,1.1,Mike Reilly,1993-07-13,L,73,196,0.07175281886074096,D,3024796
8475906,J. Klingberg,TOR,D,6168,5,2.2,1.28,0.44,John Klingberg,1992-08-14,R,74,185,30.93819097684907,D,2590751
8481006,T. Tucker,STL,D,1846,2,2.0,3.9,1.0,Tyler Tucker,2000-03-01,L,73,204,0.05711440454572081,D,4587904
8481206,J. Ludvig,PIT,D,1909,3,2.0,3.77,0.67,John Ludvig,2000-08-02,L,73,213,0.019036462146727193,D,0
8477361,C. Petersen,PHI,G,7200,2,2.0,1.0,1.0,Cal Petersen,1994-10-19,R,74,185,0.08065462224307836,G,3042182
8481593,J. Struble,MTL,D,2162,3,1.9000000000000001,3.16,0.63,Jayden Struble,2001-09-08,L,72,202,0.016107775662615318,D,0
8477887,P. Brown,BOS,C,1669,3,1.9000000000000001,4.1,0.63,Patrick Brown,1992-05-29,R,73,218,0.03807180928952147,C,2556063
8481812,N. Knyzhov,SJS,D,1802,2,1.9,3.8,0.95,Nikolai Knyzhov,1998-03-20,L,75,222,0.03807626969714721,D,4565857
8481031,I. Prosvetov,COL,G,8160,3,1.8000000000000007,0.79,0.6,Ivan Prosvetov,1999-03-05,L,77,195,1.0603505169758745,G,4587557
8481534,R. Lavoie,EDM,C,2734,6,1.8000000000000003,2.37,0.3,Raphael Lavoie,2000-09-25,R,76,215,0.02635972234425797,C,0
8480848,T. Dellandrea,DAL,C,3282,5,1.8,1.97,0.36,Ty Dellandrea,2000-07-21,R,74,190,0.2899569457868377,RW,4352747
8479439,J. MacDonald,SJS,D,3158,4,1.8,2.05,0.45,Jacob MacDonald,1993-02-26,L,72,204,0.3412219553628961,D,4268768
8483524,S. Wright,SEA,C,1763,3,1.7000000000000002,3.47,0.57,Shane Wright,2004-01-05,R,72,192,4.2570951585976635,C,5080144
8483482,T. Luneau,ANA,D,1068,1,1.7,5.73,1.7,Tristan Luneau,2004-01-12,R,73,195,0.030753910140003515,D,0
8479994,J. Anderson-Dolan,LAK,C,2619,4,1.7,2.34,0.42,Jaret Anderson-Dolan,1999-09-12,L,71,200,0.023430864306007087,C,4232871
8474709,M. Martin,NYI,L,1894,4,1.7,3.23,0.42,Matt Martin,1989-05-08,L,75,215,0.19914484859134304,LW,5050
8477499,R. Ristolainen,PHI,D,1069,1,1.6,5.39,1.6,Rasmus Ristolainen,1994-10-27,R,76,208,4.521891931468736,D,3041999
8480355,M. Kastelic,OTT,C,855,3,1.6,6.74,0.53,Mark Kastelic,1999-03-11,R,76,226,0.04832191179054648,C,4587985
8480205,E. Bemstrom,CBJ,R,1661,2,1.6,3.47,0.8,Emil Bemstrom,1999-06-01,R,72,195,0.08200082000820008,C,4423398
8477931,T. Nosek,NJD,L,1910,4,1.6,3.02,0.4,Tomas Nosek,1992-09-01,L,75,205,0.04832191179054648,C,3112266
8480845,R. Kupari,WPG,C,2525,6,1.5,2.14,0.25,Rasmus Kupari,2000-03-15,R,74,201,0.08347245409015025,C,4352762
8481751,L. Rousek,BUF,R,2531,4,1.5,2.13,0.38,Lukas Rousek,1999-04-20,L,71,171,0.02635740643120717,RW,0
8479361,J. Woll,TOR,G,21022,6,1.4000000000000012,0.24,0.23,Joseph Woll,1998-07-12,L,75,202,41.45415084102007,G,4271575
8484321,N. Matinpalo,OTT,D,1681,4,1.4000000000000001,3.0,0.35,Nikolas Matinpalo,1998-10-05,R,75,207,0.005857372968223752,D,0
8480007,J. Rondbjerg,VGK,R,1957,3,1.4000000000000001,2.58,0.47,Jonas Rondbjerg,1999-03-31,L,74,202,0.029288580382508856,RW,4425678
8481019,D. Gustafsson,WPG,C,4518,9,1.4,1.12,0.16,David Gustafsson,2000-04-11,L,74,196,0.030753009401634303,C,4378695
8479026,P. Myers,TBL,D,932,1,1.4,5.41,1.4,Philippe Myers,1997-01-25,R,78,219,0.02050080538878313,D,3941140
8481527,K. Korczak,VGK,D,1027,1,1.3,4.56,1.3,Kaedan Korczak,2001-01-29,R,75,201,0.3602600902114697,D,4565264
8479979,J. Oettinger,DAL,G,28304,8,1.2000000000000028,0.15,0.15,Jake Oettinger,1998-12-18,L,78,224,99.02324558187284,G,4196914
8478435,D. Vladar,CGY,G,11187,3,1.200000000000001,0.39,0.4,Dan Vladar,1997-08-20,L,77,209,0.4531788516535895,G,3942459
8475852,P. Mrazek,CHI,G,17576,6,1.200000000000001,0.25,0.2,Petr Mrazek,1992-02-14,L,74,188,11.329471291339738,G,5619
8476412,J. Binnington,STL,G,20455,7,1.2000000000000002,0.21,0.17,Jordan Binnington,1993-07-11,L,74,172,51.03028525335485,G,2590874
8484325,W. Merela,TBL,C,2342,4,1.2000000000000002,1.84,0.3,Waltteri Merela,1998-07-06,R,75,210,0.02489310607391788,RW,5146592
8479315,J. Anderson,CHI,R,821,1,1.1,4.82,1.1,Joey Anderson,1998-06-19,R,72,207,0.03807515449726152,RW,4197161
8481543,N. Alexandrov,STL,C,1184,3,1.1,3.34,0.37,Nikita Alexandrov,2000-09-16,L,73,177,0.03368186743988519,C,4565284
8477919,F. Gaudreau,MIN,C,1787,2,1.1,2.22,0.55,Frederick Gaudreau,1993-05-01,R,72,184,0.4290777026037548,C,3149649
8478512,A. Czarnik,DET,C,1725,4,1.1,2.3,0.28,Austin Czarnik,1992-12-12,R,69,170,0.035143208574942894,RW,3024816
8476919,C. Tierney,NJD,C,3682,7,1.1,1.08,0.16,Chris Tierney,1994-07-01,L,73,191,0.035143208574942894,C,3067870
8479982,C. Timmins,TOR,D,1515,2,1.1,2.61,0.55,Conor Timmins,1998-09-18,R,74,206,0.22258017279250258,D,4233868
8480196,J. Bryson,BUF,D,387,1,1.0,9.3,1.0,Jacob Bryson,1997-11-18,L,69,176,0.033679894567286574,D,4197014
8477810,J. Hanley,DAL,D,2760,4,1.0,1.3,0.25,Joel Hanley,1991-06-08,L,71,186,0.049792044988577124,D,3149612
8481541,S. Bolduc,NYI,D,2446,3,1.0,1.47,0.33,Samuel Bolduc,2000-12-09,L,76,220,0.027822521599062823,D,4565279
8477015,C. Brown,EDM,R,3531,4,1.0,1.02,0.25,Connor Brown,1994-01-14,R,72,184,33.56471311835516,RW,3067951
8479328,J. Gauthier,NYI,R,1056,2,0.9,3.07,0.45,Julien Gauthier,1997-10-15,R,76,226,0.045393311075967904,RW,4024975
8481024,L. Karlsson,VAN,C,714,1,0.9,4.54,0.9,Linus Karlsson,1999-11-16,R,73,178,0.008786574114752659,C,0
8479423,A. Nylander,PIT,L,2775,3,0.8,1.04,0.27,Alex Nylander,1998-03-02,R,73,192,0.15521583787266444,LW,4024861
8479367,W. Lockwood,FLA,R,1450,3,0.8,1.99,0.27,William Lockwood,1998-06-20,R,72,178,0.016107303930182157,RW,4270244
8477406,M. Janmark,EDM,C,1305,2,0.8,2.21,0.4,Mattias Janmark,1992-12-08,L,74,205,0.06004158978414316,RW,3042085
8482751,R. Winterton,SEA,C,1476,3,0.7,1.71,0.23,Ryan Winterton,2003-09-04,R,74,175,0.005857716076501772,C,0
8479981,J. Gadjovich,FLA,L,1453,4,0.7,1.73,0.18,Jonah Gadjovich,1998-10-12,L,74,209,0.01610683222537851,LW,4233890
8480890,J. Jenik,ARI,R,501,1,0.7,5.03,0.7,Jan Jenik,2000-09-15,L,73,185,0.01903757724863076,C,4587568
8480306,G. Hutton,NYI,D,611,1,0.7,4.12,0.7,Grant Hutton,1995-07-25,R,75,206,0.013179089178503443,D,4587946
8474145,R. Bortuzzo,STL,D,779,1,0.7,3.23,0.7,Robert Bortuzzo,1989-03-18,R,76,216,0.0527209888114346,D,4916
8481598,P. Broberg,EDM,D,939,2,0.7,2.68,0.35,Philip Broberg,2001-06-25,L,76,212,0.10690644953429793,D,4565229
8476469,J. Armia,MTL,R,1501,2,0.7,1.68,0.35,Joel Armia,1993-05-31,R,75,216,0.07175071750717507,RW,2562596
8473575,S. Varlamov,NYI,G,14333,4,0.6000000000000023,0.15,0.15,Semyon Varlamov,1988-04-27,L,74,205,22.205276356117377,G,3759
8479536,A. Jonsson-Fjallby,WPG,L,1864,4,0.6000000000000001,1.16,0.15,Axel Jonsson-Fjallby,1998-02-10,L,73,189,0.014644290191254428,LW,4391251
8478067,O. Lindblom,SJS,L,716,1,0.6,3.02,0.6,Oskar Lindblom,1996-08-15,L,73,191,0.04246844155463785,LW,3151326
8476891,M. Grzelcyk,BOS,D,1128,1,0.6,1.91,0.6,Matt Grzelcyk,1994-01-05,L,70,180,0.6194171913896618,D,3069448
8480441,T. Fix-Wolansky,CBJ,R,752,1,0.6,2.87,0.6,Trey Fix-Wolansky,1999-05-26,R,67,191,0.011714402858314297,RW,4588844
8484254,A. Hirose,VAN,D,666,1,0.5,2.7,0.5,Akito Hirose,1999-04-09,L,72,170,0.03368285396286099,D,4755752
8479376,V. Mete,PHI,D,652,1,0.5,2.76,0.5,Victor Mete,1998-06-07,L,69,187,0.02196514863083907,D,4081035
8482652,W. Duehr,CGY,R,1087,3,0.5,1.66,0.17,Walker Duehr,1997-11-23,R,74,210,0.04832615763113962,RW,4319940
8479772,Z. MacEwen,OTT,R,890,3,0.5,2.02,0.17,Zack MacEwen,1996-07-08,R,76,240,0.0468569253071325,C,4063569
8480252,C. Guttman,CHI,C,931,1,0.5,1.93,0.5,Cole Guttman,1999-04-06,R,69,167,0.09665231526227924,C,4588042
8480313,L. Thompson,VGK,G,14245,4,0.4000000000000017,0.1,0.1,Logan Thompson,1997-02-25,R,76,205,76.35403681161546,G,4272888
8481033,A. Schmid,NJD,G,13369,4,0.40000000000000036,0.11,0.1,Akira Schmid,2000-05-12,L,77,205,3.061987652329486,G,4587845
8477464,N. Petan,MIN,C,514,1,0.4,2.8,0.4,Nic Petan,1995-03-22,L,69,175,0.021966435286881643,C,3042018
8480995,P. Holmberg,TOR,R,1032,2,0.30000000000000004,1.05,0.15,Pontus Holmberg,1999-03-09,L,72,188,0.032214607860364314,C,4588205
8483597,M. Kelemen,ARI,L,1316,3,0.30000000000000004,0.82,0.1,Milos Kelemen,1999-07-06,L,74,210,0.014644290191254428,LW,4915347
8476913,D. Shore,SEA,C,1367,3,0.30000000000000004,0.79,0.1,Devin Shore,1994-07-19,L,73,206,0.03368186743988519,C,3069353
8481239,S. Fagemo,NSH,L,524,1,0.30000000000000004,2.06,0.3,Samuel Fagemo,2000-03-14,R,72,200,0.16108719210379874,LW,4565273
8481093,R. Harvey-Pinard,MTL,L,2181,3,0.30000000000000004,0.5,0.1,Rafael Harvey-Pinard,1999-01-06,L,69,184,49.10677678205354,LW,4391250
8484258,S. Malinski,COL,D,722,1,0.2,1.0,0.2,Sam Malinski,1998-07-27,R,71,190,0.008786831468572433,D,0
8475795,D. McIlrath,WSH,D,382,1,0.2,1.88,0.2,Dylan McIlrath,1992-04-20,R,77,232,0.010250402694391566,D,5834
8478424,J. Harkins,PIT,C,398,1,0.2,1.81,0.2,Jansen Harkins,1997-05-23,L,74,197,0.04832120422298039,C,3900154
8480078,F. Chytil,NYR,C,623,1,0.2,1.16,0.2,Filip Chytil,1999-09-05,L,74,208,9.51209512095121,C,4233643
8481533,T. Zegras,ANA,C,1935,2,0.2,0.37,0.1,Trevor Zegras,2001-03-20,L,72,185,59.37381015142196,C,4565230
8481609,V. Kolyachonok,ARI,D,369,1,0.2,1.95,0.2,Vladislav Kolyachonok,2001-05-26,L,73,193,0.020502606760002342,D,4565274
8477839,C. Sheary,TBL,L,837,2,0.1,0.43,0.05,Conor Sheary,1992-06-08,L,68,179,0.17864464358929305,LW,3149827
8473563,N. Backstrom,WSH,C,744,1,0.1,0.48,0.1,Nicklas Backstrom,1987-11-23,L,73,202,0.8683301118725473,C,3666
8484259,O. Pavel,COL,C,419,1,0.1,0.86,0.1,Ondrej Pavel,2000-08-29,L,74,205,0.007322145095627214,C,0
8477962,B. Lemieux,CAR,L,484,1,0.1,0.74,0.1,Brendan Lemieux,1996-03-15,L,73,215,0.12153692965501083,LW,3114983
8480043,T. Liljegren,TOR,D,289,1,0.1,1.25,0.1,Timothy Liljegren,1999-04-30,R,73,190,0.7277785913018011,D,4233618
8479323,A. Fox,NYR,D,361,1,0.1,1.0,0.1,Adam Fox,1998-02-17,R,71,185,99.47283643285985,D,4197146
8483468,J. Kulich,BUF,C,893,1,0.1,0.4,0.1,Jiri Kulich,2004-04-14,L,73,186,0.14496573537163943,C,5080176
8479320,M. Lajoie,TOR,D,294,1,0.1,1.22,0.1,Max Lajoie,1997-11-05,L,73,191,0.013179089178503443,D,0
8482765,I. Rosen,BUF,R,780,1,0.0,0.0,0.0,Isak Rosen,2003-03-15,L,72,173,-2.0,S,0
8483512,M. Savoie,BUF,C,235,1,0.0,0.0,0.0,Matt Savoie,2004-01-01,R,69,179,0.18889474609031803,C,0
8477380,J. Brodzinski,NYR,C,553,1,0.0,0.0,0.0,Jonny Brodzinski,1993-06-19,R,72,204,0.02489310607391788,C,3025614
8473503,J. Reimer,DET,G,11182,3,-0.3999999999999986,-0.13,-0.13,James Reimer,1988-03-15,L,74,200,8.256100422336932,G,3870
8477970,V. Vanecek,NJD,G,21928,7,-0.799999999999998,-0.13,-0.11,Vitek Vanecek,1996-01-09,L,74,184,75.27386311976653,G,3114996
8481692,D. Wolf,CGY,G,3585,1,-1.1999999999999993,-1.21,-1.2,Dustin Wolf,2001-04-16,L,72,166,1.4812642076703086,G,4587952
8475831,P. Grubauer,SEA,G,13500,5,-1.5999999999999996,-0.43,-0.32,Philipp Grubauer,1991-11-25,L,73,188,7.915230622570947,G,5657
8475717,C. Pickard,EDM,G,6115,2,-1.7999999999999994,-1.06,-0.9,Calvin Pickard,1992-04-15,L,73,206,0.30211923443572636,G,5524
8477293,A. Raanta,CAR,G,19313,6,-1.9999999999999996,-0.37,-0.33,Antti Raanta,1989-05-12,L,72,195,12.85360238154595,G,3037703
8475789,J. Campbell,EDM,G,3600,1,-4.199999999999999,-4.2,-4.2,Jack Campbell,1992-01-09,L,75,200,2.5665468944782575,G,5473
8478916,J. Daccord,SEA,G,23446,7,-4.399999999999999,-0.68,-0.63,Joey Daccord,1996-08-19,L,74,201,1.6396568160152527,G,3942073
8482221,D. Levi,BUF,G,15566,5,-4.399999999999999,-1.02,-0.88,Devon Levi,2001-12-27,L,72,184,20.8429264858999,G,4894487
8470594,M. Fleury,MIN,G,21322,6,-6.999999999999999,-1.18,-1.17,Marc-Andre Fleury,1984-11-28,L,74,185,13.787489917137199,G,2346
8479406,F. Gustavsson,MIN,G,14847,5,-7.399999999999999,-1.79,-1.48,Filip Gustavsson,1998-06-07,L,74,184,64.86323971547995,G,4272674
8477484,S. Martin,CBJ,G,13836,4,-8.2,-2.13,-2.05,Spencer Martin,1995-06-08,L,75,191,0.14077897700610043,G,3042069
8477480,E. Comrie,BUF,G,4760,2,-8.2,-6.2,-4.1,Eric Comrie,1995-07-06,L,73,183,0.28009561379067616,G,3042057
8477424,J. Saros,NSH,G,24574,7,-8.399999999999999,-1.23,-1.2,Juuse Saros,1995-04-19,L,71,180,88.2276160445846,G,3042109
8477992,J. Johansson,TBL,G,28535,8,-8.599999999999994,-1.08,-1.07,Jonas Johansson,1995-09-19,L,77,219,39.44597606757391,G,3115546
8476341,A. Forsberg,OTT,G,12973,4,-9.999999999999998,-2.77,-2.5,Anton Forsberg,1992-11-27,L,75,195,1.529527356982593,G,3036851
8482821,A. Soderblom,CHI,G,18093,6,-10.599999999999998,-2.11,-1.77,Arvid Soderblom,1999-08-19,L,75,180,0.8139620151059617,G,4894729
8474596,J. Allen,MTL,G,11563,4,-11.599999999999998,-3.61,-2.9,Jake Allen,1990-08-07,L,74,197,6.464196154917805,G,5111
8480843,L. Dostal,ANA,G,7050,2,-14.0,-7.15,-7.0,Lukas Dostal,2000-06-22,L,74,188,9.886338637530248,G,4588165
8478872,K. Vejmelka,ARI,G,15582,5,-14.399999999999999,-3.33,-2.88,Karel Vejmelka,1996-05-25,R,76,224,6.856346703820488,G,3942065
