playerId,name,team,position,toi,gamesPlayed,goals,assists,specialTeams,shots,hits,blockedShots,powerPlayToi,shorthandedToi,plusMinus,fantasyPoints,secondaryPosition,tertiaryPosition,FPP60,FPPG,missedGames,gamesRemaining,fantasyPointsRemain
8476453,N. Kucherov,TBL,R,40470,31,20,32,24,146,15,12,7416,24,-1,106.1,W,F,9.44,3.42,0,50,171.0
8477492,N. MacKinnon,COL,C,42087,31,14,33,16,137,22,29,9091,87,8,99.4,C,F,8.5,3.21,0,51,163.71
8476468,J. Miller,VAN,C,38257,32,15,30,21,74,66,28,8074,3016,12,98.5,C,F,9.27,3.08,0,50,154.0
8479318,A. Matthews,TOR,C,35008,27,23,12,11,121,33,34,5580,1697,4,95.9,C,F,9.86,3.55,0,54,191.7
8480865,N. Dobson,NYI,D,45996,30,5,27,13,72,21,73,5169,2116,17,89.3,D,D,6.99,2.98,0,52,154.96
8477956,D. Pastrnak,BOS,R,34133,29,17,24,18,147,27,5,6353,128,6,86.9,W,F,9.17,3.0,0,53,159.0
8480012,E. Pettersson,VAN,C,38145,32,12,27,17,79,40,28,8427,3168,9,85.4,C,F,8.06,2.67,0,50,133.5
8478403,J. Eichel,VGK,C,39355,32,14,22,12,135,11,29,8416,4016,3,85.1,C,F,7.78,2.66,0,50,133.0
8477933,S. Reinhart,FLA,C,36597,30,17,21,11,72,15,31,6347,3661,16,84.7,C,F,8.33,2.82,0,52,146.64
8480069,C. Makar,COL,D,39139,27,8,29,17,71,13,44,6932,4764,13,83.9,D,D,7.72,3.11,0,51,158.60999999999999
8478550,A. Panarin,NYR,L,34448,29,16,26,19,118,1,5,6275,4,-3,81.9,W,F,8.56,2.82,0,53,149.45999999999998
8476887,F. Forsberg,NSH,L,35090,31,16,20,14,117,47,13,7082,24,3,81.9,W,F,8.4,2.64,0,51,134.64000000000001
8478420,M. Rantanen,COL,R,41973,31,15,24,16,101,17,16,9456,42,5,81.8,W,F,7.02,2.64,0,51,134.64000000000001
8478444,B. Boeser,VAN,R,36080,32,23,14,12,89,15,10,8297,34,10,81.4,W,F,8.12,2.54,0,50,127.0
8480839,R. Dahlin,BUF,D,46585,31,7,18,7,86,66,60,5802,1494,-9,80.7,D,D,6.24,2.6,0,50,130.0
8477939,W. Nylander,TOR,R,34563,28,15,25,15,124,15,8,5783,996,5,80.4,W,F,8.37,2.87,0,54,154.98000000000002
8478402,C. McDavid,EDM,C,33567,26,11,30,17,81,39,15,5499,1054,0,80.0,C,F,8.58,3.08,0,54,166.32
8474600,R. Josi,NSH,D,45791,31,7,20,13,108,19,53,7960,1206,1,79.7,D,D,6.27,2.57,0,51,131.07
8477346,M. Weegar,CGY,D,41384,31,8,11,5,77,54,74,2559,3751,3,79.6,D,D,6.92,2.57,0,51,131.07
8480803,E. Bouchard,EDM,D,37541,28,8,24,16,87,20,40,6023,469,-6,78.7,D,D,7.55,2.81,0,54,151.74
8480800,Q. Hughes,VAN,D,47282,32,9,30,16,85,12,25,8500,1800,23,78.2,D,D,5.95,2.44,0,50,122.0
8481559,J. Hughes,NJD,C,29942,24,14,23,16,115,5,11,5009,89,0,76.5,C,F,9.2,3.19,0,53,169.07
8481542,M. Seider,DET,D,39859,30,5,13,11,61,58,69,5403,5532,0,74.89999999999999,D,D,6.76,2.5,0,52,130.0
8476885,J. Trouba,NYR,D,38943,29,2,11,1,52,64,94,330,5957,5,74.1,D,D,6.85,2.56,0,53,135.68
8478010,B. Point,TBL,C,39127,32,14,20,13,87,7,19,7006,55,-10,73.4,C,F,6.75,2.29,0,50,114.5
8478366,F. Vatrano,ANA,R,32737,30,14,9,9,106,50,32,4085,4139,-8,73.10000000000001,W,F,8.04,2.44,0,52,126.88
8475786,Z. Hyman,EDM,L,31514,27,18,12,8,100,24,16,5482,228,6,72.4,W,F,8.27,2.68,0,54,144.72
8478483,M. Marner,TOR,R,35851,28,13,21,10,63,19,23,5780,3830,7,71.7,W,F,7.2,2.56,0,54,138.24
8471675,S. Crosby,PIT,C,34352,29,17,14,6,110,28,13,5882,231,9,71.3,C,F,7.47,2.46,0,53,130.38
8479407,J. Bratt,NJD,L,33320,29,12,24,17,76,23,9,5734,1343,0,70.9,W,F,7.66,2.44,0,53,129.32
8474564,S. Stamkos,TBL,C,32099,29,15,16,17,94,20,9,6498,72,-14,70.39999999999999,C,F,7.9,2.43,0,50,121.50000000000001
8475188,B. McNabb,VGK,D,38394,32,2,10,1,32,40,96,48,6233,9,69.7,D,D,6.54,2.18,0,50,109.00000000000001
8476853,M. Rielly,TOR,D,41660,28,4,17,6,69,24,62,3851,1764,5,68.3,D,D,5.9,2.44,0,54,131.76
8476875,M. Matheson,MTL,D,45493,30,5,15,12,74,16,56,7325,4893,-10,68.0,D,D,5.38,2.27,0,52,118.04
8475913,M. Stone,VGK,R,36909,32,10,22,15,65,11,21,7899,3252,-1,67.6,W,F,6.59,2.11,0,50,105.5
8478013,J. Walman,DET,D,33418,28,6,7,5,51,10,79,2369,4549,6,67.1,D,D,7.23,2.4,0,52,124.8
8477934,L. Draisaitl,EDM,C,35626,28,12,21,17,82,12,8,5973,1595,-7,66.9,C,F,6.76,2.39,0,54,129.06
8470794,J. Pavelski,DAL,C,28282,29,13,14,9,68,25,26,4513,71,-6,66.8,C,F,8.5,2.3,0,53,121.89999999999999
8475754,B. Nelson,NYI,C,31771,30,15,12,10,100,13,17,4838,343,-2,66.8,C,F,7.57,2.23,0,52,115.96
8478493,J. Eriksson Ek,MIN,C,34049,28,14,7,7,106,51,25,6238,3906,7,66.7,C,F,7.05,2.38,0,54,128.51999999999998
8479410,M. Sergachev,TBL,D,45121,32,2,17,7,52,30,68,3437,4722,-15,66.7,D,D,5.32,2.08,0,50,104.0
8477500,B. Horvat,NYI,C,33917,29,12,18,10,90,22,17,4579,1086,4,66.7,C,F,7.08,2.3,0,52,119.6
8476448,W. Karlsson,VGK,C,33922,32,14,15,10,78,9,19,5411,4348,10,66.2,C,F,7.03,2.07,0,50,103.49999999999999
8476460,M. Scheifele,WPG,C,36519,29,11,22,9,72,15,17,6252,91,10,65.7,C,F,6.48,2.27,0,53,120.31
8478445,M. Barzal,NYI,C,33401,29,10,22,12,91,13,14,5111,46,1,65.4,C,F,7.05,2.26,0,52,117.51999999999998
8477504,J. Morrissey,WPG,D,42626,29,5,21,8,74,20,42,6532,256,16,65.4,D,D,5.52,2.26,0,53,119.77999999999999
8478397,R. Andersson,CGY,D,39425,27,4,13,4,59,14,70,3961,3052,0,65.3,D,D,5.96,2.42,0,51,123.42
8478398,K. Connor,WPG,L,31483,26,17,11,10,102,3,9,5607,181,-4,65.0,W,F,7.43,2.5,18,35,87.5
8476432,B. Jenner,CBJ,C,33573,29,13,5,4,81,44,39,5306,2231,-5,65.0,C,F,6.97,2.24,12,38,85.12
8476881,T. Hertl,SJS,C,38145,30,11,15,9,78,26,26,5676,3295,-16,64.9,C,F,6.13,2.16,0,51,110.16000000000001
8477404,J. Guentzel,PIT,L,35764,29,13,19,5,99,19,11,6085,154,7,64.8,W,F,6.52,2.23,0,53,118.19
8473419,B. Marchand,BOS,L,34175,29,12,14,13,96,27,16,6126,3454,0,64.8,W,F,6.83,2.23,0,53,118.19
8475158,R. O'Reilly,NSH,C,37123,31,13,13,12,71,12,23,6710,3743,0,64.8,C,F,6.28,2.09,0,51,106.58999999999999
8476389,V. Trocheck,NYR,C,36111,29,8,19,10,72,41,25,6300,2383,-3,63.8,C,F,6.36,2.2,0,53,116.60000000000001
8477493,A. Barkov,FLA,C,32068,27,11,18,7,85,24,18,5244,3087,19,63.4,C,F,7.12,2.35,0,52,122.2
8480009,E. Tolvanen,SEA,R,31018,32,8,12,5,66,62,40,4970,106,1,63.3,W,F,7.35,1.98,0,50,99.0
8477501,V. Nichushkin,COL,R,36766,29,13,14,10,87,35,12,6274,3263,8,63.2,W,F,6.19,2.18,0,51,111.18
8475169,E. Kane,EDM,L,30308,28,12,10,5,88,107,14,2835,1201,-7,63.0,W,F,7.48,2.25,0,54,121.5
8475166,J. Tavares,TOR,C,31515,28,9,20,8,105,34,14,5566,25,8,62.9,C,F,7.19,2.25,0,54,121.5
8476459,M. Zibanejad,NYR,C,33654,29,9,17,15,72,11,24,6189,3760,4,62.8,C,F,6.72,2.17,0,53,115.00999999999999
8475167,V. Hedman,TBL,D,42623,30,5,23,12,59,12,33,6006,3825,-7,62.6,D,D,5.29,2.09,0,50,104.5
8480801,B. Tkachuk,OTT,L,29879,26,14,7,7,120,76,9,5929,101,-2,62.6,W,F,7.54,2.41,0,56,134.96
8474565,A. Pietrangelo,VGK,D,39119,27,1,13,6,64,13,73,4369,5424,3,62.2,D,D,5.72,2.3,0,50,114.99999999999999
8477409,C. Verhaeghe,FLA,C,32011,30,15,11,6,107,18,11,4574,22,6,62.0,C,F,6.97,2.07,0,52,107.63999999999999
8477498,D. Nurse,EDM,D,38026,28,5,5,3,70,54,66,2006,4939,1,61.9,D,D,5.86,2.21,0,54,119.34
8480023,R. Thomas,STL,C,37203,30,12,20,5,68,5,16,5805,3396,11,61.800000000000004,C,F,5.98,2.06,0,52,107.12
8477948,T. Sanheim,PHI,D,44351,29,4,17,5,57,24,52,4506,5392,-9,61.6,D,D,5.0,2.12,1,51,108.12
8471685,A. Kopitar,LAK,C,31514,27,12,15,10,55,9,22,5799,2970,11,61.4,C,F,7.01,2.27,0,55,124.85
8476539,J. Marchessault,VGK,R,33425,32,15,9,9,103,29,9,7795,9,0,61.2,W,F,6.59,1.91,0,50,95.5
8478439,T. Konecny,PHI,R,34151,30,16,9,6,97,14,11,5577,3187,11,60.6,W,F,6.39,2.02,0,52,105.04
8479343,C. Keller,ARI,R,35225,30,10,16,14,91,9,15,6651,48,-13,60.5,W,F,6.18,2.02,0,52,105.04
8475184,C. Kreider,NYR,L,32165,29,16,8,12,80,24,8,6329,2975,4,60.4,W,F,6.76,2.08,0,53,110.24000000000001
8478500,I. Provorov,CBJ,D,44242,32,2,15,5,41,23,65,3759,5897,-9,60.4,D,D,4.91,1.89,0,50,94.5
8476892,C. Parayko,STL,D,42168,30,5,5,1,59,36,70,183,4823,-2,60.0,D,D,5.12,2.0,0,52,104.0
8480036,M. Heiskanen,DAL,D,44015,29,4,17,9,58,22,45,5448,2024,-5,60.0,D,D,4.91,2.07,0,53,109.71
8479983,M. Ferraro,SJS,D,41973,31,1,4,0,52,36,90,189,6682,-18,59.8,D,D,5.13,1.93,0,51,98.42999999999999
8479425,F. Hronek,VAN,D,46418,32,2,26,9,63,23,33,3799,4247,19,59.6,D,D,4.62,1.86,0,50,93.0
8479337,A. DeBrincat,DET,R,32797,30,13,13,9,97,15,9,6884,83,-2,59.2,W,F,6.5,1.97,0,52,102.44
8479345,J. Chychrun,OTT,D,36108,26,5,16,9,62,11,42,4670,586,-1,58.8,D,D,5.86,2.26,0,56,126.55999999999999
8479542,B. Hagel,TBL,L,36094,32,10,17,4,76,14,21,2864,4035,-3,58.5,W,F,5.83,1.83,0,50,91.5
8478460,Z. Werenski,CBJ,D,43914,30,1,22,4,75,7,48,5339,2753,-3,58.2,D,D,4.77,1.94,0,50,97.0
8476880,T. Wilson,WSH,R,31085,28,10,8,5,82,79,23,3760,2940,-4,58.1,W,F,6.73,2.08,0,54,112.32000000000001
8478474,L. Crouse,ARI,L,29601,29,13,6,5,67,58,20,3407,3418,3,57.0,W,F,6.93,1.97,0,52,102.44
8477960,A. Kempe,LAK,R,30072,27,9,18,9,87,28,10,5628,2636,12,57.0,W,F,6.82,2.11,0,55,116.05
8475692,M. Zuccarello,MIN,R,30580,28,6,22,13,74,6,17,6188,94,-3,57.0,W,F,6.71,2.04,0,54,110.16
8478407,V. Dunn,SEA,D,45438,32,4,21,11,65,19,28,5953,297,-10,56.9,D,D,4.51,1.78,0,50,89.0
8484144,C. Bedard,CHI,C,35113,30,12,14,7,94,15,9,6823,17,-15,56.9,C,F,5.83,1.9,0,52,98.8
8475753,J. Faulk,STL,D,40403,30,0,14,1,70,39,63,3295,3229,4,56.9,D,D,5.07,1.9,0,52,98.8
8477946,D. Larkin,DET,C,27930,24,11,14,14,84,13,8,5459,2380,5,56.7,C,F,7.31,2.36,0,52,122.72
8478427,S. Aho,CAR,C,33416,28,12,15,9,87,9,7,5376,2857,4,56.6,C,F,6.1,2.02,0,51,103.02
8480027,J. Robertson,DAL,L,31402,29,9,18,11,72,14,12,4740,34,-6,56.1,W,F,6.43,1.93,0,53,102.28999999999999
8476467,J. Oleksiak,SEA,D,37228,32,2,6,0,36,39,77,28,5901,2,56.0,D,D,5.42,1.75,0,50,87.5
8474590,J. Carlson,WSH,D,43341,28,1,14,4,59,13,61,6499,5029,0,55.7,D,D,4.63,1.99,0,54,107.46
8478864,K. Kaprizov,MIN,L,35114,28,8,16,13,89,12,14,6733,149,-5,55.6,W,F,5.7,1.99,0,54,107.46
8474578,E. Karlsson,PIT,D,42785,29,6,15,6,75,13,33,5890,552,11,55.300000000000004,D,D,4.65,1.91,0,53,101.22999999999999
8482087,K. Guhle,MTL,D,33130,26,2,7,0,38,39,73,308,3317,3,55.2,D,D,6.0,2.12,0,52,110.24000000000001
8482093,S. Jarvis,CAR,C,35590,31,10,12,7,68,46,16,6143,3457,0,54.9,C,F,5.55,1.77,0,51,90.27
8479675,T. Moore,LAK,L,27645,27,14,9,6,87,15,9,3772,2358,7,54.7,W,F,7.12,2.03,0,55,111.64999999999999
8478136,J. Middleton,MIN,D,32808,28,4,6,1,25,41,67,106,4148,-3,54.6,D,D,5.99,1.95,0,54,105.3
8480018,N. Suzuki,MTL,C,37469,30,8,17,12,74,16,13,7170,1470,-7,54.5,C,F,5.24,1.82,0,52,94.64
8479325,C. McAvoy,BOS,D,30430,21,3,14,7,42,27,48,4205,3070,-4,54.4,D,D,6.44,2.59,0,53,137.26999999999998
8476958,J. Slavin,CAR,D,39324,31,3,14,3,72,15,48,1125,4889,8,54.2,D,D,4.96,1.75,0,51,89.25
8482105,J. Sanderson,OTT,D,36706,26,5,10,4,51,11,52,5317,4975,2,54.199999999999996,D,D,5.32,2.08,0,56,116.48
8474563,D. Doughty,LAK,D,41868,27,7,8,4,50,37,43,6100,4005,11,54.199999999999996,D,D,4.66,2.01,0,55,110.54999999999998
8471215,E. Malkin,PIT,C,33115,29,10,14,7,74,7,17,6044,70,0,54.1,C,F,5.88,1.87,0,53,99.11
8475462,R. Gudas,ANA,D,32125,29,4,4,0,40,76,61,125,5619,7,54.1,D,D,6.06,1.87,0,52,97.24000000000001
8476454,R. Nugent-Hopkins,EDM,C,33283,28,7,22,12,61,14,9,5965,2929,4,54.0,C,F,5.84,1.93,0,54,104.22
8476473,C. Murphy,CHI,D,34708,30,1,3,0,33,65,78,220,4341,-15,53.8,D,D,5.58,1.79,0,52,93.08
8477955,J. McCann,SEA,L,33064,32,14,6,8,87,15,11,4638,2805,-11,53.7,W,F,5.85,1.68,0,50,84.0
8475171,O. Ekman-Larsson,FLA,D,37099,30,7,9,6,50,22,41,5456,3002,1,53.7,D,D,5.21,1.79,0,52,93.08
8475726,T. Toffoli,NJD,R,30828,29,13,10,8,89,17,6,5728,12,-8,53.6,W,F,6.26,1.85,0,53,98.05000000000001
8478449,R. Hintz,DAL,C,27441,27,10,15,11,64,9,11,3996,2095,0,53.300000000000004,C,F,6.99,1.97,0,53,104.41
8480434,S. Durzi,ARI,D,33614,25,5,8,7,44,9,53,5472,1190,8,53.3,D,D,5.71,2.13,0,52,110.75999999999999
8475745,C. Coyle,BOS,C,31241,29,10,11,2,55,38,24,2078,5200,3,53.3,C,F,6.14,1.84,0,53,97.52000000000001
8476399,B. Coleman,CGY,C,29856,31,9,12,3,79,33,21,304,2870,10,53.2,C,F,6.41,1.72,0,51,87.72
8477942,K. Fiala,LAK,L,27984,27,6,21,10,70,12,14,5869,79,-2,53.2,W,F,6.84,1.97,0,55,108.35
8477416,O. Bjorkstrand,SEA,R,32753,32,10,15,10,88,21,4,4846,4,-1,52.9,W,F,5.81,1.65,0,50,82.5
8482116,T. Stützle,OTT,C,34379,26,6,23,6,80,27,8,6385,1589,3,52.699999999999996,C,F,5.52,2.03,0,56,113.67999999999999
8476372,N. Seeler,PHI,D,31250,30,0,7,2,31,36,75,172,4016,14,52.2,D,D,6.01,1.74,0,52,90.48
8480797,J. Farabee,PHI,L,26751,30,11,8,1,68,14,27,2617,217,5,52.2,W,F,7.02,1.74,0,52,90.48
8480039,M. Necas,CAR,C,33515,31,9,14,6,76,26,14,5409,128,-11,52.2,C,F,5.61,1.68,0,51,85.67999999999999
8475168,M. Duchene,DAL,C,28386,28,8,16,6,64,12,19,3168,617,6,52.1,C,F,6.61,1.86,0,53,98.58
8477949,A. Tuch,BUF,R,29376,25,9,10,3,66,14,29,4265,2351,-5,52.0,W,F,6.37,2.08,0,50,104.0
8477495,S. Jones,CHI,D,41175,27,0,11,1,60,25,64,5648,3881,-5,52.0,D,D,4.55,1.93,0,52,100.36
8476457,A. Larsson,SEA,D,45541,32,2,7,1,61,53,58,340,5732,-7,51.9,D,D,4.1,1.62,0,50,81.0
8474574,T. Myers,VAN,D,36448,32,2,13,1,32,41,54,555,3774,13,51.800000000000004,D,D,5.12,1.62,0,50,81.0
8478396,N. Hanifin,CGY,D,43276,31,5,11,4,55,18,43,3929,3561,0,51.8,D,D,4.31,1.67,0,51,85.17
8478859,N. Mikkola,FLA,D,36365,30,3,8,0,47,51,56,127,3754,5,51.8,D,D,5.13,1.73,0,52,89.96
8480015,O. Tippett,PHI,R,27359,30,10,8,2,99,47,16,4164,32,2,51.6,W,F,6.79,1.72,0,52,89.44
8475784,J. Skinner,BUF,L,31965,30,12,10,5,107,8,7,5741,187,-6,51.5,W,F,5.8,1.72,1,49,84.28
8475279,B. Chiarot,DET,D,34744,30,2,7,0,42,48,63,297,3906,10,51.5,D,D,5.34,1.72,0,52,89.44
8475790,E. Gudbranson,CBJ,D,32704,28,2,8,0,29,24,68,52,4960,-12,51.300000000000004,D,D,5.65,1.83,0,50,91.5
8481546,C. York,PHI,D,40401,30,5,7,2,47,15,54,3664,4282,-5,51.2,D,D,4.56,1.71,0,52,88.92
8476869,B. Skjei,CAR,D,39240,31,5,13,5,65,20,34,708,4068,4,51.0,D,D,4.68,1.65,0,51,84.14999999999999
8478038,D. Toews,COL,D,44847,31,4,12,4,54,22,42,4542,5673,7,50.6,D,D,4.06,1.63,0,51,83.13
8477951,N. Schmaltz,ARI,C,36318,30,9,11,10,60,1,21,6585,1065,-10,50.6,C,F,5.02,1.69,0,52,87.88
8473512,C. Giroux,OTT,R,31142,26,9,16,7,74,12,8,5284,2026,4,50.1,W,F,5.79,1.93,0,56,108.08
8477496,E. Lindholm,CGY,C,38914,31,7,13,6,78,27,19,5854,4438,-2,50.0,C,F,4.63,1.61,0,51,82.11
8480893,K. Marchenko,CBJ,R,29903,30,10,8,4,76,14,22,4949,175,4,50.0,W,F,6.02,1.67,0,50,83.5
8481581,T. Harley,DAL,D,28566,26,7,5,3,39,11,49,417,726,4,50.0,D,D,6.3,1.92,0,53,101.75999999999999
8481014,A. Romanov,NYI,D,40634,30,2,5,0,52,43,63,60,4022,8,50.0,D,D,4.43,1.67,0,52,86.84
8482078,L. Raymond,DET,L,32010,30,10,14,6,68,21,8,5940,213,0,49.9,W,F,5.61,1.66,0,52,86.32
8482175,J. Peterka,BUF,R,31402,32,12,10,3,91,7,9,3363,9,6,49.800000000000004,W,F,5.71,1.56,0,50,78.0
8475151,K. Palmieri,NYI,C,31539,30,9,9,9,66,21,19,4540,746,-4,49.7,C,F,5.67,1.66,0,52,86.32
8480208,D. Batherson,OTT,R,27826,26,10,13,6,65,27,9,5506,34,-1,49.7,W,F,6.43,1.91,0,56,106.96
8477402,P. Buchnevich,STL,L,32879,28,10,13,7,70,12,10,5196,3258,4,49.7,W,F,5.44,1.78,0,52,92.56
8471724,K. Letang,PIT,D,42722,29,2,12,1,53,42,47,2779,4775,3,49.5,D,D,4.17,1.71,0,53,90.63
8476906,S. Gostisbehere,DET,D,33709,29,5,16,11,49,6,25,6839,1479,-6,49.5,D,D,5.29,1.71,0,52,88.92
8479314,M. Tkachuk,FLA,L,34030,30,5,16,6,109,31,12,6948,321,1,49.0,W,F,5.18,1.63,0,52,84.75999999999999
8475764,C. Fowler,ANA,D,44155,30,2,12,7,40,14,48,4398,6924,-14,48.9,D,D,3.99,1.63,0,52,84.75999999999999
8474641,A. Henrique,ANA,C,28636,29,9,7,9,46,18,26,3969,5064,-4,48.9,C,F,6.15,1.69,0,52,87.88
8476461,S. Couturier,PHI,C,33077,28,7,14,5,76,6,20,5264,2355,8,48.7,C,F,5.3,1.74,0,52,90.48
8482655,J. Moser,ARI,D,35951,30,2,12,3,27,29,51,1535,4245,9,48.6,D,D,4.87,1.62,0,52,84.24000000000001
8476792,T. Krug,STL,D,38728,30,1,14,3,70,21,44,5242,1964,-4,48.6,D,D,4.52,1.62,0,52,84.24000000000001
8481540,C. Caufield,MTL,R,34198,30,8,13,9,115,21,3,7157,0,0,48.6,W,F,5.12,1.62,0,52,84.24000000000001
8477506,R. Pulock,NYI,D,34182,25,2,4,1,34,37,66,807,3261,-6,48.6,D,D,5.12,1.94,3,49,95.06
8482745,M. McTavish,ANA,C,23811,24,10,11,7,63,7,14,3675,102,-9,48.5,C,F,7.33,2.02,1,51,103.02
8477497,S. Monahan,MTL,C,32828,30,9,10,11,62,7,16,7077,2026,-7,48.4,C,F,5.31,1.61,0,52,83.72
8475760,N. Bjugstad,ARI,C,31662,30,6,13,5,55,45,21,3625,3844,5,48.0,C,F,5.46,1.6,0,52,83.2
8479323,A. Fox,NYR,D,25195,19,3,18,16,29,6,25,4386,1768,2,48.0,D,D,6.86,2.53,0,53,134.09
8480336,S. Walker,PHI,D,37573,30,3,8,4,58,32,46,1887,4183,8,48.0,D,D,4.6,1.6,0,52,83.2
8480950,I. Lyubushkin,ANA,D,31292,30,0,3,0,22,56,74,45,5739,-7,47.8,D,D,5.5,1.59,0,52,82.68
8479999,C. Mittelstadt,BUF,C,36592,32,8,17,3,51,7,15,4920,382,3,47.8,C,F,4.7,1.49,0,50,74.5
8476902,E. Lindell,DAL,D,34615,29,3,8,1,39,22,54,29,7073,5,47.6,D,D,4.95,1.64,0,53,86.92
8479385,J. Kyrou,STL,C,32449,30,6,15,5,102,12,13,4888,8,-4,47.4,C,F,5.26,1.58,0,52,82.16
8481068,Y. Sharangovich,CGY,C,29468,31,11,8,5,63,4,16,2675,2757,-6,47.2,C,F,5.77,1.52,0,51,77.52
8475455,B. Dillon,WPG,D,32509,29,5,4,0,29,78,45,354,4261,11,47.2,D,D,5.23,1.63,0,53,86.39
8478851,A. Carrier,NSH,D,29558,27,1,9,1,21,25,62,1112,4269,4,47.1,D,D,5.74,1.74,0,51,88.74
8482740,W. Johnston,DAL,C,29368,29,9,10,6,65,16,16,2903,2620,-3,47.1,C,F,5.77,1.62,0,53,85.86
8475810,B. Rust,PIT,R,24935,22,10,10,0,71,15,17,2111,1918,13,47.1,W,F,6.8,2.14,0,53,113.42
8478519,A. Cirelli,TBL,C,33250,31,8,8,2,55,14,30,2214,4030,-6,46.9,C,F,5.08,1.51,0,50,75.5
8477964,I. Barbashev,VGK,C,28754,32,8,8,3,54,54,21,3403,42,10,46.8,C,F,5.86,1.46,0,50,73.0
8480188,F. Zetterlund,SJS,L,33300,31,8,4,5,73,30,28,3944,908,-10,46.8,W,F,5.06,1.51,0,51,77.01
8479992,M. Rasmussen,DET,C,27683,30,7,7,3,46,26,34,405,3856,9,46.699999999999996,C,F,6.07,1.56,0,52,81.12
8477450,J. Dickinson,CHI,C,27112,30,9,5,0,43,43,30,316,3984,3,46.6,C,F,6.19,1.55,0,52,80.60000000000001
8476882,T. Teravainen,CAR,L,31745,31,11,8,9,64,6,10,5533,2924,-1,46.5,W,F,5.27,1.5,0,51,76.5
8476463,J. Brodin,MIN,D,35983,25,1,8,0,48,5,62,1397,4516,7,46.3,D,D,4.63,1.85,7,47,86.95
8475172,N. Kadri,CGY,C,34143,31,8,14,3,99,22,5,5848,147,-7,46.1,C,F,4.86,1.49,0,51,75.99
8475170,B. Schenn,STL,C,30873,30,8,8,4,59,60,16,4885,514,-11,45.9,C,F,5.35,1.53,0,52,79.56
8478440,D. Strome,WSH,C,30000,28,12,6,5,65,4,13,5262,36,2,45.9,C,F,5.51,1.64,0,54,88.55999999999999
8476925,C. Sissons,NSH,C,31050,31,10,6,6,54,45,14,3564,4018,2,45.9,C,F,5.32,1.48,0,51,75.48
8477447,S. Theodore,VGK,D,28061,20,4,14,10,52,4,26,5356,226,2,45.6,D,D,5.85,2.28,1,49,111.71999999999998
8473994,J. Benn,DAL,L,26273,29,5,15,8,43,27,19,4053,2182,4,45.5,W,F,6.23,1.57,0,53,83.21000000000001
8474715,C. Atkinson,PHI,R,31248,30,8,8,3,93,5,20,4986,3569,-8,45.3,W,F,5.22,1.51,0,52,78.52
8475799,N. Niederreiter,WPG,R,26448,29,8,9,1,68,34,19,3445,43,12,45.2,W,F,6.15,1.56,0,53,82.68
8478840,W. Borgen,SEA,D,32543,32,0,11,0,36,69,47,19,2571,0,45.0,D,D,4.98,1.41,0,50,70.5
8481524,B. Byram,COL,D,37995,31,5,5,0,43,31,45,1892,1673,-2,44.9,D,D,4.25,1.45,0,51,73.95
8482671,O. Power,BUF,D,43940,32,1,11,2,47,12,50,2971,2984,-2,44.9,D,D,3.68,1.4,0,50,70.0
8475798,M. Granlund,SJS,C,30254,24,3,18,8,53,23,18,4360,3389,-2,44.6,C,F,5.31,1.86,0,51,94.86
8471214,A. Ovechkin,WSH,L,33107,28,5,12,6,104,52,8,8244,0,-3,44.6,W,F,4.85,1.59,0,54,85.86
8482667,W. Eklund,SJS,L,32916,30,7,8,7,46,9,27,4859,916,-11,44.5,W,F,4.87,1.48,0,51,75.48
8475690,C. Tanev,CGY,D,31318,28,1,6,0,26,11,65,116,4394,1,44.2,D,D,5.08,1.58,0,51,80.58
8484166,A. Fantilli,CBJ,C,29399,32,8,9,2,80,22,16,4661,29,-10,44.2,C,F,5.41,1.38,0,50,69.0
8476462,D. Hamilton,NJD,D,25170,20,5,11,8,61,11,24,2018,278,-8,44.2,D,D,6.32,2.21,23,30,66.3
8482111,J. Barron,MTL,D,32212,27,5,5,0,32,30,46,2459,1904,0,44.2,D,D,4.94,1.64,0,52,85.28
8482124,Q. Byfield,LAK,C,24734,27,8,15,7,52,9,7,4063,0,12,44.1,C,F,6.42,1.63,0,55,89.64999999999999
8479941,J. Danforth,CBJ,R,28546,32,7,7,0,38,48,29,1084,3244,1,44.1,W,F,5.56,1.38,0,50,69.0
8477940,N. Ehlers,WPG,L,27741,29,10,12,2,78,7,5,4290,0,12,44.0,W,F,5.71,1.52,0,53,80.56
8483490,P. Mintyukov,ANA,D,34129,30,1,15,6,49,40,30,4804,798,-9,43.9,D,D,4.63,1.46,0,52,75.92
8477426,N. Paul,TBL,L,33716,32,9,4,7,63,25,19,6814,1402,-15,43.800000000000004,W,F,4.68,1.37,0,50,68.5
8477335,K. Burroughs,SJS,D,34743,30,0,4,0,35,73,58,1432,2672,-11,43.8,D,D,4.54,1.46,0,51,74.46
8478975,M. Marchment,DAL,L,25110,29,10,10,3,61,22,8,1981,10,6,43.8,W,F,6.28,1.51,0,53,80.03
8480807,M. Samuelsson,BUF,D,34171,28,1,3,0,28,60,60,54,4804,0,43.8,D,D,4.61,1.56,0,50,78.0
8470613,B. Burns,CAR,D,39770,31,5,8,6,70,7,30,4484,4192,9,43.7,D,D,3.96,1.41,0,51,71.91
8478542,E. Rodrigues,FLA,C,29901,30,6,15,4,73,28,9,4253,139,15,43.6,C,F,5.25,1.45,0,52,75.39999999999999
8475794,T. Seguin,DAL,C,28904,29,9,12,2,54,21,10,2977,1846,4,43.5,C,F,5.42,1.5,0,53,79.5
8479998,M. Anderson,LAK,D,34491,27,1,8,1,36,44,50,28,4225,11,43.5,D,D,4.54,1.61,0,55,88.55000000000001
8476331,D. DeMelo,WPG,D,37368,29,1,10,1,25,54,46,211,4839,17,43.4,D,D,4.18,1.5,0,53,79.5
8474679,G. Nyquist,NSH,C,31497,31,4,16,8,65,14,15,5154,1680,0,43.4,C,F,4.96,1.4,0,51,71.39999999999999
8478055,G. Forsling,FLA,D,40855,30,3,6,1,66,28,43,1524,5121,19,43.4,D,D,3.82,1.45,0,52,75.39999999999999
8482122,B. Faber,MIN,D,40301,28,1,11,1,33,15,50,1169,4507,7,43.300000000000004,D,D,3.87,1.55,0,54,83.7
8479525,R. Colton,COL,C,25064,31,8,7,1,61,42,19,2821,457,-1,43.3,C,F,6.22,1.4,0,51,71.39999999999999
8480064,J. Norris,OTT,C,25576,23,9,7,7,64,28,11,5085,637,-1,43.2,C,F,6.08,1.88,0,56,105.28
8478911,M. Roy,LAK,D,33605,27,0,7,2,50,46,51,506,4490,6,43.1,D,D,4.62,1.6,0,55,88.0
8478401,P. Zacha,BOS,C,28647,26,8,11,6,47,29,11,5141,3123,2,43.1,C,F,5.42,1.66,0,53,87.97999999999999
8479619,M. Carcone,ARI,L,19395,29,14,3,2,43,20,9,750,223,4,42.8,W,F,7.94,1.48,0,52,76.96
8476979,E. Gustafsson,NYR,D,31779,29,3,13,6,42,19,29,3189,587,1,42.6,D,D,4.83,1.47,0,53,77.91
8480145,N. Pionk,WPG,D,36193,29,1,9,2,50,60,39,3468,3085,9,42.5,D,D,4.23,1.47,0,53,77.91
8478443,B. Carlo,BOS,D,35907,29,1,5,0,36,34,57,47,6362,13,42.5,D,D,4.26,1.47,0,53,77.91
8476312,J. Manson,COL,D,28679,28,2,5,1,38,56,47,146,3977,2,42.4,D,D,5.32,1.51,0,51,77.01
8476479,P. Danault,LAK,C,27901,27,7,11,5,58,20,14,3801,2744,5,42.3,C,F,5.46,1.57,0,55,86.35000000000001
8481711,M. Maccelli,ARI,L,29915,30,6,16,6,62,6,9,3783,101,4,42.3,W,F,5.09,1.41,0,52,73.32
8474673,T. Brodie,TOR,D,36048,27,0,6,0,15,16,66,76,4781,7,42.1,D,D,4.2,1.56,0,54,84.24000000000001
8480829,J. Kotkaniemi,CAR,C,28029,31,8,7,3,69,20,17,3440,128,-6,41.9,C,F,5.38,1.35,0,51,68.85000000000001
8478468,J. Lauzon,NSH,D,32357,31,2,2,0,35,104,44,167,4362,-2,41.9,D,D,4.66,1.35,0,51,68.85000000000001
8480113,A. Iafallo,WPG,L,29101,29,5,10,6,54,10,25,4975,543,-3,41.9,W,F,5.18,1.44,0,53,76.32
8480817,K. Miller,NYR,D,35900,27,5,7,1,36,27,36,1234,3460,5,41.8,D,D,4.19,1.55,0,53,82.15
8478873,T. Terry,ANA,R,32962,30,7,11,7,75,2,11,5134,179,-8,41.7,W,F,4.55,1.39,0,52,72.28
8474013,I. Cole,VAN,D,37699,32,0,4,0,24,31,64,315,4862,6,41.5,D,D,3.96,1.3,0,50,65.0
8478043,S. Lafferty,VAN,C,25281,32,8,7,1,37,47,19,602,1405,15,41.4,C,F,5.9,1.29,0,50,64.5
8473422,N. Foligno,CHI,L,31511,30,6,8,3,62,62,15,3808,3655,1,41.4,W,F,4.73,1.38,0,52,71.75999999999999
8482149,C. Perfetti,WPG,C,25463,29,9,10,6,61,4,7,5238,10,8,41.0,C,F,5.8,1.41,0,53,74.72999999999999
8475218,M. Ekholm,EDM,D,33615,27,4,6,4,62,52,27,1586,3407,0,40.9,D,D,4.38,1.51,0,54,81.54
8474037,J. van Riemsdyk,BOS,L,23500,28,6,14,9,62,6,7,4721,7,3,40.8,W,F,6.25,1.46,0,53,77.38
8476392,A. Lowry,WPG,C,27590,29,5,9,2,35,53,24,380,3872,8,40.8,C,F,5.32,1.41,0,53,74.72999999999999
8475314,A. Lee,NYI,L,27211,30,7,3,2,74,42,22,2942,21,0,40.6,W,F,5.37,1.35,0,52,70.2
8479661,T. Jeannot,TBL,L,24881,32,6,5,2,42,109,15,2254,7,-9,40.6,W,F,5.87,1.27,0,50,63.5
8478057,D. Joshua,VAN,C,24501,31,7,5,0,33,92,18,233,2845,8,40.5,C,F,5.95,1.31,0,50,65.5
8482089,J. Neighbours,STL,L,26138,30,10,1,1,52,43,19,2051,1276,-5,40.5,W,F,5.58,1.35,0,52,70.2
8476474,S. Noesen,CAR,R,22444,31,9,10,4,43,38,4,3449,65,11,40.1,W,F,6.43,1.29,0,51,65.79
8477456,J. Compher,DET,L,28463,25,6,13,5,32,12,16,4014,4404,6,39.9,W,F,5.05,1.6,0,52,83.2
8482079,M. Rossi,MIN,C,26916,28,10,7,1,56,3,13,3302,439,6,39.9,C,F,5.34,1.42,0,54,76.67999999999999
8475765,V. Tarasenko,OTT,R,23522,24,6,13,5,50,22,10,3809,9,8,39.7,W,F,6.08,1.65,0,56,92.39999999999999
8476419,J. Pageau,NYI,C,28642,30,2,10,5,34,57,28,2250,3244,-6,39.6,C,F,4.98,1.32,0,52,68.64
8479420,T. Thompson,BUF,C,26069,23,7,8,6,74,21,10,4253,2816,-5,39.5,C,F,5.45,1.72,0,50,86.0
8477435,R. Graves,PIT,D,35442,29,1,4,0,34,21,56,39,4126,8,39.5,D,D,4.01,1.36,0,53,72.08
8476905,C. Stephenson,VGK,C,30403,28,6,12,9,35,14,12,5331,2907,-6,39.4,C,F,4.67,1.41,0,50,70.5
8475768,J. Schwartz,SEA,C,23818,23,8,7,8,52,17,11,3659,27,-9,39.4,C,F,5.96,1.71,8,42,71.82
8478472,M. Joseph,OTT,R,24922,25,6,13,1,47,19,14,2241,3284,12,39.1,W,F,5.65,1.56,2,54,84.24000000000001
8477451,R. Hartman,MIN,R,24028,25,7,6,1,56,24,21,2660,1267,0,39.0,W,F,5.84,1.56,0,54,84.24000000000001
8474150,M. Backlund,CGY,C,35334,31,6,9,2,76,23,14,3302,4244,1,38.9,C,F,3.96,1.25,0,51,63.75
8475231,C. Cizikas,NYI,C,24399,30,5,5,1,32,47,31,79,3583,-3,38.9,C,F,5.74,1.3,0,52,67.60000000000001
8480873,R. Sandin,WSH,D,37841,28,0,6,0,36,26,53,2150,670,0,38.7,D,D,3.68,1.38,0,54,74.52
8478891,M. Appleton,WPG,C,28478,29,6,10,2,39,27,18,198,3414,9,38.6,C,F,4.88,1.33,0,53,70.49000000000001
8475287,E. Haula,NJD,L,22414,24,8,7,5,49,22,12,1245,2992,0,38.6,W,F,6.2,1.61,0,53,85.33
8478466,D. Sprong,DET,R,24231,30,7,12,4,73,11,4,3541,12,7,38.4,W,F,5.71,1.28,0,52,66.56
8481032,P. Cotter,VGK,C,23317,32,4,7,3,42,105,14,792,5,-3,38.2,C,F,5.9,1.19,0,50,59.5
8478047,M. Bunting,CAR,L,26739,30,6,13,7,45,7,9,5073,25,-8,38.2,W,F,5.14,1.27,0,51,64.77
8475825,J. Hakanpää,DAL,D,32728,29,0,5,0,19,58,50,77,6196,6,37.7,D,D,4.15,1.3,0,53,68.9
8482109,A. Lafrenière,NYR,L,29279,29,8,8,2,68,23,7,2123,42,-5,37.6,W,F,4.62,1.3,0,53,68.9
8476346,J. Gaudreau,CBJ,L,36587,32,5,12,7,68,1,10,6176,2,-16,37.4,W,F,3.68,1.17,0,50,58.5
8479365,T. Frederic,BOS,C,22674,29,7,6,0,38,51,17,210,697,3,37.4,C,F,5.94,1.29,0,53,68.37
8480798,P. Kurashev,CHI,C,27064,24,6,11,4,42,7,15,4003,876,-8,37.4,C,F,4.97,1.56,0,52,81.12
8476429,S. Mayfield,NYI,D,23058,20,0,4,0,19,24,58,14,2623,-1,37.3,D,D,5.82,1.86,0,52,96.72
8481568,A. Vlasic,CHI,D,32572,27,1,5,0,29,19,51,479,3912,5,37.3,D,D,4.12,1.38,0,52,71.75999999999999
8477505,A. Wennberg,SEA,C,35506,32,4,8,2,44,13,29,3469,4047,1,37.2,C,F,3.77,1.16,0,50,57.99999999999999
8478416,E. Cernak,TBL,D,36273,31,0,5,0,21,65,47,106,5365,-4,37.1,D,D,3.68,1.2,0,50,60.0
8482159,T. Foerster,PHI,R,29287,29,5,7,4,65,21,19,5011,17,7,37.1,W,F,4.56,1.28,0,52,66.56
8481528,D. Cozens,BUF,C,30056,30,5,11,4,74,26,8,4100,1014,-4,37.0,C,F,4.43,1.23,0,50,61.5
8476872,S. Laughton,PHI,C,28242,30,2,11,4,67,42,18,2172,3402,1,36.9,C,F,4.7,1.23,0,52,63.96
8473507,J. Petry,DET,D,25741,23,0,8,0,29,33,45,879,2374,4,36.7,D,D,5.13,1.6,0,52,83.2
8479359,B. Malenstyn,WSH,L,22375,28,2,4,0,30,71,37,54,5242,4,36.6,W,F,5.89,1.31,0,54,70.74000000000001
8482062,C. Smith,NSH,L,24148,30,4,9,2,40,79,13,92,4098,6,36.4,W,F,5.43,1.21,0,51,61.71
8481557,M. Boldy,MIN,L,21594,21,8,9,4,56,3,7,4205,467,2,36.4,W,F,6.07,1.73,0,54,93.42
8478399,J. Siegenthaler,NJD,D,35195,29,0,6,0,29,39,47,119,4058,-1,36.3,D,D,3.71,1.25,0,53,66.25
8476826,Y. Gourde,SEA,C,34309,32,4,8,1,69,44,17,2041,3158,-4,36.3,C,F,3.81,1.13,0,50,56.49999999999999
8481716,D. Voronkov,CBJ,L,20705,26,6,10,1,37,26,15,2924,1,4,36.3,W,F,6.31,1.4,0,50,70.0
8481624,I. Mikheyev,VAN,R,24285,28,10,7,0,56,16,4,1835,743,7,36.2,W,F,5.37,1.29,0,50,64.5
8482073,B. Schneider,NYR,D,26907,29,1,6,0,32,34,43,33,2376,-3,36.1,D,D,4.83,1.24,0,53,65.72
8482684,L. Hughes,NJD,D,35117,29,4,12,8,45,6,14,5461,21,-1,36.1,D,D,3.7,1.24,0,53,65.72
8482110,D. Mercer,NJD,C,29853,29,7,5,3,49,7,20,2578,3256,-9,36.1,C,F,4.35,1.24,0,53,65.72
8478233,A. Mangiapane,CGY,L,28303,30,6,10,1,48,33,11,2828,1340,1,36.1,W,F,4.59,1.2,0,51,61.199999999999996
8475714,C. Jarnkrok,TOR,C,26412,28,7,9,2,51,20,10,1955,2604,13,36.1,C,F,4.92,1.29,0,54,69.66
8475181,N. Leddy,STL,D,39146,30,2,8,2,30,11,38,103,4553,2,36.1,D,D,3.32,1.2,0,52,62.4
8470966,M. Giordano,TOR,D,21441,20,1,4,0,25,24,50,280,3247,-1,35.9,D,D,6.03,1.8,0,54,97.2
8475191,R. Smith,PIT,R,28899,29,7,8,5,58,16,8,3089,1536,-1,35.9,W,F,4.47,1.24,0,53,65.72
8474151,R. McDonagh,NSH,D,29986,24,1,8,2,24,14,42,520,4386,6,35.8,D,D,4.3,1.49,0,51,75.99
8476374,S. Kuraly,CBJ,C,26533,32,5,4,0,44,68,21,85,4045,-4,35.7,C,F,4.84,1.12,0,50,56.00000000000001
8477969,M. Pettersson,PIT,D,38779,29,0,6,0,35,32,46,424,5122,12,35.7,D,D,3.31,1.23,0,53,65.19
8475220,M. Foligno,MIN,L,24544,28,3,8,0,28,79,22,1140,3379,8,35.7,W,F,5.24,1.28,0,54,69.12
8476292,O. Palat,NJD,L,27339,29,4,9,5,53,27,16,2864,1287,-3,35.5,W,F,4.67,1.22,0,53,64.66
8481601,S. Holmstrom,NYI,R,23552,29,9,3,5,29,5,17,15,2515,2,35.4,W,F,5.41,1.22,0,52,63.44
8478508,Y. Trenin,NSH,C,28217,30,7,2,1,48,76,13,587,3598,8,35.4,C,F,4.52,1.18,0,51,60.18
8475200,D. Orlov,CAR,D,31329,31,1,11,3,49,35,25,1941,1110,-7,35.4,D,D,4.07,1.14,0,51,58.13999999999999
8480748,K. Sherwood,NSH,L,21086,29,5,6,0,51,83,12,929,261,6,35.4,W,F,6.04,1.22,1,50,61.0
8478178,D. Raddysh,TBL,D,35627,32,0,9,0,35,19,42,408,1457,-12,35.4,D,D,3.58,1.11,0,50,55.50000000000001
8476897,O. Sundqvist,STL,C,24563,30,3,9,3,34,34,24,973,3385,2,35.300000000000004,C,F,5.17,1.18,0,52,61.36
8480192,J. Kovacevic,MTL,D,32701,30,4,1,0,25,23,43,100,4926,5,35.3,D,D,3.89,1.18,0,52,61.36
8477429,A. Copp,DET,C,31393,30,5,9,3,53,4,18,2568,5039,-1,35.2,C,F,4.04,1.17,0,52,60.839999999999996
8483431,L. Cooley,ARI,C,29969,30,3,13,10,46,5,12,6242,196,-11,35.1,C,F,4.22,1.17,0,52,60.839999999999996
8480884,C. Addison,SJS,D,32681,31,1,10,6,40,10,30,5644,12,-13,35.0,D,D,3.86,1.13,0,51,57.629999999999995
8484153,L. Carlsson,ANA,C,23000,21,8,6,7,46,13,7,3480,86,-6,34.9,C,F,5.46,1.66,0,52,86.32
8474102,D. Perron,DET,L,22698,26,7,6,7,50,18,9,5953,5,-2,34.8,W,F,5.52,1.34,0,52,69.68
8476931,J. McCabe,TOR,D,26506,22,1,7,1,23,48,36,207,2715,2,34.6,D,D,4.7,1.57,0,54,84.78
8476856,M. Dumba,ARI,D,34754,29,2,2,0,35,51,40,787,4537,-4,34.6,D,D,3.58,1.19,0,52,61.879999999999995
8478507,J. Marino,NJD,D,36357,29,1,11,0,21,14,36,328,5494,2,34.5,D,D,3.42,1.19,0,53,63.07
8473504,C. Clutterbuck,NYI,R,23426,30,4,6,0,23,72,22,51,3758,2,34.5,W,F,5.3,1.15,0,52,59.8
8482475,Y. Chinakhov,CBJ,R,18492,21,8,4,2,38,22,15,2012,240,-4,34.5,W,F,6.72,1.64,0,50,82.0
8478020,M. Amadio,VGK,R,23520,31,5,10,4,48,12,13,1603,89,9,34.5,W,F,5.28,1.11,0,50,55.50000000000001
8482720,M. Knies,TOR,L,22670,26,7,6,1,35,49,11,1218,833,0,34.4,W,F,5.46,1.32,0,54,71.28
8474612,T. Hamonic,OTT,D,23124,26,2,2,0,26,28,46,97,2739,1,34.4,D,D,5.36,1.32,0,56,73.92
8474166,A. Martinez,VGK,D,17192,15,3,1,1,20,9,48,233,1973,2,34.4,D,D,7.2,2.29,2,48,109.92
8480796,M. Fehervary,WSH,D,25939,23,1,4,1,27,51,40,56,2716,1,34.3,D,D,4.76,1.49,0,54,80.46
8475763,K. Hayes,STL,R,26965,30,9,7,1,55,13,4,3404,161,2,34.3,W,F,4.58,1.14,0,52,59.279999999999994
8473449,K. Okposo,BUF,R,27362,32,5,6,1,50,23,21,2015,2707,-1,34.3,W,F,4.51,1.07,0,50,53.5
8477479,T. Bertuzzi,TOR,L,27097,28,5,7,3,59,28,14,2210,23,10,34.2,W,F,4.54,1.22,0,54,65.88
8480035,H. Jokiharju,BUF,D,30043,29,2,7,0,26,25,36,380,1155,5,34.1,D,D,4.09,1.18,0,50,59.0
8482245,A. Zub,OTT,D,23471,19,2,6,0,19,32,38,152,3434,-1,34.1,D,D,5.23,1.79,0,56,100.24000000000001
8474009,N. Bonino,NYR,C,20929,28,1,3,0,20,5,53,14,3855,-3,34.0,C,F,5.85,1.21,0,53,64.13
8481789,T. Kartye,SEA,L,23579,31,6,5,0,59,56,11,325,1,-2,34.0,W,F,5.19,1.1,0,50,55.00000000000001
8478463,A. Beauvillier,CHI,L,25353,30,3,8,3,49,19,23,2221,61,6,33.800000000000004,W,F,4.8,1.13,0,52,58.75999999999999
8476458,R. Strome,ANA,C,27647,29,3,14,4,53,18,9,4404,254,-6,33.6,C,F,4.38,1.16,0,52,60.31999999999999
8474884,M. Hoffman,SJS,C,25488,30,8,4,3,34,12,15,3087,6,-9,33.6,C,F,4.75,1.12,0,51,57.120000000000005
8481535,N. Hoglander,VAN,L,19953,30,9,5,0,41,24,8,490,0,12,33.5,W,F,6.04,1.12,0,50,56.00000000000001
8480813,J. Veleno,DET,C,29179,30,7,5,3,39,21,14,2257,2428,-5,33.5,C,F,4.13,1.12,0,52,58.24000000000001
8477425,M. Wood,COL,L,23765,31,6,5,1,63,32,13,216,2052,-2,33.5,W,F,5.07,1.08,0,51,55.080000000000005
8479371,D. Fabbro,NSH,D,25338,24,2,5,0,25,19,40,124,2343,2,33.4,D,D,4.75,1.39,0,51,70.89
8476456,J. Huberdeau,CGY,C,32314,31,4,11,3,47,17,13,5476,60,-14,33.4,C,F,3.72,1.08,0,51,55.080000000000005
8483808,A. Kuzmenko,VAN,L,25891,29,6,11,6,41,2,6,7089,0,2,33.3,W,F,4.63,1.15,0,50,57.49999999999999
8477021,A. Kerfoot,ARI,C,30717,30,2,14,4,41,17,15,3011,5034,2,33.3,C,F,3.9,1.11,0,52,57.720000000000006
8474031,K. Shattenkirk,BOS,D,23800,24,2,6,4,39,14,32,2771,250,-3,33.3,D,D,5.04,1.39,0,53,73.67
8482705,C. Sillinger,CBJ,C,22664,27,1,8,0,45,28,32,673,3003,-6,33.3,C,F,5.29,1.23,0,50,61.5
8475179,D. Kulikov,FLA,D,28336,27,0,8,1,27,40,36,114,3290,2,33.2,D,D,4.22,1.23,0,52,63.96
8477507,N. Zadorov,VAN,D,31813,29,1,6,0,38,54,32,261,2889,-1,33.2,D,D,3.76,1.14,0,50,56.99999999999999
8483515,J. Slafkovsky,MTL,L,28369,30,2,6,1,44,47,27,4129,15,-6,33.1,W,F,4.2,1.1,0,52,57.2
8479980,N. Hague,VGK,D,27263,24,1,5,0,35,26,40,98,2298,4,33.1,D,D,4.37,1.38,0,50,69.0
8478882,V. Gavrikov,LAK,D,29838,25,3,6,0,29,12,34,425,3520,8,33.1,D,D,3.99,1.32,1,54,71.28
8475793,R. Johansen,COL,C,26685,31,10,2,5,49,16,4,5454,353,-2,33.0,C,F,4.45,1.06,0,51,54.06
8477508,C. Lazar,NJD,C,19682,27,4,5,1,26,54,23,86,1947,6,33.0,C,F,6.04,1.22,0,53,64.66
8477407,A. Duclair,SJS,L,26561,27,6,5,4,44,14,16,3289,327,-6,32.8,W,F,4.45,1.21,0,51,61.71
8475197,T. Barrie,NSH,D,29616,27,1,10,3,36,6,30,4621,252,-6,32.7,D,D,3.97,1.21,0,51,61.71
8477952,R. Fabbri,DET,C,15153,18,9,6,4,25,6,7,1887,74,0,32.6,C,F,7.75,1.81,3,49,88.69
8482146,L. Evangelista,NSH,R,25172,30,4,11,3,52,9,12,4447,2,1,32.6,W,F,4.66,1.09,0,51,55.59
8479336,C. Grundstrom,LAK,R,18939,27,7,2,2,55,56,9,183,808,4,32.6,W,F,6.2,1.21,0,55,66.55
8480049,D. Samberg,WPG,D,25703,29,0,7,1,25,15,42,7,3778,5,32.5,D,D,4.55,1.12,0,53,59.36000000000001
8480002,N. Hischier,NJD,C,19103,18,7,7,4,35,10,10,3561,1476,0,32.5,C,F,6.12,1.81,0,53,95.93
8482665,M. Beniers,SEA,C,35084,32,4,9,6,59,14,10,5180,531,-20,32.3,C,F,3.31,1.01,0,50,50.5
8480879,J. Bernard-Docker,OTT,D,20838,21,1,3,0,8,15,50,107,1438,2,32.3,D,D,5.58,1.54,0,56,86.24000000000001
8478414,T. Meier,NJD,R,22562,22,5,6,6,65,22,9,2966,6,-17,32.2,W,F,5.14,1.46,0,53,77.38
8480172,J. Rutta,SJS,D,29538,26,0,5,2,29,17,43,273,5013,-12,32.1,D,D,3.91,1.23,0,51,62.73
8477365,C. Clifton,BUF,D,26822,29,0,7,0,22,63,33,25,3086,-4,32.0,D,D,4.29,1.1,0,50,55.00000000000001
8473446,E. Johnson,BUF,D,25698,30,2,0,0,28,35,43,7,6059,0,31.8,D,D,4.45,1.06,0,50,53.0
8474870,T. Johnson,CHI,C,27989,30,6,4,3,49,14,16,4673,151,-14,31.8,C,F,4.09,1.06,0,52,55.120000000000005
8480281,A. Toropchenko,STL,R,21029,30,5,4,2,38,40,18,37,1718,-2,31.8,W,F,5.44,1.06,0,52,55.120000000000005
8481605,J. LaCombe,ANA,D,34577,29,0,4,0,28,24,45,786,5244,-19,31.7,D,D,3.3,1.09,0,52,56.68000000000001
8476923,D. Severson,CBJ,D,23830,19,3,5,1,21,6,35,1314,1567,1,31.7,D,D,4.79,1.67,6,44,73.47999999999999
8482125,A. Holtz,NJD,R,21851,29,8,6,1,49,17,5,2358,11,-5,31.6,W,F,5.21,1.09,0,53,57.77
8481537,N. Okhotiuk,SJS,D,22426,21,0,6,0,22,44,38,287,1737,-9,31.6,D,D,5.07,1.5,0,51,76.5
8479316,L. Kunin,SJS,C,23962,26,5,2,2,44,31,22,1034,4402,-12,31.5,C,F,4.73,1.21,0,51,61.71
8478498,J. DeBrusk,BOS,L,28784,28,4,7,1,64,25,14,2489,3314,6,31.400000000000002,W,F,3.93,1.12,0,53,59.36000000000001
8479415,M. McLeod,NJD,C,24737,29,6,5,0,49,50,9,155,2398,3,31.4,C,F,4.57,1.08,0,53,57.24
8476438,B. Saad,STL,L,27460,30,8,6,1,56,3,6,2584,495,-2,31.4,W,F,4.12,1.05,0,52,54.6
8476854,H. Lindholm,BOS,D,41497,29,1,6,2,44,9,34,2568,4681,5,31.3,D,D,2.72,1.08,0,53,57.24
8475848,B. Gallagher,MTL,R,25068,30,5,6,3,69,18,10,4113,0,-12,31.2,W,F,4.48,1.04,0,52,54.08
8471677,J. Johnson,COL,D,27570,31,2,4,0,39,21,34,50,2177,5,31.0,D,D,4.05,1.0,0,51,51.0
8479402,J. Bean,CBJ,D,27588,30,1,2,0,37,12,44,85,1844,-7,30.9,D,D,4.03,1.03,0,50,51.5
8481186,L. O'Connor,COL,R,24693,29,4,4,3,37,21,23,79,3964,6,30.8,W,F,4.49,1.06,0,51,54.06
8479393,N. Gregor,TOR,C,18896,28,5,2,2,52,51,15,209,2058,-3,30.8,C,F,5.87,1.1,0,54,59.400000000000006
8483505,M. Poitras,BOS,C,22848,27,5,8,1,38,10,15,1785,39,3,30.8,C,F,4.85,1.14,0,53,60.419999999999995
8476480,V. Namestnikov,WPG,C,23497,26,3,11,2,36,17,15,2068,2299,14,30.8,C,F,4.72,1.18,0,53,62.54
8477488,B. Pesce,CAR,D,27713,23,1,3,0,35,8,43,303,3119,-4,30.8,D,D,4.0,1.34,0,51,68.34
8481580,C. McMichael,WSH,C,25576,28,6,7,2,44,8,11,1739,2160,-1,30.7,C,F,4.32,1.1,0,54,59.400000000000006
8474149,E. Dadonov,DAL,R,22389,27,7,5,2,35,12,12,1604,9,-8,30.7,W,F,4.94,1.14,0,53,60.419999999999995
8473533,J. Staal,CAR,C,28690,31,4,6,2,52,39,13,307,3726,-12,30.6,C,F,3.84,0.99,0,51,50.49
8482074,C. Zary,CGY,C,19240,21,7,9,2,25,6,7,2612,0,6,30.6,C,F,5.73,1.46,0,51,74.46
8471218,B. Wheeler,NYR,R,21629,29,4,5,1,46,14,22,1586,2,-2,30.5,W,F,5.08,1.05,0,53,55.650000000000006
8477971,A. Englund,LAK,D,20849,27,1,6,0,12,63,30,3,1664,5,30.5,D,D,5.27,1.13,0,55,62.14999999999999
8480185,E. Luostarinen,FLA,C,28759,30,4,3,0,43,36,23,1031,3899,-1,30.4,C,F,3.81,1.01,0,52,52.52
8479442,T. Stecher,ARI,D,31879,28,1,2,0,26,27,42,91,3873,1,30.3,D,D,3.42,1.08,0,52,56.160000000000004
8474602,J. Schultz,SEA,D,26085,27,2,7,3,40,3,27,3817,27,-9,30.3,D,D,4.18,1.12,2,48,53.760000000000005
8475324,N. Jensen,WSH,D,32273,28,0,4,0,23,20,44,50,5335,-1,30.3,D,D,3.38,1.08,0,54,58.32000000000001
8474189,L. Eller,PIT,C,26179,29,3,5,1,58,19,22,642,4291,1,30.2,C,F,4.15,1.04,0,53,55.120000000000005
8481618,A. Newhook,MTL,C,22869,23,7,6,3,31,16,8,3290,24,-5,30.2,C,F,4.75,1.31,24,28,36.68
8480246,N. Perbix,TBL,D,28203,30,0,6,0,20,12,42,22,43,1,30.2,D,D,3.85,1.01,0,50,50.5
8481553,B. Brink,PHI,R,22287,25,5,9,4,37,4,10,3775,30,5,30.099999999999998,W,F,4.86,1.2,0,52,62.4
8480289,M. Barron,WPG,C,18853,29,5,2,1,44,30,20,135,3962,2,29.900000000000002,C,F,5.71,1.03,0,53,54.59
8476879,C. Ceci,EDM,D,33398,28,0,7,1,33,21,34,35,4730,4,29.9,D,D,3.22,1.07,0,54,57.78
8477018,B. Hutton,VGK,D,24929,26,1,6,1,41,8,33,1893,191,4,29.9,D,D,4.32,1.15,0,50,57.49999999999999
8479591,M. Eyssimont,TBL,C,21792,31,4,6,1,66,36,10,633,39,1,29.7,C,F,4.91,0.96,0,50,48.0
8478133,J. Evans,MTL,C,25669,30,2,7,0,28,27,26,135,5448,5,29.5,C,F,4.14,0.98,0,52,50.96
8478434,K. Kolesar,VGK,R,21550,32,2,3,1,27,97,19,82,808,-2,29.4,W,F,4.91,0.92,0,50,46.0
8478462,N. Roy,VGK,C,21008,23,5,8,4,42,12,8,2511,1567,4,29.4,C,F,5.04,1.28,0,50,64.0
8476871,T. Pearson,MTL,L,21832,27,4,4,2,47,26,18,2781,1908,-5,29.3,W,F,4.83,1.09,9,43,46.870000000000005
8478856,C. Garland,VAN,R,25466,32,2,10,1,70,12,13,2441,0,8,29.2,W,F,4.13,0.91,0,50,45.5
8470600,R. Suter,DAL,D,34747,29,0,6,0,38,18,35,109,2135,-2,29.1,D,D,3.01,1.0,0,53,53.0
8476918,J. Vesey,NYR,L,19021,27,7,3,0,39,17,13,540,2304,5,29.1,W,F,5.51,1.08,0,53,57.24
8475842,S. Carrick,ANA,C,23116,30,6,2,1,37,44,13,354,5793,-2,29.1,C,F,4.53,0.97,0,52,50.44
8479390,T. Raddysh,CHI,R,29800,30,5,2,2,54,27,16,4010,3109,-3,29.1,W,F,3.52,0.97,0,52,50.44
8479400,P. Dubois,LAK,C,26033,27,5,7,1,49,17,10,5033,143,-4,29.1,C,F,4.02,1.08,0,55,59.400000000000006
8473986,A. Killorn,ANA,C,21526,20,4,7,5,52,13,10,3008,1367,-8,29.0,C,F,4.85,1.45,0,52,75.39999999999999
8478831,K. Stenlund,FLA,C,22604,30,6,2,0,29,21,20,574,3858,-4,29.0,C,F,4.62,0.97,0,52,50.44
8477384,J. Brown,ARI,D,17094,20,1,2,0,18,31,40,0,2383,-4,28.9,D,D,6.09,1.44,0,52,74.88
8475208,B. Dumoulin,SEA,D,29927,31,2,4,0,23,25,32,127,2492,-2,28.8,D,D,3.46,0.93,0,50,46.5
8477494,J. Drouin,COL,L,25655,29,4,8,4,40,13,11,5330,0,1,28.8,W,F,4.04,0.99,0,51,50.49
8474586,J. Eberle,SEA,R,29450,28,3,11,4,58,8,6,4508,10,-9,28.6,W,F,3.5,1.02,2,48,48.96
8480860,K. Bahl,NJD,D,29677,29,0,5,0,22,54,32,125,3590,0,28.6,D,D,3.47,0.99,0,53,52.47
8483466,K. Korchinski,CHI,D,29274,25,2,5,3,28,2,30,3034,331,-12,28.5,D,D,3.5,1.14,0,52,59.279999999999994
8478421,A. Greer,CGY,L,16086,30,5,4,1,34,46,12,219,157,-1,28.5,W,F,6.38,0.95,0,51,48.449999999999996
8475722,J. Zucker,ARI,L,20504,23,5,5,4,46,26,8,2490,64,2,28.2,W,F,4.95,1.23,0,52,63.96
8481704,J. Parssinen,NSH,C,26967,30,6,3,3,38,24,11,3081,133,-4,28.2,C,F,3.76,0.94,0,51,47.94
8481560,A. Kaliyev,LAK,R,19590,24,6,6,3,52,9,5,2919,0,7,28.1,W,F,5.16,1.17,0,55,64.35
8477511,A. Mantha,WSH,R,19231,24,7,4,1,36,13,9,1888,0,6,27.9,W,F,5.22,1.16,0,54,62.63999999999999
8479987,M. Geekie,BOS,C,20385,23,4,6,2,35,19,15,2045,33,3,27.9,C,F,4.93,1.21,0,53,64.13
8480074,A. Texier,CBJ,C,26936,30,6,3,1,43,10,14,897,3735,-8,27.8,C,F,3.72,0.93,0,50,46.5
8483460,D. Jiricek,CBJ,D,22770,27,1,7,0,20,12,31,8,185,1,27.7,D,D,4.38,1.03,0,50,51.5
8480068,R. Poehling,PHI,C,19831,25,2,5,1,32,14,27,281,2381,-4,27.6,C,F,5.01,1.1,0,52,57.2
8479339,P. Laine,CBJ,L,16436,18,6,3,2,41,5,14,3099,15,-10,27.6,W,F,6.05,1.53,15,35,53.550000000000004
8477998,W. Foegele,EDM,L,22298,28,4,6,1,61,25,9,775,1548,-11,27.6,W,F,4.46,0.99,0,54,53.46
8477503,M. Domi,TOR,C,21511,28,2,15,1,40,20,4,1841,7,3,27.5,C,F,4.6,0.98,0,54,52.92
8477903,G. Hathaway,PHI,R,19178,30,2,1,1,26,74,24,275,2323,-7,27.5,W,F,5.16,0.92,0,52,47.84
8478438,T. Novak,NSH,C,17951,20,6,7,6,34,1,4,3173,36,-2,27.5,C,F,5.52,1.38,0,51,70.38
8479353,B. Howden,VGK,C,23566,30,4,4,1,31,28,18,63,2400,-1,27.4,C,F,4.19,0.91,0,50,45.5
8481656,A. Protas,WSH,C,19037,27,3,10,1,34,4,14,279,1051,2,27.3,C,F,5.16,1.01,0,54,54.54
8481517,B. Leason,ANA,R,19730,26,4,4,0,38,30,17,227,4347,-2,27.3,W,F,4.98,1.05,0,52,54.6
8479576,V. Desharnais,EDM,D,22191,26,1,3,0,12,35,35,71,3310,-2,27.2,D,D,4.41,1.05,0,54,56.7
8476822,L. Glendening,TBL,C,22352,32,4,0,0,17,44,26,18,4408,-5,27.1,C,F,4.36,0.85,0,50,42.5
8474034,P. Maroon,MIN,L,21802,28,3,9,0,36,29,11,1433,0,1,27.0,W,F,4.46,0.96,0,54,51.839999999999996
8475177,C. de Haan,TBL,D,26422,28,0,3,0,19,35,37,41,3225,0,26.9,D,D,3.67,0.96,0,50,48.0
8476981,J. Anderson,MTL,R,29864,30,3,4,1,69,55,8,5293,206,-9,26.9,W,F,3.24,0.9,0,52,46.800000000000004
8477845,T. van Riemsdyk,WSH,D,26324,24,0,5,1,27,1,37,151,2918,-2,26.8,D,D,3.67,1.12,0,54,60.480000000000004
8480980,C. Dewar,MIN,C,18684,28,6,2,1,31,32,12,344,3587,-3,26.8,C,F,5.16,0.96,0,54,51.839999999999996
8482113,A. Lundell,FLA,C,26258,28,2,10,2,55,10,10,2307,1651,4,26.5,C,F,3.63,0.95,0,52,49.4
8482157,W. Cuylle,NYR,L,19706,29,5,2,1,41,74,5,944,0,-2,26.5,W,F,4.84,0.91,0,53,48.230000000000004
8476858,P. Di Giuseppe,VAN,L,23640,29,3,5,0,36,42,15,34,2381,6,26.3,W,F,4.01,0.91,0,50,45.5
8478970,J. Chatfield,CAR,D,22643,26,3,5,0,30,17,21,66,1487,-2,26.2,D,D,4.17,1.01,0,51,51.51
8479977,K. Yamamoto,SEA,R,23773,32,6,4,4,30,12,8,5021,242,-5,26.2,W,F,3.97,0.82,0,50,41.0
8480727,Z. Whitecloud,VGK,D,20001,18,2,3,0,22,30,28,131,2079,0,26.2,D,D,4.72,1.46,0,50,73.0
8480835,J. Drury,CAR,C,19635,31,4,7,2,38,13,10,1276,754,4,26.1,C,F,4.79,0.84,0,51,42.839999999999996
8478046,D. Heinen,BOS,L,17352,21,4,6,0,32,14,15,125,1299,5,26.099999999999998,W,F,5.41,1.24,0,53,65.72
8475343,N. Dowd,WSH,C,17607,19,4,1,0,21,18,26,149,3242,5,25.9,C,F,5.3,1.36,0,54,73.44000000000001
8477987,R. Donato,CHI,C,23240,28,4,6,0,56,28,7,2849,232,-4,25.9,C,F,4.01,0.92,0,52,47.84
8478569,N. Acciari,PIT,C,16236,22,2,1,0,25,44,28,69,3192,4,25.9,C,F,5.74,1.18,0,53,62.54
8479324,R. Lindgren,NYR,D,33098,28,1,1,0,28,35,33,77,5488,0,25.8,D,D,2.81,0.92,0,53,48.760000000000005
8481556,J. Beecher,BOS,C,18118,28,4,1,0,21,47,20,12,3177,-5,25.8,C,F,5.13,0.92,0,53,48.760000000000005
8475762,D. Forbort,BOS,D,22035,20,0,4,0,13,29,35,51,4274,9,25.7,D,D,4.2,1.28,6,47,60.160000000000004
8481606,J. Spence,LAK,D,23568,26,0,9,2,29,22,21,3284,72,7,25.6,D,D,3.91,0.98,0,55,53.9
8477953,K. Kapanen,STL,R,27738,30,3,7,2,46,17,10,1985,2715,-2,25.3,W,F,3.28,0.84,0,52,43.68
8478115,P. Engvall,NYI,L,26195,29,4,9,2,44,9,4,2152,10,1,25.3,W,F,3.48,0.87,0,52,45.24
8475744,E. Kuznetsov,WSH,C,29430,24,5,6,2,49,3,6,4730,2913,-6,25.2,C,F,3.08,1.05,0,54,56.7
8480028,M. Frost,PHI,C,18372,20,3,5,1,37,9,18,3331,31,6,25.1,C,F,4.92,1.26,0,52,65.52
8479976,J. Valimaki,ARI,D,26568,24,0,6,4,15,11,29,2862,165,0,25.1,D,D,3.4,1.05,0,52,54.6
8478413,J. Greenway,BUF,L,20657,21,2,5,0,26,29,20,185,3839,-1,24.5,W,F,4.27,1.17,0,50,58.5
8478109,V. Olofsson,BUF,L,18779,26,4,7,2,37,7,8,2694,0,-1,24.400000000000002,W,F,4.68,0.94,0,50,47.0
8475149,M. Johansson,MIN,L,26945,28,1,11,1,42,16,10,4432,349,0,24.3,W,F,3.25,0.87,0,54,46.98
8477330,D. Kubalik,OTT,L,22644,26,6,1,2,42,11,10,4127,0,-13,24.3,W,F,3.86,0.93,0,56,52.080000000000005
8480222,S. Aho,NYI,D,19907,22,0,4,2,22,10,32,1406,482,-6,24.2,D,D,4.38,1.1,0,52,57.2
8482055,D. O'Connor,PIT,L,25308,29,2,6,1,53,13,14,506,2402,-1,24.1,W,F,3.43,0.83,0,53,43.989999999999995
8476967,B. Kulak,EDM,D,25128,28,1,2,0,33,23,29,114,2017,-7,24.1,D,D,3.45,0.86,0,54,46.44
8477070,L. O'Brien,ARI,C,17964,30,3,4,0,25,65,10,14,598,4,24.0,C,F,4.81,0.8,0,52,41.6
8478502,D. Gilbert,CGY,D,16586,21,0,4,0,16,37,29,15,651,-3,23.8,D,D,5.17,1.13,0,51,57.629999999999995
8477369,C. Soucy,VAN,D,13151,13,2,3,2,12,16,26,239,1419,6,23.8,D,D,6.52,1.83,3,47,86.01
8484145,Z. Benson,BUF,L,20005,22,4,6,0,35,7,11,1883,418,-1,23.7,W,F,4.26,1.08,0,50,54.0
8479346,D. Dube,CGY,C,22043,30,3,4,1,29,17,17,1149,1406,-7,23.6,C,F,3.85,0.79,0,51,40.29
8477935,S. Bennett,FLA,C,17873,18,4,5,4,35,25,5,2487,355,0,23.5,C,F,4.73,1.31,0,52,68.12
8481178,E. Zamula,PHI,D,20258,22,1,3,1,20,10,30,180,284,9,23.5,D,D,4.18,1.07,0,52,55.64
8481527,K. Korczak,VGK,D,14840,15,1,6,1,16,22,22,390,364,7,23.3,D,D,5.65,1.55,0,50,77.5
8479520,B. Duhaime,MIN,R,16915,28,4,1,1,35,51,10,212,3169,1,23.1,W,F,4.92,0.82,0,54,44.279999999999994
8473453,T. Lewis,LAK,C,19035,27,3,3,1,48,17,14,154,3266,3,23.0,C,F,4.35,0.85,0,55,46.75
8481577,P. Tomasino,NSH,C,17359,23,2,9,3,35,5,9,2356,0,-4,23.0,C,F,4.77,1.0,0,51,51.0
8482511,M. Lohrei,BOS,D,15288,15,2,3,0,22,8,26,204,673,-4,23.0,D,D,5.42,1.53,0,53,81.09
8477478,W. Carrier,VGK,L,19399,29,3,2,0,49,55,9,73,3,3,22.900000000000002,W,F,4.25,0.79,0,50,39.5
8481028,M. Pospisil,CGY,C,14290,19,3,3,0,41,53,9,791,16,5,22.9,C,F,5.77,1.21,0,51,61.71
8477446,M. McCarron,NSH,R,15198,21,4,3,0,21,32,13,35,1404,4,22.8,W,F,5.4,1.09,0,51,55.59
8480830,A. Svechnikov,CAR,R,15931,16,1,10,4,41,29,3,1989,44,0,22.5,W,F,5.08,1.41,0,51,71.91
8476874,O. Maatta,DET,D,22710,25,0,5,0,12,16,29,118,1022,5,22.3,D,D,3.54,0.89,0,52,46.28
8480073,E. Brannstrom,OTT,D,20295,21,1,3,0,23,5,29,352,1813,3,22.3,D,D,3.96,1.06,0,56,59.36
8480144,D. Kampf,TOR,C,22014,28,4,3,0,28,34,10,132,4086,-4,22.2,C,F,3.63,0.79,0,54,42.660000000000004
8479718,A. Barré-Boulet,TBL,C,17689,24,5,3,2,38,14,6,1541,0,-5,22.2,C,F,4.52,0.92,0,50,46.0
8471698,T. Oshie,WSH,R,20883,21,2,2,2,40,26,17,4130,184,-5,22.1,W,F,3.81,1.05,0,54,56.7
8480205,E. Bemstrom,CBJ,R,13617,17,4,3,3,27,8,12,2172,62,-6,22.0,W,F,5.82,1.29,0,50,64.5
8477950,T. DeAngelo,CAR,D,17725,20,2,7,6,33,2,9,4185,67,-10,22.0,D,D,4.47,1.1,0,51,56.1
8476921,J. Martinook,CAR,L,27517,31,1,7,0,66,16,9,260,2761,-6,21.7,W,F,2.84,0.7,0,51,35.699999999999996
8478454,N. Juulsen,VAN,D,17730,21,0,1,0,7,55,29,100,2045,-2,21.7,D,D,4.41,1.03,0,50,51.5
8470621,C. Perry,CHI,R,14067,16,4,5,2,26,11,8,3706,0,-5,21.7,W,F,5.55,1.36,52,0,0.0
8474618,M. Scandella,STL,D,21693,28,1,2,1,16,28,25,26,2036,4,21.400000000000002,D,D,3.55,0.76,0,52,39.52
8479368,M. Jones,ANA,L,18577,26,3,4,1,40,49,4,1516,6,-6,21.4,W,F,4.15,0.82,0,52,42.64
8477930,P. Bellemare,SEA,L,16389,28,4,1,1,25,10,16,90,3552,3,21.0,W,F,4.61,0.75,0,50,37.5
8482176,W. Kaiser,CHI,D,22019,22,0,4,0,10,15,29,71,2701,0,21.0,D,D,3.43,0.95,0,52,49.4
8471699,A. Cogliano,COL,C,16931,27,3,6,3,19,6,10,14,3679,6,21.0,C,F,4.47,0.78,0,51,39.78
8477541,D. Mermis,MIN,D,13969,15,2,3,0,12,7,24,316,781,0,20.900000000000002,D,D,5.39,1.39,0,54,75.05999999999999
8481477,N. Sturm,SJS,C,22747,26,2,2,0,30,14,21,388,3202,-10,20.9,C,F,3.31,0.8,1,50,40.0
8480184,G. Lindström,MTL,D,12836,14,3,1,0,15,8,23,6,251,0,20.8,D,D,5.83,1.49,0,52,77.48
8480821,F. Zadina,SJS,R,20532,26,3,3,1,38,10,13,1628,1258,-22,20.8,W,F,3.65,0.8,0,51,40.800000000000004
8479398,S. Girard,COL,D,18552,15,1,3,0,18,15,25,748,2218,-7,20.8,D,D,4.04,1.39,18,33,45.87
8476889,R. Faksa,DAL,C,19484,25,2,4,2,21,12,17,47,3359,0,20.8,C,F,3.84,0.83,0,53,43.989999999999995
8478021,W. Lagesson,TOR,D,16435,18,0,3,0,8,30,28,4,1795,0,20.8,D,D,4.56,1.16,0,54,62.63999999999999
8480008,A. Ruzicka,CGY,C,16789,26,3,5,3,28,3,10,2642,0,-4,20.6,C,F,4.42,0.79,0,51,40.29
8482092,R. Greig,OTT,C,13725,16,3,6,2,25,25,5,1455,946,8,20.5,C,F,5.38,1.28,0,56,71.68
8476624,B. Goodrow,NYR,C,19660,27,1,3,0,14,41,20,33,3530,0,20.5,C,F,3.75,0.76,0,53,40.28
8474040,S. Gagner,EDM,C,10579,16,4,3,1,34,11,9,900,0,1,20.5,C,F,6.98,1.28,0,54,69.12
8480834,T. Emberson,SJS,D,17136,16,1,3,1,16,34,20,266,692,-3,20.5,D,D,4.31,1.28,0,51,65.28
8475164,J. Silfverberg,ANA,R,21699,29,1,6,2,43,6,13,3482,1007,-1,20.4,W,F,3.38,0.7,0,52,36.4
8478458,J. Roslovic,CBJ,C,13866,14,2,6,2,29,5,12,1369,692,-6,20.4,C,F,5.3,1.46,1,49,71.53999999999999
8478432,C. Fischer,DET,R,19250,29,2,5,1,33,35,8,168,1530,3,20.3,W,F,3.8,0.7,0,52,36.4
8476927,T. Blueger,VAN,C,16485,18,3,4,2,24,14,11,733,1819,3,20.3,C,F,4.43,1.13,0,50,56.49999999999999
8478028,F. Olofsson,COL,L,19257,29,2,4,0,27,20,15,61,3230,-2,20.2,W,F,3.78,0.7,0,51,35.699999999999996
8481582,N. Robertson,TOR,L,10986,17,3,6,1,28,9,8,451,55,3,20.2,W,F,6.62,1.19,0,54,64.25999999999999
8476393,N. Cousins,FLA,C,23166,30,2,3,0,50,36,9,1021,13,-6,20.1,C,F,3.12,0.67,0,52,34.84
8476917,A. Pelech,NYI,D,18846,16,0,3,0,16,15,28,16,2620,6,20.1,D,D,3.84,1.26,3,49,61.74
8482155,A. Laferriere,LAK,R,20379,26,3,2,0,49,22,10,789,106,-1,20.1,W,F,3.55,0.77,0,55,42.35
8479458,N. Zaitsev,CHI,D,12553,14,1,2,0,7,24,26,304,304,1,20.099999999999998,D,D,5.76,1.44,0,52,74.88
8474716,J. Spurgeon,MIN,D,18122,13,0,4,3,17,7,24,2234,3050,6,19.9,D,D,3.95,1.53,0,54,82.62
8479414,N. Bastian,NJD,R,16272,27,1,3,0,31,48,14,847,1453,-9,19.9,W,F,4.4,0.74,0,53,39.22
8477476,A. Lehkonen,COL,L,13319,12,3,5,4,34,13,4,2978,1350,-3,19.7,W,F,5.32,1.64,6,45,73.8
8481058,J. Ylönen,MTL,R,14433,23,3,2,0,22,10,17,863,1713,-1,19.7,W,F,4.91,0.86,0,52,44.72
8480855,J. McBain,ARI,C,10935,15,4,3,0,16,34,7,99,1871,1,19.5,C,F,6.42,1.3,0,52,67.60000000000001
8478104,S. Blais,STL,L,16016,25,1,5,0,18,77,6,697,0,-6,19.5,W,F,4.38,0.78,0,52,40.56
8480802,R. McLeod,EDM,C,24365,28,2,5,2,36,24,7,1531,2698,-3,19.5,C,F,2.88,0.7,0,54,37.8
8475235,N. Deslauriers,PHI,L,16265,30,0,3,0,28,77,12,162,1,-6,19.5,W,F,4.32,0.65,0,52,33.800000000000004
8480448,P. Kelly,OTT,L,15584,26,1,3,1,18,41,16,193,3135,-3,19.4,W,F,4.48,0.75,0,56,42.0
8475855,J. Fast,CAR,R,25657,31,2,5,0,39,20,9,216,1991,-2,19.4,W,F,2.72,0.63,0,51,32.13
8479543,M. Pezzetta,MTL,L,9976,21,1,3,0,21,72,10,50,107,2,19.3,W,F,6.96,0.92,0,52,47.84
8476988,M. Benning,SJS,D,15523,14,0,2,0,13,15,29,4,2407,-5,19.3,D,D,4.48,1.38,0,51,70.38
8482660,K. Johnson,CBJ,C,12547,16,3,6,0,21,2,10,2081,0,0,19.3,C,F,5.54,1.21,0,50,60.5
8477932,A. Ekblad,FLA,D,16407,13,0,4,1,28,14,21,1276,2234,6,19.2,D,D,4.21,1.48,1,51,75.48
8482117,L. Reichel,CHI,L,25419,29,2,4,2,41,6,11,3434,459,-21,19.2,W,F,2.72,0.66,0,52,34.32
8475193,T. Tatar,SEA,L,19103,28,1,8,1,20,15,10,1411,394,0,19.0,W,F,3.58,0.68,0,50,34.0
8478017,M. Friedman,VAN,D,13381,18,0,1,0,14,21,29,105,81,4,19.0,D,D,5.11,1.06,0,50,53.0
8480014,G. Vilardi,WPG,C,10592,11,4,5,1,28,4,4,2484,0,7,18.7,C,F,6.36,1.7,0,53,90.1
8480887,J. Harris,MTL,D,17994,16,0,3,0,12,5,28,64,2300,-7,18.7,D,D,3.74,1.17,3,49,57.33
8470604,J. Carter,PIT,C,15156,23,3,1,2,26,19,12,1747,1277,-2,18.5,C,F,4.39,0.8,0,53,42.400000000000006
8478585,D. Ryan,EDM,C,17004,28,3,4,2,21,14,8,70,2742,1,18.5,C,F,3.92,0.66,0,54,35.64
8481522,P. Krebs,BUF,C,23569,30,2,3,0,26,24,13,1115,1591,4,18.5,C,F,2.83,0.62,0,50,31.0
8480878,N. Lundkvist,DAL,D,21045,24,0,7,1,25,14,14,2077,27,1,18.400000000000002,D,D,3.15,0.77,0,53,40.81
8476422,M. Reilly,NYI,D,11098,12,1,4,3,35,13,12,837,8,-6,18.3,D,D,5.94,1.52,0,52,79.04
8477947,S. Milano,WSH,L,16834,23,4,4,0,20,8,7,988,10,-1,18.3,W,F,3.91,0.8,0,54,43.2
8480789,O. Wahlstrom,NYI,R,11886,17,2,3,2,23,15,13,1140,0,-5,18.3,W,F,5.54,1.08,0,52,56.160000000000004
8481481,B. Lizotte,LAK,C,14784,21,4,3,1,27,15,5,181,2663,6,18.2,C,F,4.43,0.87,0,55,47.85
8480001,U. Vaakanainen,ANA,D,21957,23,0,5,0,22,9,20,92,1110,2,18.1,D,D,2.97,0.79,0,52,41.08
8477989,C. Dvorak,MTL,C,18918,20,2,4,0,27,7,13,727,2010,-2,17.900000000000002,C,F,3.41,0.9,0,52,46.800000000000004
8481641,J. Kiviranta,COL,L,10267,16,2,3,0,16,23,14,13,1274,0,17.900000000000002,W,F,6.28,1.12,0,51,57.120000000000005
8480025,M. Entwistle,CHI,R,14074,21,2,3,0,25,34,10,154,1269,-6,17.9,W,F,4.58,0.85,0,52,44.199999999999996
8479293,B. Tanev,SEA,L,13511,16,2,1,0,18,30,16,50,2208,-1,17.8,W,F,4.74,1.11,0,50,55.50000000000001
8479671,M. Olivier,CBJ,R,10845,18,1,4,0,18,44,11,10,166,-1,17.7,W,F,5.88,0.98,0,50,49.0
8478011,L. Belpedio,PHI,D,9506,12,2,2,0,12,14,18,0,456,6,17.6,D,D,6.67,1.47,0,52,76.44
8479351,S. Steel,DAL,C,18382,24,2,6,1,31,9,6,40,2755,2,17.5,C,F,3.43,0.73,0,53,38.69
8477986,B. Montour,FLA,D,19857,14,1,3,2,34,11,14,2804,290,0,17.5,D,D,3.17,1.25,0,52,65.0
8478469,T. Chabot,OTT,D,13163,9,0,4,1,26,3,20,1777,305,0,17.4,D,D,4.76,1.93,7,49,94.57
8481167,B. Pachal,VGK,D,13355,15,1,0,0,16,38,20,0,1381,-2,17.4,D,D,4.69,1.16,0,50,57.99999999999999
8479982,C. Timmins,TOR,D,10852,11,1,5,2,9,10,15,1098,91,7,17.4,D,D,5.77,1.58,0,54,85.32000000000001
8481122,S. Benoit,TOR,D,13396,15,0,0,0,10,42,24,0,1360,5,17.2,D,D,4.62,1.15,0,54,62.099999999999994
8474090,B. Smith,NJD,D,19051,22,0,2,0,21,36,19,54,3179,-1,17.2,D,D,3.25,0.78,0,53,41.34
8475718,J. Holl,DET,D,20226,22,0,3,0,5,20,23,91,1757,5,17.0,D,D,3.03,0.77,0,52,40.04
8476329,T. Boyd,ARI,C,9237,16,2,6,0,12,7,10,89,54,3,16.900000000000002,C,F,6.59,1.06,0,52,55.120000000000005
8475233,D. Savard,MTL,D,10065,8,1,2,0,8,6,23,24,1954,0,16.9,D,D,6.04,2.11,0,52,109.72
8482241,R. Zohorna,PIT,L,15527,24,3,3,0,34,29,3,1129,0,-1,16.8,W,F,3.9,0.7,0,53,37.099999999999994
8480891,M. Kesselring,ARI,D,11238,14,1,5,0,14,14,14,30,158,2,16.8,D,D,5.38,1.2,0,52,62.4
8477979,N. Aube-Kubel,WSH,R,12081,16,2,4,0,16,30,8,83,69,4,16.6,W,F,4.95,1.04,0,54,56.160000000000004
8476891,M. Grzelcyk,BOS,D,19672,19,1,0,0,26,15,21,210,1439,-1,16.6,D,D,3.04,0.87,0,53,46.11
8480459,P. Suter,VAN,C,16675,18,4,1,1,24,11,7,1563,1736,5,16.5,C,F,3.56,0.92,0,50,46.0
8479439,J. MacDonald,SJS,D,9690,14,4,1,3,23,12,5,1122,0,-9,16.5,D,D,6.13,1.18,0,51,60.18
8479066,R. Lomberg,FLA,L,16903,30,2,0,0,26,49,10,144,696,1,16.5,W,F,3.51,0.55,0,52,28.6
8477220,N. Schmidt,WPG,D,23202,23,0,1,0,18,11,25,2452,1083,-3,16.4,D,D,2.54,0.71,0,53,37.629999999999995
8481147,R. Johnson,CHI,C,13189,19,2,0,0,24,39,12,28,1735,-9,16.3,C,F,4.45,0.86,0,52,44.72
8479370,T. Jost,BUF,C,17769,27,2,2,0,29,23,10,56,1484,-8,16.2,C,F,3.28,0.6,0,50,30.0
8478099,K. Labanc,SJS,R,16892,23,1,4,2,31,21,8,1541,0,-11,16.2,W,F,3.45,0.7,0,51,35.699999999999996
8476483,R. Rakell,PIT,R,15896,17,0,4,1,44,22,10,1826,1,-2,16.1,W,F,3.65,0.95,1,52,49.4
8478452,C. Jones,COL,D,10825,14,0,3,0,12,16,20,29,71,6,15.8,D,D,5.25,1.13,0,51,57.629999999999995
8475750,J. Merrill,MIN,D,16101,20,1,2,0,12,10,19,178,1208,1,15.700000000000001,D,D,3.51,0.78,0,54,42.120000000000005
8479379,G. Smith,SJS,R,11751,25,1,2,0,27,45,9,16,0,-4,15.700000000000001,W,F,4.81,0.63,0,51,32.13
8475225,C. Smith,DAL,C,16481,26,2,1,0,41,16,10,41,213,1,15.7,C,F,3.43,0.6,0,53,31.799999999999997
8475797,J. Tinordi,CHI,D,10590,12,0,1,0,9,32,21,10,1209,-4,15.6,D,D,5.3,1.3,0,52,67.60000000000001
8477392,H. Fasching,NYI,R,14349,20,1,4,0,17,9,14,278,0,-3,15.6,W,F,3.91,0.78,0,52,40.56
8482964,A. Xhekaj,MTL,D,15040,17,1,2,0,14,41,12,1063,303,1,15.5,D,D,3.71,0.91,0,52,47.32
8475906,J. Klingberg,TOR,D,17263,14,0,5,2,14,11,14,2850,4,-7,15.5,D,D,3.23,1.11,54,0,0.0
8480220,N. Cates,PHI,L,18167,21,1,3,1,19,5,15,1501,2706,-3,15.4,W,F,3.05,0.73,15,37,27.009999999999998
8476878,Z. Girgensons,BUF,L,15067,20,2,0,0,27,31,11,40,2278,-3,15.3,W,F,3.66,0.76,1,49,37.24
8478408,T. Dermott,ARI,D,15626,16,0,1,0,17,10,23,36,1985,-6,15.2,D,D,3.5,0.95,0,52,49.4
8480849,B. Hayton,ARI,C,17872,16,2,2,1,34,2,10,3622,1269,-2,15.1,C,F,3.04,0.94,2,50,47.0
8481541,S. Bolduc,NYI,D,14658,20,0,1,0,16,24,20,149,71,-5,15.0,D,D,3.68,0.75,0,52,39.0
8479369,A. Peeke,CBJ,D,9514,9,0,3,0,10,20,18,0,1016,-4,15.0,D,D,5.68,1.67,0,50,83.5
8480043,T. Liljegren,TOR,D,11977,11,0,1,1,6,9,24,676,1259,-1,15.0,D,D,4.51,1.36,0,54,73.44000000000001
8479328,J. Gauthier,NYI,R,8218,13,2,3,0,18,28,6,37,36,-3,14.6,W,F,6.4,1.12,0,52,58.24000000000001
8477406,M. Janmark,EDM,C,14204,18,1,4,0,23,17,9,111,2423,-6,14.5,C,F,3.68,0.81,0,54,43.74
8475752,T. Pitlick,NYR,C,12674,21,1,2,0,19,40,9,3,458,1,14.4,C,F,4.09,0.69,0,53,36.57
8476469,J. Armia,MTL,R,11493,14,4,0,1,27,7,5,45,2280,4,14.399999999999999,W,F,4.51,1.03,0,52,53.56
8477846,R. Carpenter,SJS,C,12630,18,1,4,0,21,12,10,0,2273,0,14.3,C,F,4.08,0.79,0,51,40.29
8471709,M. Vlasic,SJS,D,13439,16,0,1,0,12,6,23,27,1239,-10,14.3,D,D,3.83,0.89,0,51,45.39
8477944,J. Vrana,STL,L,14014,19,2,4,0,41,6,3,1902,7,-5,14.200000000000001,W,F,3.65,0.75,0,52,39.0
8480871,A. Boqvist,CBJ,D,13327,13,0,3,1,14,7,17,735,66,3,14.100000000000001,D,D,3.81,1.08,7,43,46.440000000000005
8484258,S. Malinski,COL,D,7959,9,1,3,0,9,5,15,94,45,2,13.9,D,D,6.29,1.54,0,51,78.54
8479372,J. Mahura,FLA,D,12874,17,0,5,0,15,13,12,12,484,-2,13.8,D,D,3.86,0.81,0,52,42.120000000000005
8480762,E. Robinson,BUF,L,10037,13,2,2,0,18,25,7,23,1165,-1,13.8,W,F,4.95,1.06,0,50,53.0
8474567,Z. Bogosian,MIN,D,13461,16,0,1,0,20,23,17,191,842,6,13.8,D,D,3.69,0.86,0,54,46.44
8481604,P. Dorofeyev,VGK,L,10175,13,2,4,0,24,3,6,890,9,3,13.7,W,F,4.85,1.05,0,50,52.5
8477919,F. Gaudreau,MIN,C,15118,18,2,2,1,33,4,7,1653,1811,-3,13.7,C,F,3.26,0.76,0,54,41.04
8477353,T. Motte,TBL,C,16409,22,1,1,0,24,25,11,51,3187,-2,13.4,C,F,2.94,0.61,0,50,30.5
8478904,S. Lorentz,FLA,C,11979,23,1,2,0,16,28,10,53,506,-6,13.4,C,F,4.03,0.58,0,52,30.159999999999997
8484304,U. Balinskis,FLA,D,14722,18,1,1,0,18,20,13,145,294,0,13.3,D,D,3.25,0.74,0,52,38.48
8479547,M. Phillips,WSH,R,12552,20,1,4,0,13,3,11,1481,58,0,13.1,W,F,3.76,0.66,0,54,35.64
8477499,R. Ristolainen,PHI,D,10591,10,0,1,0,13,22,17,719,627,0,13.0,D,D,4.42,1.3,0,52,67.60000000000001
8481206,J. Ludvig,PIT,D,9450,13,0,1,0,12,32,15,0,839,-5,12.9,D,D,4.91,0.99,0,53,52.47
8480468,J. Hamblin,EDM,L,8902,18,2,1,0,11,7,12,24,218,2,12.8,W,F,5.18,0.71,0,54,38.339999999999996
8477839,C. Sheary,TBL,L,10243,15,1,4,0,14,2,10,344,273,-1,12.6,W,F,4.43,0.84,0,50,42.0
8481093,R. Harvey-Pinard,MTL,L,10258,13,0,4,1,11,14,11,17,2007,1,12.5,W,F,4.39,0.96,13,39,37.44
8481019,D. Gustafsson,WPG,C,12750,24,2,1,0,15,7,10,0,1641,-2,12.2,C,F,3.44,0.51,0,53,27.03
8481593,J. Struble,MTL,D,9354,12,2,1,0,12,19,8,0,146,2,12.1,D,D,4.66,1.01,0,52,52.52
8474568,L. Schenn,NSH,D,10785,12,0,1,0,10,41,12,13,1279,-1,12.1,D,D,4.04,1.01,0,51,51.51
8481006,T. Tucker,STL,D,9951,13,1,1,0,8,18,13,26,232,2,12.1,D,D,4.38,0.93,0,52,48.36
8476442,M. Nieto,PIT,L,15327,22,1,3,0,13,12,9,72,3220,5,12.0,W,F,2.82,0.55,1,52,28.6
8480011,K. Kostin,DET,C,11580,22,2,1,0,17,38,3,19,20,2,12.0,C,F,3.73,0.55,0,52,28.6
8479546,O. Steen,BOS,C,8627,16,1,0,0,13,25,12,8,0,1,11.8,C,F,4.92,0.74,0,53,39.22
8481059,S. Perunovich,STL,D,14444,17,0,2,1,16,6,14,2572,9,-7,11.700000000000001,D,D,2.92,0.69,0,52,35.879999999999995
8483495,S. Nemec,NJD,D,10047,8,1,2,1,11,1,12,590,595,-6,11.700000000000001,D,D,4.19,1.46,0,53,77.38
8477380,J. Brodzinski,NYR,C,6810,10,1,5,1,15,1,5,618,8,-3,11.6,C,F,6.13,1.16,0,53,61.48
8475766,A. Watson,TBL,L,6236,16,1,0,0,10,41,9,11,0,-1,11.6,W,F,6.7,0.72,0,50,36.0
8480252,C. Guttman,CHI,C,9223,13,2,1,1,17,3,8,828,169,-9,11.5,C,F,4.49,0.88,0,52,45.76
8476441,J. Edmundson,WSH,D,12894,14,0,1,0,7,13,17,61,1090,-1,11.5,D,D,3.21,0.82,0,54,44.279999999999994
8477851,J. Oesterle,CGY,D,8937,10,0,2,0,8,7,16,0,103,-2,11.5,D,D,4.63,1.15,0,51,58.65
8482192,I. Phillips,CHI,D,14557,14,0,3,0,17,17,10,78,1213,-6,11.4,D,D,2.82,0.81,0,52,42.120000000000005
8477527,R. Johnston,ANA,L,9369,21,0,2,0,14,29,10,91,3,1,11.3,W,F,4.34,0.54,0,52,28.080000000000002
8481533,T. Zegras,ANA,C,12860,12,1,1,1,30,3,9,2136,7,-4,11.3,C,F,3.16,0.94,3,49,46.059999999999995
8471686,M. Staal,PHI,D,10866,13,0,1,0,3,13,17,30,939,0,11.100000000000001,D,D,3.68,0.85,0,52,44.199999999999996
8480078,F. Chytil,NYR,C,9558,10,0,6,1,22,4,4,937,40,0,11.1,C,F,4.18,1.11,0,53,58.830000000000005
8480084,N. DeSimone,CGY,D,8341,11,0,4,0,9,7,11,0,2,0,11.1,D,D,4.79,1.01,0,51,51.51
8481554,K. Kakko,NYR,R,16255,20,2,1,0,23,3,7,1654,0,1,11.1,W,F,2.46,0.55,1,52,28.6
8477473,J. Bailey,SJS,R,7268,10,1,4,1,11,9,5,270,685,3,11.0,W,F,5.45,1.1,0,51,56.1
8476994,V. Hinostroza,PIT,C,7712,13,1,2,0,27,8,7,802,0,-2,11.0,C,F,5.13,0.85,0,53,45.05
8481812,N. Knyzhov,SJS,D,10585,10,0,1,0,6,9,17,400,695,-6,11.0,D,D,3.74,1.1,0,51,56.1
8478078,R. Chartier,OTT,C,16146,25,1,1,0,21,18,8,167,2910,0,10.9,C,F,2.43,0.44,0,56,24.64
8471274,A. Goligoski,MIN,D,9195,11,0,3,0,7,7,13,644,119,-2,10.9,D,D,4.27,0.99,0,54,53.46
8482077,D. Holloway,EDM,L,9566,14,1,0,0,23,26,8,95,378,-3,10.9,W,F,4.1,0.78,3,51,39.78
8482222,A. Barabanov,SJS,L,13819,13,1,4,1,20,4,4,1936,8,-6,10.9,W,F,2.84,0.84,0,51,42.839999999999996
8479383,B. Katchouk,CHI,L,12381,17,2,2,0,23,14,2,68,1703,2,10.700000000000001,W,F,3.11,0.63,0,52,32.76
8477244,C. Ruhwedel,PIT,D,11000,15,0,1,0,9,18,14,0,1948,-3,10.7,D,D,3.5,0.71,0,53,37.629999999999995
8481056,S. Stastney,NSH,D,8650,9,1,0,0,5,1,16,63,869,6,10.600000000000001,D,D,4.41,1.18,0,51,60.18
8480880,J. Lauko,BOS,C,11556,20,0,3,0,13,33,6,82,268,-5,10.6,C,F,3.3,0.53,0,53,28.09
8475791,T. Hall,CHI,L,9798,10,2,2,1,20,6,3,2135,5,-3,10.6,W,F,3.89,1.06,52,0,0.0
8482858,R. Evans,SEA,D,6589,6,0,4,2,11,8,7,354,6,4,10.4,D,D,5.68,1.73,0,50,86.5
8480870,B. Groulx,ANA,C,15526,20,0,1,0,15,33,9,448,2359,-1,10.3,C,F,2.39,0.52,0,52,27.04
8481708,Z. Jones,NYR,D,10546,13,0,3,0,15,2,11,6,70,-7,10.2,D,D,3.48,0.78,0,53,41.34
8481564,R. Johnson,BUF,D,14355,17,0,1,0,12,3,15,40,119,0,10.0,D,D,2.51,0.59,0,50,29.5
8476525,C. Miller,NJD,D,13383,15,0,1,0,21,18,10,189,564,4,9.9,D,D,2.66,0.66,0,53,34.980000000000004
8480070,I. Mitchell,BOS,D,11290,12,0,2,0,11,3,13,27,470,5,9.9,D,D,3.16,0.82,0,53,43.46
8481013,J. Berggren,DET,R,4176,7,2,2,0,8,0,6,134,0,4,9.8,W,F,8.45,1.4,0,52,72.8
8479968,V. Lettieri,MIN,C,8356,13,2,1,0,15,12,4,735,708,-3,9.7,C,F,4.18,0.75,0,54,40.5
8474709,M. Martin,NYI,L,7091,14,1,1,0,11,31,5,10,0,3,9.7,W,F,4.92,0.69,0,52,35.879999999999995
8479315,J. Anderson,CHI,R,10409,13,0,5,0,12,9,5,63,819,5,9.6,W,F,3.32,0.74,0,52,38.48
8478854,R. Shea,PIT,D,16450,22,0,0,0,13,13,14,61,973,-2,9.6,D,D,2.1,0.44,0,53,23.32
8476913,D. Shore,SEA,C,7435,15,1,3,0,10,13,4,18,0,3,9.3,C,F,4.5,0.62,0,50,31.0
8481806,L. Crevier,CHI,D,6677,7,0,2,0,4,4,13,25,488,-5,9.3,D,D,5.01,1.33,0,52,69.16
8480848,T. Dellandrea,DAL,C,11711,16,1,1,0,14,24,5,13,2101,-7,9.3,C,F,2.86,0.58,0,53,30.74
8477015,C. Brown,EDM,R,19326,22,0,1,0,32,11,8,739,2054,-10,9.3,W,F,1.73,0.42,0,54,22.68
8476934,B. McGinn,ANA,L,8383,13,1,1,0,12,11,8,52,831,0,9.3,W,F,3.99,0.72,0,52,37.44
8482652,W. Duehr,CGY,R,7365,15,1,3,0,9,21,2,104,7,1,9.0,W,F,4.4,0.6,0,51,30.599999999999998
8480823,A. Alexeyev,WSH,D,7014,10,1,0,0,6,5,11,6,308,-1,8.6,D,D,4.41,0.86,0,54,46.44
8481567,H. Thrun,SJS,D,6242,6,0,2,1,8,1,10,265,383,-2,8.4,D,D,4.84,1.4,0,51,71.39999999999999
8471817,R. Reaves,TOR,R,9241,21,1,0,0,10,44,2,32,15,-11,8.4,W,F,3.27,0.4,9,45,18.0
8476960,A. Athanasiou,CHI,C,8417,11,0,4,1,20,3,3,925,0,-5,8.3,C,F,3.55,0.75,3,49,36.75
8482470,I. Solovyov,CGY,D,5391,6,0,2,1,5,6,9,14,303,-3,8.1,D,D,5.41,1.35,0,51,68.85000000000001
8483482,T. Luneau,ANA,D,7506,7,1,2,0,11,5,4,60,4,1,7.6,D,D,3.65,1.09,0,52,56.68000000000001
8482148,H. Lapierre,WSH,C,6669,11,1,2,0,9,2,5,347,0,-2,7.6,C,F,4.1,0.69,0,54,37.26
8481743,M. Del Gaizo,NSH,D,4910,5,0,3,0,3,8,7,58,414,2,7.6,D,D,5.57,1.52,0,51,77.52
8482259,B. McMann,TOR,C,3786,7,1,3,0,16,8,0,101,43,-1,7.3999999999999995,C,F,7.04,1.06,0,54,57.24
8474141,P. Kane,DET,R,6986,6,1,1,2,20,1,2,1431,19,-7,7.1,W,F,3.66,1.18,0,52,61.36
8482133,T. Bordeleau,SJS,C,4722,6,1,1,1,7,3,5,748,0,-5,7.0,C,F,5.34,1.17,0,51,59.669999999999995
8477073,K. MacDermid,COL,D,2595,9,2,0,0,6,15,1,11,0,2,6.6000000000000005,D,D,9.16,0.73,0,51,37.23
8477444,A. Burakovsky,SEA,L,6131,7,0,3,1,15,1,3,810,0,-2,6.6,W,F,3.88,0.94,3,47,44.18
8477454,A. Erne,EDM,L,5816,12,0,1,0,8,29,3,55,271,2,6.2,W,F,3.84,0.52,0,54,28.080000000000002
8480853,L. Foudy,NSH,C,7782,13,0,3,0,7,5,4,55,20,-2,6.2,C,F,2.87,0.48,0,51,24.48
8482496,N. Aman,VAN,C,6308,10,0,2,0,2,4,7,35,1188,3,6.1000000000000005,C,F,3.48,0.61,0,50,30.5
8482094,D. Hunt,MIN,D,3464,6,0,0,0,4,2,11,0,240,-1,6.1,D,D,6.34,1.02,0,54,55.08
8482679,M. Coronato,CGY,R,9146,11,1,1,1,24,1,0,1946,0,-9,6.0,W,F,2.36,0.55,0,51,28.05
8480845,R. Kupari,WPG,C,8124,15,0,1,0,22,8,4,527,1116,-3,6.0,C,F,2.66,0.4,3,50,20.0
8477962,B. Lemieux,CAR,L,4730,11,2,0,0,8,12,0,5,0,-1,6.0,W,F,4.57,0.55,0,51,28.05
8479996,C. Glass,NSH,C,10585,13,0,1,0,22,11,3,2266,48,-6,5.8,C,F,1.97,0.45,0,51,22.95
8477938,H. Fleury,TBL,D,4441,6,0,2,0,4,4,6,1,173,1,5.8,D,D,4.7,0.97,0,50,48.5
8478424,J. Harkins,PIT,C,6915,14,0,0,0,9,23,5,339,66,-3,5.7,C,F,2.97,0.41,0,53,21.73
8479378,L. Stanley,WPG,D,5175,7,0,0,0,5,7,9,0,278,1,5.7,D,D,3.97,0.81,0,53,42.93
8477810,J. Hanley,DAL,D,6872,9,0,1,0,4,8,7,20,74,-1,5.7,D,D,2.99,0.63,0,53,33.39
8483565,N. Blankenburg,CBJ,D,5313,5,0,0,0,3,9,9,2,118,-2,5.7,D,D,3.86,1.14,0,50,56.99999999999999
8478450,P. Wotherspoon,BOS,D,4794,5,0,1,0,4,6,7,12,660,0,5.5,D,D,4.13,1.1,0,53,58.300000000000004
8474145,R. Bortuzzo,NYI,D,6860,9,0,0,0,1,8,9,20,687,0,5.4,D,D,2.83,0.6,0,52,31.2
8479362,R. Tufte,COL,L,3336,5,1,1,0,7,7,2,104,0,-2,5.4,W,F,5.83,1.08,0,51,55.080000000000005
8482061,B. Biro,BUF,L,3253,5,2,0,0,2,0,2,0,156,0,5.2,W,F,5.75,1.04,0,50,52.0
8479321,L. Johansen,WSH,D,5136,6,0,1,0,4,1,7,14,134,1,5.0,D,D,3.5,0.83,0,54,44.82
8481703,V. Puustinen,PIT,R,3508,4,0,2,1,10,5,2,645,0,0,5.0,W,F,5.13,1.25,0,53,66.25
8482162,R. Jarventie,OTT,L,3159,7,0,1,0,5,4,6,0,0,-5,4.9,W,F,5.58,0.7,0,56,39.199999999999996
8473563,N. Backstrom,WSH,C,6988,8,0,1,0,12,2,5,1042,31,-3,4.9,C,F,2.52,0.61,54,0,0.0
8480007,J. Rondbjerg,VGK,R,3938,6,1,2,0,9,0,0,0,431,3,4.9,W,F,4.48,0.82,0,50,41.0
8484325,W. Merela,TBL,C,8888,14,0,0,0,16,18,3,11,934,-1,4.9,C,F,1.98,0.35,0,50,17.5
8480021,J. Studnicka,SJS,C,3795,6,1,0,0,4,9,3,109,236,1,4.800000000000001,C,F,4.55,0.8,0,51,40.800000000000004
8478512,A. Czarnik,DET,C,7700,15,0,1,0,12,1,5,142,248,-2,4.8,C,F,2.24,0.32,0,52,16.64
8481239,S. Fagemo,NSH,L,2357,4,1,0,1,7,1,3,456,0,0,4.8,W,F,7.33,1.2,0,51,61.199999999999996
8479536,A. Jonsson-Fjallby,WPG,L,5189,11,0,1,0,8,15,3,0,279,0,4.8,W,F,3.33,0.44,0,53,23.32
8479522,H. Haman Aktell,WSH,D,3827,6,0,1,0,5,8,5,0,25,-2,4.8,D,D,4.52,0.8,0,54,43.2
8481043,C. Koepke,TBL,L,3260,8,0,2,0,7,16,1,3,0,0,4.8,W,F,5.3,0.6,0,50,30.0
8479994,J. Anderson-Dolan,LAK,C,5593,9,0,2,0,4,6,3,18,145,0,4.5,C,F,2.9,0.5,0,55,27.5
8479981,J. Gadjovich,FLA,L,3620,9,0,1,0,10,10,3,86,0,-2,4.5,W,F,4.48,0.5,0,52,26.0
8477887,P. Brown,BOS,C,4648,9,0,1,0,5,15,3,0,474,0,4.5,C,F,3.49,0.5,0,53,26.5
8483597,M. Kelemen,ARI,L,4609,10,0,1,0,5,14,3,0,0,-2,4.4,W,F,3.44,0.44,0,52,22.88
8480355,M. Kastelic,OTT,C,5063,12,0,0,0,11,12,4,97,35,-2,4.3,C,F,3.06,0.36,0,56,20.16
8481598,P. Broberg,EDM,D,6316,10,0,0,0,4,3,7,133,692,-2,4.2,D,D,2.39,0.42,0,54,22.68
8479772,Z. MacEwen,OTT,R,3720,12,0,1,0,8,18,1,32,0,-2,4.1000000000000005,W,F,3.97,0.34,0,56,19.040000000000003
8480995,P. Holmberg,TOR,R,4270,8,0,1,0,6,4,4,138,77,-1,4.0,W,F,3.37,0.5,0,54,27.0
8473473,M. Lucic,BOS,L,2873,4,0,2,0,1,8,2,106,0,-1,3.9000000000000004,W,F,4.89,0.98,14,39,38.22
8481543,N. Alexandrov,STL,C,4475,10,0,0,0,3,16,4,3,0,-2,3.9,C,F,3.14,0.39,0,52,20.28
8480058,P. Joseph,PIT,D,6225,8,0,1,0,9,5,3,166,275,-3,3.9,D,D,2.26,0.49,0,53,25.97
8482101,D. Gushchin,SJS,L,1794,2,0,1,0,3,0,5,48,0,0,3.8000000000000003,W,F,7.63,1.9,0,51,96.89999999999999
8482095,T. Kleven,OTT,D,3306,5,0,1,0,2,2,4,70,215,1,3.4000000000000004,D,D,3.7,0.68,0,56,38.080000000000005
8480216,J. Peterson,SJS,C,4770,6,0,0,0,3,5,5,173,492,-3,3.3000000000000003,C,F,2.49,0.55,0,51,28.05
8478051,M. Willman,NJD,C,2732,4,1,0,0,5,3,1,0,2,0,3.3000000000000003,C,F,4.35,0.82,0,53,43.46
8478146,M. Highmore,OTT,C,2872,6,0,1,0,1,2,4,7,487,-1,3.3000000000000003,C,F,4.14,0.55,0,56,30.800000000000004
8482126,E. Andrae,PHI,D,3120,4,0,0,0,0,2,6,15,0,-1,3.2,D,D,3.69,0.8,0,52,41.6
8480196,J. Bryson,BUF,D,1698,3,0,0,0,0,2,6,0,0,-1,3.2,D,D,6.78,1.07,0,50,53.5
8476873,M. Jankowski,NSH,C,1552,2,1,0,0,5,1,1,0,41,1,3.1,C,F,7.19,1.55,0,51,79.05
8482142,J. Drysdale,ANA,D,2700,2,0,2,0,3,3,1,279,356,2,3.0999999999999996,D,D,4.13,1.55,3,49,75.95
8483570,B. Meyers,COL,C,1769,3,1,0,0,3,6,0,0,0,0,2.9,C,F,5.9,0.97,0,51,49.47
8479320,M. Lajoie,TOR,D,2286,4,0,0,0,0,3,5,0,101,0,2.8,D,D,4.41,0.7,0,54,37.8
8484254,A. Hirose,VAN,D,2179,3,0,0,0,0,3,5,147,46,1,2.8,D,D,4.63,0.93,0,50,46.5
8479423,A. Nylander,PIT,L,4162,5,0,0,0,10,2,3,681,0,0,2.7,W,F,2.34,0.54,0,53,28.62
8477482,Z. Sanford,ARI,L,1851,4,0,1,0,0,2,3,0,0,1,2.7,W,F,5.25,0.68,0,52,35.36
8481523,K. Dach,MTL,C,1562,2,0,2,0,3,3,0,411,15,2,2.6,C,F,5.99,1.3,52,0,0.0
8479367,W. Lockwood,FLA,R,3804,8,0,0,0,9,12,1,0,65,0,2.6,W,F,2.46,0.32,0,52,16.64
8481726,A. Edstrom,NYR,C,579,1,1,0,0,3,2,0,0,0,1,2.5,C,F,15.54,2.5,0,53,132.5
8477931,T. Nosek,NJD,L,3370,6,0,0,0,4,4,3,31,770,-2,2.3000000000000003,W,F,2.46,0.38,5,48,18.240000000000002
8480836,J. Gruden,PIT,C,1763,4,0,0,0,0,12,2,0,436,-2,2.2,C,F,4.49,0.55,0,53,29.150000000000002
8480990,D. Chisholm,WPG,D,1386,2,0,1,0,0,0,2,113,0,1,2.0,D,D,5.19,1.0,0,53,53.0
8481534,R. Lavoie,EDM,C,2734,6,0,0,0,3,10,1,0,0,-2,1.8000000000000003,C,F,2.37,0.3,0,54,16.2
8484314,J. Smejkal,OTT,L,1604,3,0,0,0,0,3,3,273,0,0,1.8,W,F,4.04,0.6,0,56,33.6
8482765,I. Rosen,BUF,R,3606,7,0,0,0,8,0,2,5,0,-3,1.7999999999999998,W,F,1.8,0.26,0,50,13.0
8483524,S. Wright,SEA,C,1763,3,0,0,0,1,1,3,203,0,-1,1.7000000000000002,C,F,3.47,0.57,0,50,28.499999999999996
8482088,J. Sourdif,FLA,R,1591,3,0,0,0,2,5,2,0,0,0,1.7,W,F,3.85,0.57,0,52,29.639999999999997
8481751,L. Rousek,BUF,R,3368,5,0,0,0,1,1,3,46,1,-2,1.7,W,F,1.82,0.34,0,50,17.0
8481024,L. Karlsson,VAN,C,1878,3,0,0,0,4,3,2,251,0,1,1.7,C,F,3.26,0.57,0,50,28.499999999999996
8482713,M. Samoskevich,FLA,R,2262,3,0,0,0,5,1,2,271,0,-2,1.6,W,F,2.55,0.53,0,52,27.560000000000002
8483619,F. Roos,CHI,D,2515,3,0,0,0,1,4,2,42,3,-4,1.5,D,D,2.15,0.5,0,52,26.0
8484321,N. Matinpalo,OTT,D,1681,4,0,0,0,2,2,2,6,35,1,1.4000000000000001,D,D,3.0,0.35,0,56,19.599999999999998
8478211,D. Hunt,CGY,L,3059,4,0,0,0,10,4,0,269,0,-3,1.4000000000000001,W,F,1.65,0.35,0,51,17.849999999999998
8479026,P. Myers,TBL,D,932,1,0,0,0,2,2,2,0,0,-1,1.4,D,D,5.41,1.4,0,50,70.0
8482712,O. Olausson,COL,R,710,1,0,0,0,2,1,2,0,0,0,1.3,W,F,6.59,1.3,0,51,66.3
8479421,J. Moverare,LAK,D,1741,2,0,0,0,2,1,2,0,135,-1,1.2999999999999998,D,D,2.69,0.65,0,55,35.75
8476919,C. Tierney,NJD,C,6242,13,0,0,0,1,5,1,16,345,-4,1.1,C,F,0.63,0.08,0,53,4.24
8483489,F. Minten,TOR,C,2744,4,0,0,0,3,3,1,12,97,0,1.1,C,F,1.44,0.28,0,54,15.120000000000001
8481070,H. McGing,STL,L,1751,4,0,0,0,4,5,0,4,2,-5,0.9000000000000001,W,F,1.85,0.23,0,52,11.96
8480306,G. Hutton,NYI,D,1052,2,0,0,0,0,4,1,0,17,1,0.8999999999999999,D,D,3.08,0.45,0,52,23.400000000000002
8479533,J. Koppanen,PIT,L,1336,3,0,0,0,2,1,1,13,180,0,0.7999999999999999,W,F,2.16,0.27,0,53,14.31
8478477,M. Stephens,MTL,C,3702,7,0,0,0,7,0,0,7,308,2,0.7000000000000001,C,F,0.68,0.1,0,52,5.2
8482070,M. Chaffee,TBL,R,416,1,0,0,0,0,2,1,0,0,-1,0.7,W,F,6.06,0.7,0,50,35.0
8480890,J. Jenik,ARI,R,501,1,0,0,0,1,1,1,0,0,-1,0.7,W,F,5.03,0.7,0,52,36.4
8482751,R. Winterton,SEA,C,1476,3,0,0,0,1,1,1,0,0,-1,0.7,C,F,1.71,0.23,0,50,11.5
8476907,M. MacEachern,STL,L,1005,2,0,0,0,0,6,0,4,0,-1,0.6000000000000001,W,F,2.15,0.3,0,52,15.6
8478067,O. Lindblom,SJS,L,716,1,0,0,0,0,1,1,0,0,-1,0.6,W,F,3.02,0.6,0,51,30.599999999999998
8480441,T. Fix-Wolansky,CBJ,R,752,1,0,0,0,0,1,1,96,0,0,0.6,W,F,2.87,0.6,0,50,30.0
8476915,J. Khaira,MIN,L,485,1,0,0,0,1,0,1,0,52,0,0.6,W,F,4.45,0.6,0,54,32.4
8479419,B. Murray,BUF,L,956,2,0,0,0,1,4,0,6,0,-1,0.5,W,F,1.88,0.25,0,50,12.5
8480226,M. Studenic,SEA,R,973,2,0,0,0,1,4,0,8,0,-1,0.5,W,F,1.85,0.25,0,50,12.5
8481600,T. Bjornfot,LAK,D,612,1,0,0,0,0,0,1,0,0,0,0.5,D,D,2.94,0.5,0,55,27.5
8479376,V. Mete,PHI,D,652,1,0,0,0,0,0,1,0,0,0,0.5,D,D,2.76,0.5,0,52,26.0
8477464,N. Petan,MIN,C,514,1,0,0,0,2,2,0,163,0,0,0.4,C,F,2.8,0.4,0,54,21.6
8478956,S. Laberge,NJD,L,371,2,0,0,0,0,3,0,7,0,0,0.30000000000000004,W,F,2.91,0.15,0,53,7.949999999999999
8480267,S. Walker,MIN,C,1210,2,0,0,0,1,2,0,9,0,-2,0.30000000000000004,C,F,0.89,0.15,0,54,8.1
8481065,A. Crookshank,OTT,L,611,1,0,0,0,0,3,0,7,0,0,0.30000000000000004,W,F,1.77,0.3,0,56,16.8
8479944,Z. Aston-Reese,DET,C,381,1,0,0,0,0,2,0,0,0,0,0.2,C,F,1.89,0.2,0,52,10.4
8481609,V. Kolyachonok,ARI,D,369,1,0,0,0,1,1,0,0,0,0,0.2,D,D,1.95,0.2,0,52,10.4
8475795,D. McIlrath,WSH,D,382,1,0,0,0,1,1,0,0,0,0,0.2,D,D,1.88,0.2,0,54,10.8
8483401,M. Johnstone,PIT,R,439,1,0,0,0,0,2,0,0,70,-1,0.2,W,F,1.64,0.2,0,53,10.600000000000001
8482250,C. Burke,CAR,C,426,1,0,0,0,0,1,0,0,0,0,0.1,C,F,0.85,0.1,0,51,5.1000000000000005
8481441,J. Snively,WSH,C,1502,3,0,0,0,0,1,0,17,13,-1,0.1,C,F,0.24,0.03,0,54,1.6199999999999999
8480003,J. Boqvist,BOS,C,649,2,0,0,0,0,1,0,0,0,-1,0.1,C,F,0.55,0.05,0,53,2.6500000000000004
8484259,O. Pavel,COL,C,419,1,0,0,0,1,0,0,0,0,-1,0.1,C,F,0.86,0.1,0,51,5.1000000000000005
8484287,C. McWard,VAN,D,545,1,0,0,0,1,0,0,0,0,0,0.1,D,D,0.66,0.1,0,50,5.0
8483468,J. Kulich,BUF,C,893,1,0,0,0,1,0,0,0,0,-1,0.1,C,F,0.4,0.1,0,50,5.0
8474062,R. Nash,NYR,C,665,1,0,0,0,1,0,0,0,0,0,0.1,C,F,0.54,0.1,0,53,5.300000000000001
8476323,M. McCormick,SEA,L,338,1,0,0,0,0,0,0,0,0,0,0.0,W,F,0.0,0.0,0,50,0.0
8479249,A. Poturalski,SEA,C,825,2,0,0,0,0,0,0,55,0,-1,0.0,C,F,0.0,0.0,0,50,0.0
8480245,O. Lycksell,PHI,R,371,1,0,0,0,0,0,0,0,0,0,0.0,W,F,0.0,0.0,0,52,0.0
8483512,M. Savoie,BUF,C,235,1,0,0,0,0,0,0,0,0,0,0.0,C,F,0.0,0.0,0,50,0.0
